_id;Caráter PBOM;Serviço PBOM;UF PBOM;Município PBOM;Município-UF;Frequência PBOM;Medida da Freq. PBOM;Classe PBOM;Latitude Decimal PBOM;Longitude Decimal PBOM;Latitude GMS PBOM;Longitude GMS PBOM;Latitude Decimal;Longitude Decimal;ERP PBOM;Altura da Torre PBOM;Categoria da Estação PBOM
57dbac5959d05;Primário;OM;AC;Brasiléia;Brasiléia - AC;1170;KHz;C;-11.016666666667;-68.733333333333;11S01 00;68W43 60;-11.016666666667;-68.733333333333;;58;
57dbac595d366;Primário;OM;AC;Cruzeiro do Sul;Cruzeiro do Sul - AC;720;KHz;B;-7.6333333333333;-72.666666666667;7S37 60;72W40 00;-7.6333333333333;-72.666666666667;;99;
57dbac59611fd;Primário;OM;AC;Cruzeiro do Sul;Cruzeiro do Sul - AC;940;KHz;C;-7.646111111111;-72.693055555556;7S38 46;72W41 35;-7.646111111111;-72.693055555556;;73;
57dbac5965321;Primário;OM;AC;Feijó;Feijó - AC;630;KHz;B;-8.1666666666667;-70.35;8S10 00;70W20 60;-8.1666666666667;-70.35;;116;
57dbac59680ac;Primário;OM;AC;Feijó;Feijó - AC;1170;KHz;C;-8.1666666666667;-70.35;8S10 00;70W20 60;-8.1666666666667;-70.35;;58;
57dbac596bad4;Primário;OM;AC;Plácido de Castro;Plácido de Castro - AC;700;KHz;C;-10.3325;-67.185277777778;10S19 57;67W11 07;-10.3325;-67.185277777778;;55;
57dbac596e31c;Primário;OM;AC;Rio Branco;Rio Branco - AC;740;KHz;B;-9.9;-67.766666666667;9S54 00;67W46 00;-9.9;-67.766666666667;;108;
57dbac59723f0;Primário;OM;AC;Rio Branco;Rio Branco - AC;800;KHz;B;-9.9666666666667;-67.816666666667;9S58 00;67W49 00;-9.9666666666667;-67.816666666667;;105;
57dbac597520b;Primário;OM;AC;Rio Branco;Rio Branco - AC;1350;KHz;B;-9.94681;-67.89047;9S56 49;67W53 26;-9.94681;-67.89047;;67;Principal
57dbac597961a;Primário;OM;AC;Rio Branco;Rio Branco - AC;1400;KHz;B;-10.013888888889;-67.833333333333;10S00 50;67W49 60;-10.013888888889;-67.833333333333;;60;
57dbac597d73c;Primário;OM;AC;Sena Madureira;Sena Madureira - AC;670;KHz;C;-9.0580555555555;-68.664444444444;9S03 29;68W39 52;-9.0580555555555;-68.664444444444;;80;Principal
57dbac5981635;Primário;OM;AC;Tarauacá;Tarauacá - AC;820;KHz;C;-8.1533333333333;-70.776111111111;8S09 12;70W46 34;-8.1533333333333;-70.776111111111;;73;Principal
57dbac5985066;Primário;OM;AC;Xapuri;Xapuri - AC;820;KHz;C;-10.65;-68.5;10S39 00;68W30 00;-10.65;-68.5;;73;
57dbac59879a4;Primário;OM;AL;Arapiraca;Arapiraca - AL;570;KHz;B;-9.7627777777777;-36.644444444444;9S45 46;36W38 40;-9.7627777777777;-36.644444444444;;105;
57dbac598b87e;Primário;OM;AL;Arapiraca;Arapiraca - AL;1150;KHz;B;-9.7558333333333;-36.6725;9S45 21;36W40 21;-9.7558333333333;-36.6725;;91;
57dbac598f79d;Primário;OM;AL;Delmiro Gouveia;Delmiro Gouveia - AL;760;KHz;C;-9.3752777777777;-38.028055555555;9S22 31;38W01 41;-9.3752777777777;-38.028055555555;;76;
57dbac5993526;Primário;OM;AL;Maceió;Maceió - AL;710;KHz;C;-9.5166666666667;-35.733333333333;9S31 00;35W43 60;-9.5166666666667;-35.733333333333;;30;
57dbac59972d7;Primário;OM;AL;Maceió;Maceió - AL;800;KHz;B;-9.4908333333333;-35.606388888889;9S29 27;35W36 23;-9.4908333333333;-35.606388888889;;105;
57dbac599b2f5;Primário;OM;AL;Maceió;Maceió - AL;960;KHz;B;-9.6833333333333;-35.733333333333;9S40 60;35W43 60;-9.6833333333333;-35.733333333333;;73;
57dbac599f2a3;Primário;OM;AL;Maceió;Maceió - AL;1260;KHz;B;-9.6175;-35.760833333333;9S37 03;35W45 39;-9.6175;-35.760833333333;;63;
57dbac59a31cc;Primário;OM;AL;Maceió;Maceió - AL;1320;KHz;B;-9.6602527777777;-35.757444444444;9S39 37;35W45 27;-9.6602527777777;-35.757444444444;;54;
57dbac59a80c1;Primário;OM;AL;Marechal Deodoro;Marechal Deodoro - AL;610;KHz;B;-9.736111111111;-35.904166666667;9S44 10;35W54 15;-9.736111111111;-35.904166666667;;113;
57dbac59ac49d;Primário;OM;AL;Palmeira dos Índios;Palmeira dos Índios - AL;870;KHz;B;-9.4072222222222;-36.626388888889;9S24 26;36W37 35;-9.4072222222222;-36.626388888889;;75;
57dbac59b0dc1;Primário;OM;AL;Palmeira dos Índios;Palmeira dos Índios - AL;1420;KHz;C;-9.4;-36,63333;9S24 00;36W37 60;-9.4;-36,63333;;79;Principal
57dbac59b3982;Primário;OM;AL;Pão de Açúcar;Pão de Açúcar - AL;1090;KHz;B;-9.7516666666667;-37.438333333333;9S45 06;37W26 18;-9.7516666666667;-37.438333333333;;95;
57dbac59b7697;Primário;OM;AL;Penedo;Penedo - AL;1490;KHz;B;-10.283333333333;-36.583333333333;10S16 60;36W34 60;-10.283333333333;-36.583333333333;;48;
57dbac59bba76;Primário;OM;AL;Pilar;Pilar - AL;1200;KHz;B;-9.7591666666667;-35.85;9S45 33;35W51 00;-9.7591666666667;-35.85;;63;
57dbac59bf98f;Primário;OM;AL;Rio Largo;Rio Largo - AL;1020;KHz;B;-9.4833333333333;-35.85;9S28 60;35W51 00;-9.4833333333333;-35.85;;91;
57dbac59c414d;Primário;OM;AL;Santana do Ipanema;Santana do Ipanema - AL;1180;KHz;C;-9.3666666666667;-37.25;9S22 00;37W15 00;-9.3666666666667;-37.25;;57;
57dbac59c7d73;Primário;OM;AL;União dos Palmares;União dos Palmares - AL;840;KHz;B;-9.1616666666667;-36.042777777778;9S09 42;36W02 34;-9.1616666666667;-36.042777777778;;71;
57dbac59cb94e;Primário;OM;AL;Viçosa;Viçosa - AL;1560;KHz;C;-9.373611111111;-36.230277777778;9S22 25;36W13 49;-9.373611111111;-36.230277777778;;55;
57dbac59cf6d5;Primário;OM;AM;Anori;Anori - AM;1170;KHz;C;-3.7833333333333;-61.65;3S46 60;61W38 60;-3.7833333333333;-61.65;;58;
57dbac59d2c40;Primário;OM;AM;Atalaia do Norte;Atalaia do Norte - AM;1030;KHz;C;-4.3333333333333;-70.15;4S19 60;70W09 00;-4.3333333333333;-70.15;;63;
57dbac59d4ddd;Primário;OM;AM;Autazes;Autazes - AM;840;KHz;C;-3.5833333333333;-59.133333333333;3S34 60;59W07 60;-3.5833333333333;-59.133333333333;;73;
57dbac59d6f72;Primário;OM;AM;Barcelos;Barcelos - AM;620;KHz;B;-0.98333333333333;-62.95;0S58 60;62W57 00;-0.98333333333333;-62.95;;119;
57dbac59d913e;Primário;OM;AM;Barcelos;Barcelos - AM;1220;KHz;C;-0.98333333333333;-62.95;0S58 60;62W57 00;-0.98333333333333;-62.95;;57;
57dbac59db309;Primário;OM;AM;Benjamin Constant;Benjamin Constant - AM;1430;KHz;C;-4.3666666666667;-70.033333333333;4S22 00;70W01 60;-4.3666666666667;-70.033333333333;;76;
57dbac59dd4a2;Primário;OM;AM;Benjamin Constant;Benjamin Constant - AM;1490;KHz;C;-4.3666666666667;-70.033333333333;4S22 00;70W01 60;-4.3666666666667;-70.033333333333;;55;
57dbac59dfbc0;Primário;OM;AM;Boca do Acre;Boca do Acre - AM;1160;KHz;C;-8.77744;-67.3355;8S46 39;67W20 08;-8.77744;-67.3355;;58;Principal
57dbac59e37bc;Primário;OM;AM;Borba;Borba - AM;1160;KHz;C;-4.4;-59.6;4S24 00;59W36 00;-4.4;-59.6;;58;
57dbac59e6f5c;Primário;OM;AM;Carauari;Carauari - AM;690;KHz;B;-4.8833333333333;-66.9;4S52 60;66W54 00;-4.8833333333333;-66.9;;111;
57dbac59e9640;Primário;OM;AM;Carauari;Carauari - AM;1170;KHz;C;-4.8833333333333;-66.9;4S52 60;66W54 00;-4.8833333333333;-66.9;;58;
57dbac59eccca;Primário;OM;AM;Careiro;Careiro - AM;750;KHz;C;-3.7680555555555;-60.369166666667;3S46 05;60W22 09;-3.7680555555555;-60.369166666667;;76;
57dbac59eee1e;Primário;OM;AM;Coari;Coari - AM;560;KHz;B;-4.0833333333333;-63.133333333333;4S04 60;63W07 60;-4.0833333333333;-63.133333333333;;125;
57dbac59f0fb7;Primário;OM;AM;Coari;Coari - AM;1250;KHz;C;-4.0833333333333;-63.133333333333;4S04 60;63W07 60;-4.0833333333333;-63.133333333333;;57;
57dbac59f317a;Primário;OM;AM;Codajás;Codajás - AM;670;KHz;C;-3.85;-62.066666666667;3S51 00;62W04 00;-3.85;-62.066666666667;;80;
57dbac5a01104;Primário;OM;AM;Eirunepé;Eirunepé - AM;780;KHz;B;-6.6666666666667;-69.866666666667;6S40 00;69W52 00;-6.6666666666667;-69.866666666667;;105;
57dbac5a0334f;Primário;OM;AM;Eirunepé;Eirunepé - AM;1000;KHz;C;-6.6666666666667;-69.866666666667;6S40 00;69W52 00;-6.6666666666667;-69.866666666667;;63;
57dbac5a05539;Primário;OM;AM;Envira;Envira - AM;550;KHz;C;-7.3166666666667;-70.233333333333;7S19 00;70W13 60;-7.3166666666667;-70.233333333333;;88;
57dbac5a07723;Primário;OM;AM;Fonte Boa;Fonte Boa - AM;840;KHz;C;-2.5333333333333;-66.033333333333;2S31 60;66W01 60;-2.5333333333333;-66.033333333333;;73;
57dbac5a09d95;Primário;OM;AM;Humaitá;Humaitá - AM;670;KHz;C;-7.51667;-63.03333;7S31 00;63W01 60;-7.51667;-63.03333;;80;Principal
57dbac5a0d433;Primário;OM;AM;Humaitá;Humaitá - AM;720;KHz;C;-7.5166666666667;-63.033333333333;7S31 00;63W01 60;-7.5166666666667;-63.033333333333;;76;
57dbac5a0f602;Primário;OM;AM;Ipixuna;Ipixuna - AM;1160;KHz;C;-7.05;-71.733333333333;7S02 60;71W43 60;-7.05;-71.733333333333;;58;
57dbac5a11d05;Primário;OM;AM;Iranduba;Iranduba - AM;610;KHz;B;-3.17;-60.0875;3S10 12;60W05 15;-3.17;-60.0875;;119;
57dbac5a15a81;Primário;OM;AM;Itacoatiara;Itacoatiara - AM;720;KHz;C;-3.15;-58.45;3S08 60;58W27 00;-3.15;-58.45;;90;
57dbac5a19244;Primário;OM;AM;Japurá;Japurá - AM;1470;KHz;C;-1.8166666666667;-66.566666666667;1S49 00;66W34 00;-1.8166666666667;-66.566666666667;;55;
57dbac5a1b3b4;Primário;OM;AM;Juruá;Juruá - AM;1460;KHz;C;-3.3833333333333;-66.016666666667;3S22 60;66W01 00;-3.3833333333333;-66.016666666667;;55;
57dbac5a1d5df;Primário;OM;AM;Lábrea;Lábrea - AM;620;KHz;C;-7.2666666666667;-64.8;7S16 00;64W47 60;-7.2666666666667;-64.8;;85;
57dbac5a1f7ab;Primário;OM;AM;Lábrea;Lábrea - AM;680;KHz;B;-7.2666666666667;-64.8;7S16 00;64W47 60;-7.2666666666667;-64.8;;115;
57dbac5a21efa;Primário;OM;AM;Manacapuru;Manacapuru - AM;820;KHz;C;-3.2;-60.4;3S12 00;60W23 60;-3.2;-60.4;;93;
57dbac5a25d07;Primário;OM;AM;Manacapuru;Manacapuru - AM;870;KHz;C;-3.2033333333333;-60.401388888889;3S12 12;60W24 05;-3.2033333333333;-60.401388888889;;72;
57dbac5a29cfb;Primário;OM;AM;Manaus;Manaus - AM;540;KHz;C;-3.1;-60.033333333333;3S06 00;60W01 60;-3.1;-60.033333333333;;125;
57dbac5a2d7cd;Primário;OM;AM;Manaus;Manaus - AM;800;KHz;B;-3.1;-60.033333333333;3S06 00;60W01 60;-3.1;-60.033333333333;;105;
57dbac5a301ef;Primário;OM;AM;Manaus;Manaus - AM;930;KHz;C;-3.1;-60.033333333333;3S06 00;60W01 60;-3.1;-60.033333333333;;90;
57dbac5a33b09;Primário;OM;AM;Manaus;Manaus - AM;980;KHz;B;-3.1;-60.033333333333;3S06 00;60W01 60;-3.1;-60.033333333333;;94;
57dbac5a35f7f;Primário;OM;AM;Manaus;Manaus - AM;1110;KHz;B;-3.1;-60.033333333333;3S06 00;60W01 60;-3.1;-60.033333333333;;86;
57dbac5a3deaf;Primário;OM;AM;Manaus;Manaus - AM;1290;KHz;B;-3.1;-60.033333333333;3S06 00;60W01 60;-3.1;-60.033333333333;;62;
57dbac5a46725;Primário;OM;AM;Manicoré;Manicoré - AM;730;KHz;B;-5.8333333333333;-61.283333333333;5S49 60;61W16 60;-5.8333333333333;-61.283333333333;;108;
57dbac5a48f61;Primário;OM;AM;Manicoré;Manicoré - AM;840;KHz;C;-5.8333333333333;-61.283333333333;5S49 60;61W16 60;-5.8333333333333;-61.283333333333;;73;
57dbac5a4c7d4;Primário;OM;AM;Maraã;Maraã - AM;1490;KHz;C;-1.8333333333333;-65.366666666667;1S49 60;65W22 00;-1.8333333333333;-65.366666666667;;55;
57dbac5a4f1e6;Primário;OM;AM;Maués;Maués - AM;990;KHz;C;-3.3875;-57.711944444444;3S23 15;57W42 43;-3.3875;-57.711944444444;;63;
57dbac5a53038;Primário;OM;AM;Maués;Maués - AM;1170;KHz;B;-3.383611111111;-57.718611111111;3S23 01;57W43 07;-3.383611111111;-57.718611111111;;86;
57dbac5a5696c;Primário;OM;AM;Nhamundá;Nhamundá - AM;840;KHz;C;-2.2333333333333;-56.733333333333;2S13 60;56W43 60;-2.2333333333333;-56.733333333333;;73;
57dbac5a58db8;Primário;OM;AM;Novo Airão;Novo Airão - AM;1470;KHz;C;-2.636389;-60.943333;2S38 11;60W56 36;-2.636389;-60.943333;;55;
57dbac5a5b1dd;Primário;OM;AM;Novo Aripuanã;Novo Aripuanã - AM;1280;KHz;C;-5.1;-60.383333333333;5S05 60;60W22 60;-5.1;-60.383333333333;;57;
57dbac5a5db3b;Primário;OM;AM;Parintins;Parintins - AM;570;KHz;C;-2.6333333333333;-56.733333333333;2S37 60;56W43 60;-2.6333333333333;-56.733333333333;;123;
57dbac5a613c9;Primário;OM;AM;Parintins;Parintins - AM;740;KHz;C;-2.6283333333333;-56.735833333333;2S37 42;56W44 09;-2.6283333333333;-56.735833333333;;99;
57dbac5a63cf1;Primário;OM;AM;Parintins;Parintins - AM;1380;KHz;C;-2.6166666666667;-56.75;2S37 00;56W45 00;-2.6166666666667;-56.75;;62;Principal
57dbac5a68506;Primário;OM;AM;Parintins;Parintins - AM;1460;KHz;B;-2.4527777777777;-56.730555555556;2S27 10;56W43 50;-2.4527777777777;-56.730555555556;;55;
57dbac5a6bf89;Primário;OM;AM;Pauini;Pauini - AM;820;KHz;C;-7.6666666666667;-66.966666666667;7S40 00;66W58 00;-7.6666666666667;-66.966666666667;;73;
57dbac5a6e297;Primário;OM;AM;Santa Isabel do Rio Negro;Santa Isabel do Rio Negro - AM;1450;KHz;C;-0.45;-65.033333333333;0S27 00;65W01 60;-0.45;-65.033333333333;;55;
57dbac5a70d1e;Primário;OM;AM;Santo Antônio do Içá;Santo Antônio do Içá - AM;640;KHz;B;-3,08889;-67,935;3S05 20;67W56 06;-3,08889;-67,935;;116;Principal
57dbac5a735c6;Primário;OM;AM;Santo Antônio do Içá;Santo Antônio do Içá - AM;860;KHz;C;-3.0833333333333;-67.95;3S04 60;67W57 00;-3.0833333333333;-67.95;;73;
57dbac5a75e00;Primário;OM;AM;São Gabriel da Cachoeira;São Gabriel da Cachoeira - AM;600;KHz;C;-0.13333333333333;-67.083333333333;0S07 60;67W04 60;-0.13333333333333;-67.083333333333;;119;
57dbac5a79e1a;Primário;OM;AM;São Gabriel da Cachoeira;São Gabriel da Cachoeira - AM;880;KHz;C;-0,11972;-67,08028;0S07 11;67W04 49;-0,11972;-67,08028;;72;Principal
57dbac5a7c6ca;Primário;OM;AM;São Paulo de Olivença;São Paulo de Olivença - AM;1160;KHz;C;-3.4666666666667;-68.8;3S28 00;68W47 60;-3.4666666666667;-68.8;;58;
57dbac5a7efd6;Primário;OM;AM;Tabatinga;Tabatinga - AM;670;KHz;C;-4.2525;-69.938055555555;4S15 09;69W56 17;-4.2525;-69.938055555555;;90;
57dbac5a82900;Primário;OM;AM;Tapauá;Tapauá - AM;1160;KHz;C;-5.7833333333333;-63.066666666667;5S46 60;63W04 00;-5.7833333333333;-63.066666666667;;58;
57dbac5a84d52;Primário;OM;AM;Tefé;Tefé - AM;580;KHz;B;-3.3666666666667;-64.7;3S22 00;64W42 00;-3.3666666666667;-64.7;;93;
57dbac5a875b0;Primário;OM;AM;Tefé;Tefé - AM;1270;KHz;B;-3.3666666666667;-64.7;3S22 00;64W42 00;-3.3666666666667;-64.7;;63;
57dbac5a8afec;Primário;OM;AM;Urucará;Urucará - AM;1450;KHz;C;-2.5333333333333;-57.75;2S31 60;57W45 00;-2.5333333333333;-57.75;;55;
57dbac5a8d3c8;Primário;OM;AM;Urucurituba;Urucurituba - AM;560;KHz;C;-2.6833333333333;-57.666666666667;2S40 60;57W40 00;-2.6833333333333;-57.666666666667;;88;
57dbac5a8f71f;Primário;OM;AP;Amapá;Amapá - AP;1500;KHz;C;2.05;-50.8;3N-58 60;50W47 60;2.05;-50.8;;55;
57dbac5a91f7b;Primário;OM;AP;Macapá;Macapá - AP;630;KHz;B;0.063888888888833;-51.038888888889;1N-57 50;51W02 20;0.063888888888833;-51.038888888889;;116;
57dbac5a95e01;Primário;OM;AP;Macapá;Macapá - AP;670;KHz;C;0.051666666666667;-51.0675;1N-57 06;51W04 03;0.051666666666667;-51.0675;;110;
57dbac5a9a14b;Primário;OM;AP;Macapá;Macapá - AP;760;KHz;B;0.0094444444443333;-51.063888888889;1N-60 34;51W03 50;0.0094444444443333;-51.063888888889;;70;
57dbac5a9e71d;Primário;OM;AP;Macapá;Macapá - AP;1060;KHz;B;-0.038888888888833;-51.066388888889;0S02 20;51W03 59;-0.038888888888833;-51.066388888889;;71;
57dbac5aa1002;Primário;OM;AP;Mazagão;Mazagão - AP;1310;KHz;C;-0.11972222222217;-51.290555555555;0S07 11;51W17 26;-0.11972222222217;-51.290555555555;;57;Principal
57dbac5aa4fcf;Primário;OM;AP;Oiapoque;Oiapoque - AP;1540;KHz;C;3.8416666666667;-51.835;4N-10 30;51W50 06;3.8416666666667;-51.835;;55;
57dbac5adb5e9;Primário;OM;AP;Santana;Santana - AP;1020;KHz;C;-0.023075;-51.166127777778;0S01 23;51W09 58;-0.023075;-51.166127777778;;73;Principal
57dbac5adf66b;Primário;OM;BA;Alagoinhas;Alagoinhas - BA;1240;KHz;C;-12.133611111111;-38.423333333333;12S08 01;38W25 24;-12.133611111111;-38.423333333333;;57;
57dbac5ae33c4;Primário;OM;BA;Antas;Antas - BA;990;KHz;C;-10.4;-38.333333333333;10S24 00;38W19 60;-10.4;-38.333333333333;;43;
57dbac5ae5d28;Primário;OM;BA;Baixa Grande;Baixa Grande - BA;1540;KHz;C;-11.966666666667;-40.166666666667;11S58 00;40W10 00;-11.966666666667;-40.166666666667;;55;
57dbac5ae86ed;Primário;OM;BA;Barra;Barra - BA;560;KHz;C;-11.083333333333;-43.15;11S04 60;43W08 60;-11.083333333333;-43.15;;85;
57dbac5aeb25b;Primário;OM;BA;Barra do Mendes;Barra do Mendes - BA;1060;KHz;B;-11.833333333333;-42.083333333333;11S49 60;42W04 60;-11.833333333333;-42.083333333333;;70;
57dbac5aef353;Primário;OM;BA;Barreiras;Barreiras - BA;600;KHz;B;-12.130277777778;-44.998888888889;12S07 49;44W59 56;-12.130277777778;-44.998888888889;;114;
57dbac5af34a3;Primário;OM;BA;Barreiras;Barreiras - BA;790;KHz;B;-12.193333333333;-44.974166666667;12S11 36;44W58 27;-12.193333333333;-44.974166666667;;105;
57dbac5b03364;Primário;OM;BA;Luís Eduardo Magalhães;Luís Eduardo Magalhães - BA;670;KHz;C;-12.15;-45;12S09 00;45W00 00;-12.15;-45;;115;
57dbac5b0733c;Primário;OM;BA;Belo Campo;Belo Campo - BA;1120;KHz;C;-15.03;-41.262222222222;15S01 48;41W15 44;-15.03;-41.262222222222;;75;Principal
57dbac5b0b555;Primário;OM;BA;Bom Jesus da Lapa;Bom Jesus da Lapa - BA;660;KHz;B;-13.2625;-43.47194;13S15 45;43W28 19;-13.2625;-43.47194;;98;
57dbac5b1008a;Primário;OM;BA;Bom Jesus da Lapa;Bom Jesus da Lapa - BA;1490;KHz;C;-13.296388888889;-43.365555555556;13S17 47;43W21 56;-13.296388888889;-43.365555555556;;55;
57dbac5b141d4;Primário;OM;BA;Brumado;Brumado - BA;1490;KHz;C;-14.2;-41.666666666667;14S11 60;41W40 00;-14.2;-41.666666666667;;54;
57dbac5b17f2b;Primário;OM;BA;Caetité;Caetité - BA;920;KHz;B;-14.065277777778;-42.488611111111;14S03 55;42W29 19;-14.065277777778;-42.488611111111;;100;
57dbac5b1bb22;Primário;OM;BA;Camacan;Camacan - BA;1470;KHz;C;-15.416666666667;-39.5;15S25 00;39W30 00;-15.416666666667;-39.5;;55;
57dbac5b1e3a9;Primário;OM;BA;Camaçari;Camaçari - BA;1050;KHz;B;-12.80555;-38.240766666667;12S48 20;38W14 27;-12.80555;-38.240766666667;;90;
57dbac5b255fb;Primário;OM;BA;Canavieiras;Canavieiras - BA;1580;KHz;C;-15.68;-38.948888888889;15S40 48;38W56 56;-15.68;-38.948888888889;;55;
57dbac5b295ae;Primário;OM;BA;Capim Grosso;Capim Grosso - BA;1530;KHz;C;-11.360277777778;-40.012222222222;11S21 37;40W00 44;-11.360277777778;-40.012222222222;;55;
57dbac5b2d551;Primário;OM;BA;Caravelas;Caravelas - BA;990;KHz;C;-17.522777777778;-39.738611111111;17S31 22;39W44 19;-17.522777777778;-39.738611111111;;63;Principal
57dbac5b319a0;Primário;OM;BA;Casa Nova;Casa Nova - BA;1510;KHz;C;-9.4166666666667;-41.133333333333;9S25 00;41W07 60;-9.4166666666667;-41.133333333333;;55;
57dbac5b34224;Primário;OM;BA;Central;Central - BA;1570;KHz;C;-11.15;-42.116666666667;11S09 00;42W07 00;-11.15;-42.116666666667;;55;
57dbac5b381b6;Primário;OM;BA;Cícero Dantas;Cícero Dantas - BA;1320;KHz;B;-10.594444444444;-38.552222222222;10S35 40;38W33 08;-10.594444444444;-38.552222222222;;82;
57dbac5b3c98b;Primário;OM;BA;Conceição do Coité;Conceição do Coité - BA;900;KHz;B;-11.557222222222;-39.297222222222;11S33 26;39W17 50;-11.557222222222;-39.297222222222;;72;
57dbac5b40b3c;Primário;OM;BA;Correntina;Correntina - BA;1490;KHz;C;-13.346388888889;-44.641111111111;13S20 47;44W38 28;-13.346388888889;-44.641111111111;;55;Principal
57dbac5b44b8f;Primário;OM;BA;Cruz das Almas;Cruz das Almas - BA;1460;KHz;C;-12.663055555556;-39.130833333333;12S39 47;39W07 51;-12.663055555556;-39.130833333333;;55;
57dbac5b49324;Primário;OM;BA;Euclides da Cunha;Euclides da Cunha - BA;660;KHz;C;-10.506111111111;-39.026388888889;10S30 22;39W01 35;-10.506111111111;-39.026388888889;;80;
57dbac5b4cda1;Primário;OM;BA;Euclides da Cunha;Euclides da Cunha - BA;1180;KHz;C;-10.508333333333;-39.013611111111;10S30 30;39W00 49;-10.508333333333;-39.013611111111;;59;
57dbac5b4f639;Primário;OM;BA;Feira de Santana;Feira de Santana - BA;700;KHz;B;-12.247225;-38.943805555556;12S14 50;38W56 38;-12.247225;-38.943805555556;;110;
57dbac5b537ff;Primário;OM;BA;Feira de Santana;Feira de Santana - BA;970;KHz;B;-12.274166666667;-38.941388888889;12S16 27;38W56 29;-12.274166666667;-38.941388888889;;75;
57dbac5b578f7;Primário;OM;BA;Feira de Santana;Feira de Santana - BA;1080;KHz;B;-12.266666666667;-38.988055555556;12S16 00;38W59 17;-12.266666666667;-38.988055555556;;91;
57dbac5b5c20b;Primário;OM;BA;Feira de Santana;Feira de Santana - BA;1210;KHz;B;-12.250277777778;-38.936944444444;12S15 01;38W56 13;-12.250277777778;-38.936944444444;;84;
57dbac5b600c6;Primário;OM;BA;Formosa do Rio Preto;Formosa do Rio Preto - BA;1580;KHz;C;-11.05;-45.2;11S03 00;45W12 00;-11.05;-45.2;;55;
57dbac5b628e1;Primário;OM;BA;Gandu;Gandu - BA;1380;KHz;B;-13.763888888889;-39.490833333333;13S45 50;39W29 27;-13.763888888889;-39.490833333333;;56;
57dbac5b6e539;Primário;OM;BA;Ibotirama;Ibotirama - BA;1480;KHz;C;-12.166666666667;-43.216666666667;12S10 00;43W13 00;-12.166666666667;-43.216666666667;;55;
57dbac5b70e4a;Primário;OM;BA;Ilhéus;Ilhéus - BA;690;KHz;B;-14.77889;-39.05833;14S46 44;39W03 30;-14.77889;-39.05833;;78;Principal
57dbac5b75a7a;Primário;OM;BA;Ilhéus;Ilhéus - BA;1090;KHz;C;-14.801666666667;-39.069166666667;14S48 06;39W04 09;-14.801666666667;-39.069166666667;;69;
57dbac5b7a0dc;Primário;OM;BA;Ilhéus;Ilhéus - BA;1310;KHz;C;-14.784722222222;-39.081944444444;14S47 05;39W04 55;-14.784722222222;-39.081944444444;;55;
57dbac5b7de23;Primário;OM;BA;Ilhéus;Ilhéus - BA;1430;KHz;B;-14.8;-39.033333333333;14S48 00;39W01 60;-14.8;-39.033333333333;;76;
57dbac5b8065f;Primário;OM;BA;Ipiaú;Ipiaú - BA;1070;KHz;B;-14.130277777778;-39.754166666667;14S07 49;39W45 15;-14.130277777778;-39.754166666667;;91;
57dbac5b84781;Primário;OM;BA;Ipiaú;Ipiaú - BA;1490;KHz;C;-14.136388888889;-39.723333333333;14S08 11;39W43 24;-14.136388888889;-39.723333333333;;50;
57dbac5b8885a;Primário;OM;BA;Ipirá;Ipirá - BA;1450;KHz;C;-12.165277777778;-39.741666666667;12S09 55;39W44 30;-12.165277777778;-39.741666666667;;55;
57dbac5b8c7e5;Primário;OM;BA;Irecê;Irecê - BA;540;KHz;C;-11.176388888889;-41.836111111111;11S10 35;41W50 10;-11.176388888889;-41.836111111111;;67;
57dbac5b90840;Primário;OM;BA;Irecê;Irecê - BA;1420;KHz;C;-11.305277777778;-41.832777777778;11S18 19;41W49 58;-11.305277777778;-41.832777777778;;56;
57dbac5b94b9a;Primário;OM;BA;Itaberaba;Itaberaba - BA;1030;KHz;B;-12.510555555556;-40.304166666667;12S30 38;40W18 15;-12.510555555556;-40.304166666667;;60;
57dbac5b98d86;Primário;OM;BA;Itabuna;Itabuna - BA;560;KHz;B;-14.839722222222;-39.330555555556;14S50 23;39W19 50;-14.839722222222;-39.330555555556;;99;
57dbac5b9cfcf;Primário;OM;BA;Itabuna;Itabuna - BA;640;KHz;B;-14.783055555556;-39.298611111111;14S46 59;39W17 55;-14.783055555556;-39.298611111111;;116;
57dbac5ba11f4;Primário;OM;BA;Itabuna;Itabuna - BA;870;KHz;B;-14.843333333333;-39.348055555556;14S50 36;39W20 53;-14.843333333333;-39.348055555556;;100;
57dbac5ba5aa9;Primário;OM;BA;Itabuna;Itabuna - BA;1160;KHz;B;-14.835;-39.357222222222;14S50 06;39W21 26;-14.835;-39.357222222222;;60;
57dbac5ba9629;Primário;OM;BA;Itabuna;Itabuna - BA;1480;KHz;C;-14.783333333333;-39.283333333333;14S46 60;39W16 60;-14.783333333333;-39.283333333333;;55;
57dbac5bab985;Primário;OM;BA;Itacaré;Itacaré - BA;1470;KHz;C;-14.266666666667;-39;14S16 00;39W00 00;-14.266666666667;-39;;55;
57dbac5bae230;Primário;OM;BA;Itamaraju;Itamaraju - BA;830;KHz;B;-17.030277777778;-39.5975;17S01 49;39W35 51;-17.030277777778;-39.5975;;73;
57dbac5bb2296;Primário;OM;BA;Itapetinga;Itapetinga - BA;660;KHz;C;-15.25;-40.25;15S15 00;40W15 00;-15.25;-40.25;;80;
57dbac5bb6202;Primário;OM;BA;Itapetinga;Itapetinga - BA;1080;KHz;C;-15.25;-40.252222222222;15S15 00;40W15 08;-15.25;-40.252222222222;;59;
57dbac5bba13d;Primário;OM;BA;Itapicuru;Itapicuru - BA;1060;KHz;C;-11.168611111111;-38.050833333333;11S10 07;38W03 03;-11.168611111111;-38.050833333333;;71;
57dbac5bbe182;Primário;OM;BA;Itiruçu;Itiruçu - BA;1540;KHz;C;-13.483333333333;-40.133333333333;13S28 60;40W07 60;-13.483333333333;-40.133333333333;;55;
57dbac5bc1a48;Primário;OM;BA;Ituaçu;Ituaçu - BA;1430;KHz;C;-13.816666666667;-41.3;13S49 00;41W17 60;-13.816666666667;-41.3;;56;
57dbac5bc3ed1;Primário;OM;BA;Jacaraci;Jacaraci - BA;1550;KHz;C;-14.85;-42.433333333333;14S50 60;42W25 60;-14.85;-42.433333333333;;55;
57dbac5bc675a;Primário;OM;BA;Jacobina;Jacobina - BA;1200;KHz;B;-11.204583333333;-40.552194444444;11S12 16;40W33 08;-11.204583333333;-40.552194444444;;57;
57dbac5bcacb4;Primário;OM;BA;Jacobina;Jacobina - BA;580;KHz;B;-11.188055555556;-40.561111111111;11S11 17;40W33 40;-11.188055555556;-40.561111111111;;195;
57dbac5bcf4a8;Primário;OM;BA;Jaguaquara;Jaguaquara - BA;1570;KHz;C;-13.527777777778;-39.986111111111;13S31 40;39W59 10;-13.527777777778;-39.986111111111;;55;
57dbac5bd3156;Primário;OM;BA;Jaguarari;Jaguarari - BA;990;KHz;C;-10.266666666667;-40.2;10S16 00;40W12 00;-10.266666666667;-40.2;;63;
57dbac5bd59fe;Primário;OM;BA;Jequié;Jequié - BA;1460;KHz;C;-13.6;-40.083333333333;13S35 60;40W04 60;-13.6;-40.083333333333;;55;
57dbac5bd9aa2;Primário;OM;BA;Jeremoabo;Jeremoabo - BA;1400;KHz;C;-10.083333333333;-38.383333333333;10S04 60;38W22 60;-10.083333333333;-38.383333333333;;56;
57dbac5bddb1b;Primário;OM;BA;Jiquiriçá;Jiquiriçá - BA;1590;KHz;C;-13.266111111111;-39.575555555556;13S15 58;39W34 32;-13.266111111111;-39.575555555556;;55;
57dbac5be1895;Primário;OM;BA;Juazeiro;Juazeiro - BA;870;KHz;B;-9.4413888888888;-40.531388888889;9S26 29;40W31 53;-9.4413888888888;-40.531388888889;;72;
57dbac5be61cb;Primário;OM;BA;Juazeiro;Juazeiro - BA;1190;KHz;B;-9.44644;-40.49657;9S26 47;40W29 48;-9.44644;-40.49657;;64;Principal
57dbac5bea3e9;Primário;OM;BA;Juazeiro;Juazeiro - BA;1550;KHz;B;-9.4502777777777;-40.490833333333;9S27 01;40W29 27;-9.4502777777777;-40.490833333333;;55;
57dbac5bedf27;Primário;OM;BA;Macaúbas;Macaúbas - BA;1580;KHz;C;-13.016666666667;-42.7;13S01 00;42W42 00;-13.016666666667;-42.7;;55;
57dbac5bf07ad;Primário;OM;BA;Mairi;Mairi - BA;1470;KHz;C;-11.711388888889;-40.1675;11S42 41;40W10 03;-11.711388888889;-40.1675;;55;
57dbac5c0006b;Primário;OM;BA;Miguel Calmon;Miguel Calmon - BA;1510;KHz;C;-11.433333333333;-40.616666666667;11S25 60;40W37 00;-11.433333333333;-40.616666666667;;55;
57dbac5c02b2f;Primário;OM;BA;Monte Santo;Monte Santo - BA;1370;KHz;C;-10.442222222222;-39.328888888889;10S26 32;39W19 44;-10.442222222222;-39.328888888889;;56;Principal
57dbac5c06cfb;Primário;OM;BA;Morro do Chapéu;Morro do Chapéu - BA;1460;KHz;C;-11.545833333333;-41.145277777778;11S32 45;41W08 43;-11.545833333333;-41.145277777778;;55;
57dbac5c0aa2a;Primário;OM;BA;Mundo Novo;Mundo Novo - BA;1560;KHz;C;-11.866666666667;-40.466666666667;11S52 00;40W28 00;-11.866666666667;-40.466666666667;;55;
57dbac5c0d38f;Primário;OM;BA;Muritiba;Muritiba - BA;1110;KHz;B;-12.624166666667;-38.985277777778;12S37 27;38W59 07;-12.624166666667;-38.985277777778;;81;
57dbac5c11718;Primário;OM;BA;Paulo Afonso;Paulo Afonso - BA;950;KHz;C;-9.3525;-38.25;9S21 09;38W15 00;-9.3525;-38.25;;55;
57dbac5c161f5;Primário;OM;BA;Paulo Afonso;Paulo Afonso - BA;1360;KHz;B;-9.3852777777777;-38.235555555556;9S23 07;38W14 08;-9.3852777777777;-38.235555555556;;79;
57dbac5c1a00b;Primário;OM;BA;Paulo Afonso;Paulo Afonso - BA;1500;KHz;C;-9.35;-38.25;9S20 60;38W15 00;-9.35;-38.25;;55;
57dbac5c1c321;Primário;OM;BA;Pedro Alexandre;Pedro Alexandre - BA;1510;KHz;C;-10;-37.883333333333;10S00 00;37W52 60;-10;-37.883333333333;;55;
57dbac5c1eba2;Primário;OM;BA;Poções;Poções - BA;1520;KHz;B;-14.529722222222;-40.365277777778;14S31 47;40W21 55;-14.529722222222;-40.365277777778;;50;
57dbac5c22d67;Primário;OM;BA;Porto Seguro;Porto Seguro - BA;1500;KHz;B;-16.481944444444;-39.072222222222;16S28 55;39W04 20;-16.481944444444;-39.072222222222;;55;
57dbac5c2668a;Primário;OM;BA;Remanso;Remanso - BA;1480;KHz;C;-9.6666666666667;-42.083333333333;9S40 00;42W04 60;-9.6666666666667;-42.083333333333;;55;
57dbac5c28dd9;Primário;OM;BA;Riachão do Jacuípe;Riachão do Jacuípe - BA;1500;KHz;C;-11.8;-39.383333333333;11S48 00;39W22 60;-11.8;-39.383333333333;;55;
57dbac5c2d3c7;Primário;OM;BA;Riacho de Santana;Riacho de Santana - BA;810;KHz;B;-13.600833333333;-42.949444444444;13S36 03;42W56 58;-13.600833333333;-42.949444444444;;100;
57dbac5c31aa4;Primário;OM;BA;Ribeira do Pombal;Ribeira do Pombal - BA;1490;KHz;B;-10.816666666667;-38.55;10S49 00;38W32 60;-10.816666666667;-38.55;;55;
57dbac5c356b0;Primário;OM;BA;Ribeira do Pombal;Ribeira do Pombal - BA;1560;KHz;C;-10.816666666667;-38.55;10S49 00;38W32 60;-10.816666666667;-38.55;;74;
57dbac5c39443;Primário;OM;BA;Rio Real;Rio Real - BA;600;KHz;C;-11.474397222222;-37.946922222222;11S28 28;37W56 49;-11.474397222222;-37.946922222222;;85;
57dbac5c3cd21;Primário;OM;BA;Ruy Barbosa;Ruy Barbosa - BA;1580;KHz;C;-12.283333333333;-40.45;12S16 60;40W27 00;-12.283333333333;-40.45;;55;
57dbac5c3f512;Primário;OM;BA;Salvador;Salvador - BA;590;KHz;B;-12.9075;-38.639722222222;12S54 27;38W38 23;-12.9075;-38.639722222222;;93;
57dbac5c43a8b;Primário;OM;BA;Salvador;Salvador - BA;740;KHz;A;-12.93604;-38.62633;12S56 10;38W37 35;-12.93604;-38.62633;;229;Principal
57dbac5c48229;Primário;OM;BA;Salvador;Salvador - BA;800;KHz;B;-12.902222222222;-38.687222222222;12S54 08;38W41 14;-12.902222222222;-38.687222222222;;91;
57dbac5c4aa90;Primário;OM;BA;Salvador;Salvador - BA;840;KHz;B;-12.97395;-38.62519;12S58 26;38W37 31;-12.97395;-38.62519;;103;Principal
57dbac5c4f18a;Primário;OM;BA;Salvador;Salvador - BA;920;KHz;B;-12.97389;-38.62528;12S58 26;38W37 31;-12.97389;-38.62528;;98;Principal
57dbac5c53124;Primário;OM;BA;Salvador;Salvador - BA;1010;KHz;B;-12.9075;-38.64;12S54 27;38W38 24;-12.9075;-38.64;;93;
57dbac5c5722f;Primário;OM;BA;Salvador;Salvador - BA;1140;KHz;B;-12.9175;-38.644166666667;12S55 03;38W38 39;-12.9175;-38.644166666667;;63;Principal
57dbac5c5bccf;Primário;OM;BA;Salvador;Salvador - BA;1290;KHz;B;-12.91583;-38.65903;12S54 57;38W39 33;-12.91583;-38.65903;;73;Principal
57dbac5c6066f;Primário;OM;BA;Salvador;Salvador - BA;1350;KHz;B;-12.95558;-38.61569;12S57 20;38W36 56;-12.95558;-38.61569;;79;Principal
57dbac5c654ff;Primário;OM;BA;Santa Cruz Cabrália;Santa Cruz Cabrália - BA;710;KHz;B;-16.25;-39.033333333333;16S15 00;39W01 60;-16.25;-39.033333333333;;78;
57dbac5c69db5;Primário;OM;BA;Santa Cruz Cabrália;Santa Cruz Cabrália - BA;1170;KHz;B;-16.266666666667;-39.033333333333;16S16 00;39W01 60;-16.266666666667;-39.033333333333;;55;
57dbac5c6e0a5;Primário;OM;BA;Santa Maria da Vitória;Santa Maria da Vitória - BA;770;KHz;C;-13.397222222222;-44.198888888889;13S23 50;44W11 56;-13.397222222222;-44.198888888889;;74;
57dbac5c71eb1;Primário;OM;BA;Santa Rita de Cássia;Santa Rita de Cássia - BA;1450;KHz;C;-11.016666666667;-44.516666666667;11S01 00;44W31 00;-11.016666666667;-44.516666666667;;55;
57dbac5c7429c;Primário;OM;BA;Santaluz;Santaluz - BA;1390;KHz;C;-11.255833333333;-39.374722222222;11S15 21;39W22 29;-11.255833333333;-39.374722222222;;60;
57dbac5c769f7;Primário;OM;BA;Santana;Santana - BA;1480;KHz;C;-12.983333333333;-44.05;12S58 60;44W02 60;-12.983333333333;-44.05;;55;
57dbac5c7a679;Primário;OM;BA;Santo Amaro;Santo Amaro - BA;1440;KHz;B;-12.57;-38.714444444444;12S34 12;38W42 52;-12.57;-38.714444444444;;76;
57dbac5c7e2b3;Primário;OM;BA;Santo Amaro;Santo Amaro - BA;1490;KHz;C;-12.55;-38.716666666667;12S33 00;38W43 00;-12.55;-38.716666666667;;55;
57dbac5c80a58;Primário;OM;BA;Santo Antônio de Jesus;Santo Antônio de Jesus - BA;680;KHz;B;-12.935988888889;-39.298361111111;12S56 10;39W17 54;-12.935988888889;-39.298361111111;;115;
57dbac5c84a51;Primário;OM;BA;São Gonçalo dos Campos;São Gonçalo dos Campos - BA;1410;KHz;B;-12.440277777778;-38.944444444444;12S26 25;38W56 40;-12.440277777778;-38.944444444444;;79;
57dbac5c884f1;Primário;OM;BA;Seabra;Seabra - BA;1490;KHz;C;-12.416666666667;-41.766666666667;12S25 00;41W46 00;-12.416666666667;-41.766666666667;;55;
57dbac5c8ac22;Primário;OM;BA;Senhor do Bonfim;Senhor do Bonfim - BA;850;KHz;B;-10.446647222222;-40.200988888889;10S26 48;40W12 04;-10.446647222222;-40.200988888889;;73;
57dbac5c8e85f;Primário;OM;BA;Senhor do Bonfim;Senhor do Bonfim - BA;1170;KHz;C;-10.466666666667;-40.183333333333;10S28 00;40W10 60;-10.466666666667;-40.183333333333;;58;
57dbac5c90ac5;Primário;OM;BA;Sento Sé;Sento Sé - BA;1450;KHz;C;-9.6666666666667;-41.3;9S40 00;41W17 60;-9.6666666666667;-41.3;;55;
57dbac5c93101;Primário;OM;BA;Serrinha;Serrinha - BA;790;KHz;C;-11.68597;-38.99244;11S41 09;38W59 33;-11.68597;-38.99244;;74;Principal
57dbac5c96eed;Primário;OM;BA;Serrinha;Serrinha - BA;1330;KHz;C;-11.65;-39;11S39 00;39W00 00;-11.65;-39;;62;
57dbac5c9ae24;Primário;OM;BA;Souto Soares;Souto Soares - BA;1540;KHz;C;-12.087777777778;-41.646944444444;12S05 16;41W38 49;-12.087777777778;-41.646944444444;;55;
57dbac5c9eb7c;Primário;OM;BA;Teixeira de Freitas;Teixeira de Freitas - BA;580;KHz;C;-17.507222222222;-39.726666666667;17S30 26;39W43 36;-17.507222222222;-39.726666666667;;87;
57dbac5ca2ada;Primário;OM;BA;Teolândia;Teolândia - BA;1580;KHz;C;-13.583333333333;-39.5;13S34 60;39W30 00;-13.583333333333;-39.5;;55;
57dbac5ca6102;Primário;OM;BA;Tremedal;Tremedal - BA;1320;KHz;C;-14.966666666667;-41.416666666667;14S58 00;41W25 00;-14.966666666667;-41.416666666667;;55;
57dbac5ca833e;Primário;OM;BA;Uauá;Uauá - BA;1530;KHz;C;-9.8333333333333;-39.483333333333;9S49 60;39W28 60;-9.8333333333333;-39.483333333333;;55;
57dbac5caa9e4;Primário;OM;BA;Ubatã;Ubatã - BA;1230;KHz;C;-14.2;-39.533333333333;14S11 60;39W31 60;-14.2;-39.533333333333;;57;
57dbac5cae714;Primário;OM;BA;Utinga;Utinga - BA;820;KHz;B;-12.084722222222;-41.1125;12S05 05;41W06 45;-12.084722222222;-41.1125;;92;
57dbac5cb2480;Primário;OM;BA;Valença;Valença - BA;650;KHz;B;-13.370277777778;-39.073055555556;13S22 13;39W04 23;-13.370277777778;-39.073055555556;;88;
57dbac5cb66fb;Primário;OM;BA;Valente;Valente - BA;1120;KHz;B;-11.434444444444;-39.481666666667;11S26 04;39W28 54;-11.434444444444;-39.481666666667;;75;
57dbac5cba518;Primário;OM;BA;Vitória da Conquista;Vitória da Conquista - BA;1060;KHz;B;-14.846111111111;-40.837222222222;14S50 46;40W50 14;-14.846111111111;-40.837222222222;;70;
57dbac5cbe3b1;Primário;OM;BA;Vitória da Conquista;Vitória da Conquista - BA;1210;KHz;B;-14.879166666667;-40.833333333333;14S52 45;40W49 60;-14.879166666667;-40.833333333333;;57;
57dbac5cc29ea;Primário;OM;BA;Vitória da Conquista;Vitória da Conquista - BA;760;KHz;C;-14.908888888889;-40.820277777778;14S54 32;40W49 13;-14.908888888889;-40.820277777778;;99;
57dbac5cc73d9;Primário;OM;BA;Xique-Xique;Xique-Xique - BA;1390;KHz;C;-10.821666666667;-42.731111111111;10S49 18;42W43 52;-10.821666666667;-42.731111111111;;58;
57dbac5cc9f31;Primário;OM;BA;Xique-Xique;Xique-Xique - BA;1480;KHz;C;-10.829444444444;-42.717777777778;10S49 46;42W43 04;-10.829444444444;-42.717777777778;;55;
57dbac5ccdc38;Primário;OM;CE;Acaraú;Acaraú - CE;1100;KHz;C;-2.8855555555555;-40.12;2S53 08;40W07 12;-2.8855555555555;-40.12;;60;
57dbac5cd2266;Primário;OM;CE;Acopiara;Acopiara - CE;550;KHz;C;-6.0938888888888;-39.463888888889;6S05 38;39W27 50;-6.0938888888888;-39.463888888889;;88;
57dbac5cd5e6a;Primário;OM;CE;Acopiara;Acopiara - CE;1450;KHz;C;-6.1166666666667;-39.45;6S07 00;39W27 00;-6.1166666666667;-39.45;;55;
57dbac5cd9a52;Primário;OM;CE;Aquiraz;Aquiraz - CE;1050;KHz;B;-3.9097222222222;-38.385277777778;3S54 35;38W23 07;-3.9097222222222;-38.385277777778;;90;
57dbac5cde407;Primário;OM;CE;Aracati;Aracati - CE;600;KHz;C;-4.5597222222222;-37.75;4S33 35;37W45 00;-4.5597222222222;-37.75;;120;
57dbac5ce247f;Primário;OM;CE;Aracati;Aracati - CE;730;KHz;C;-4.5888888888888;-37.778333333333;4S35 20;37W46 42;-4.5888888888888;-37.778333333333;;76;
57dbac5ce6415;Primário;OM;CE;Aracati;Aracati - CE;1320;KHz;C;-4.5447222222222;-37.790555555555;4S32 41;37W47 26;-4.5447222222222;-37.790555555555;;57;
57dbac5cea44c;Primário;OM;CE;Araripe;Araripe - CE;1560;KHz;C;-7.19331;-40.12717;7S11 36;40W07 38;-7.19331;-40.12717;;55;Principal
57dbac5cecfc3;Primário;OM;CE;Assaré;Assaré - CE;1320;KHz;C;-6.9019444444443;-39.868055555556;6S54 07;39W52 05;-6.9019444444443;-39.868055555556;;57;
57dbac5cf0d03;Primário;OM;CE;Barbalha;Barbalha - CE;930;KHz;B;-7.230528;-39.35425;7S13 50;39W21 15;-7.230528;-39.35425;;69;
57dbac5d01207;Primário;OM;CE;Barro;Barro - CE;1210;KHz;B;-7.2;-38.8;7S12 00;38W47 60;-7.2;-38.8;;55;
57dbac5d051d9;Primário;OM;CE;Baturité;Baturité - CE;1500;KHz;B;-4.3375;-38.875;4S20 15;38W52 30;-4.3375;-38.875;;55;
57dbac5d09651;Primário;OM;CE;Bela Cruz;Bela Cruz - CE;1420;KHz;C;-3,03128;-40,18413;3S01 53;40W11 03;-3,03128;-40,18413;;54;Principal
57dbac5d0c240;Primário;OM;CE;Boa Viagem;Boa Viagem - CE;710;KHz;C;-5.1080555555555;-39.771666666667;5S06 29;39W46 18;-5.1080555555555;-39.771666666667;;78;
57dbac5d10870;Primário;OM;CE;Boa Viagem;Boa Viagem - CE;1310;KHz;C;-5.1388888888888;-39.736388888889;5S08 20;39W44 11;-5.1388888888888;-39.736388888889;;57;
57dbac5d151e1;Primário;OM;CE;Brejo Santo;Brejo Santo - CE;820;KHz;C;-7.5166666666667;-38.969444444444;7S31 00;38W58 10;-7.5166666666667;-38.969444444444;;60;
57dbac5d197c7;Primário;OM;CE;Camocim;Camocim - CE;820;KHz;C;-2.9127777777777;-40.859444444444;2S54 46;40W51 34;-2.9127777777777;-40.859444444444;;60;
57dbac5d1dfeb;Primário;OM;CE;Camocim;Camocim - CE;1450;KHz;C;-2.9305555555555;-40.847222222222;2S55 50;40W50 50;-2.9305555555555;-40.847222222222;;55;
57dbac5d21e5c;Primário;OM;CE;Camocim;Camocim - CE;1590;KHz;C;-2.9;-40.833333333333;2S53 60;40W49 60;-2.9;-40.833333333333;;55;
57dbac5d25ca4;Primário;OM;CE;Campos Sales;Campos Sales - CE;630;KHz;C;-7.0747222222222;-40.410555555556;7S04 29;40W24 38;-7.0747222222222;-40.410555555556;;119;
57dbac5d2a4c8;Primário;OM;CE;Campos Sales;Campos Sales - CE;1530;KHz;C;-7.076111111111;-40.390555555556;7S04 34;40W23 26;-7.076111111111;-40.390555555556;;55;Principal
57dbac5d2e433;Primário;OM;CE;Canindé;Canindé - CE;540;KHz;C;-4.35;-39.3;4S20 60;39W17 60;-4.35;-39.3;;88;
57dbac5d322e6;Primário;OM;CE;Canindé;Canindé - CE;1240;KHz;B;-4.34703;-39.31969;4S20 49;39W19 11;-4.34703;-39.31969;;55;Principal
57dbac5d35a61;Primário;OM;CE;Canindé;Canindé - CE;1580;KHz;C;-4.3666666666667;-39.316666666667;4S22 00;39W19 00;-4.3666666666667;-39.316666666667;;55;
57dbac5d380d3;Primário;OM;CE;Caridade;Caridade - CE;1370;KHz;C;-4.2375;-39.201666666667;4S14 15;39W12 06;-4.2375;-39.201666666667;;55;
57dbac5d3b81e;Primário;OM;CE;Cariré;Cariré - CE;1270;KHz;B;-3.95;-40.483333333333;3S57 00;40W28 60;-3.95;-40.483333333333;;57;
57dbac5d3e0d8;Primário;OM;CE;Cascavel;Cascavel - CE;1110;KHz;B;-4.1333333333333;-38.233333333333;4S07 60;38W13 60;-4.1333333333333;-38.233333333333;;75;
57dbac5d4221b;Primário;OM;CE;Caucaia;Caucaia - CE;930;KHz;B;-3.726389;-38.641667;3S43 35;38W38 30;-3.726389;-38.641667;;73;
57dbac5d46b27;Primário;OM;CE;Cedro;Cedro - CE;1160;KHz;C;-6.6116666666667;-39.070277777778;6S36 42;39W04 13;-6.6116666666667;-39.070277777778;;58;
57dbac5d4aca2;Primário;OM;CE;Coreaú;Coreaú - CE;1400;KHz;C;-3.5333333333333;-40.656666666667;3S31 60;40W39 24;-3.5333333333333;-40.656666666667;;56;
57dbac5d4d78c;Primário;OM;CE;Crateús;Crateús - CE;590;KHz;B;-5.1924722222222;-40.638277777778;5S11 33;40W38 18;-5.1924722222222;-40.638277777778;;87;
57dbac5d517b5;Primário;OM;CE;Crateús;Crateús - CE;1210;KHz;C;-5.1944444444443;-40,675;5S11 40;40W40 30;-5.1944444444443;-40,675;;100;
57dbac5d558ce;Primário;OM;CE;Crateús;Crateús - CE;1250;KHz;C;-5.1783333333333;-40.666666666667;5S10 42;40W40 00;-5.1783333333333;-40.666666666667;;62;
57dbac5d599eb;Primário;OM;CE;Crato;Crato - CE;1020;KHz;B;-7.2366666666667;-39.398055555556;7S14 12;39W23 53;-7.2366666666667;-39.398055555556;;94;
57dbac5d5e13c;Primário;OM;CE;Crato;Crato - CE;1440;KHz;B;-7.2333333333333;-39.4;7S13 60;39W23 60;-7.2333333333333;-39.4;;76;
57dbac5d63145;Primário;OM;CE;Crato;Crato - CE;1550;KHz;C;-7.2333333333333;-39.4;7S13 60;39W23 60;-7.2333333333333;-39.4;;48;
57dbac5d664c0;Primário;OM;CE;Eusébio;Eusébio - CE;1590;KHz;C;-3.9;-38.4;3S53 60;38W23 60;-3.9;-38.4;;55;
57dbac5d6a739;Primário;OM;CE;Forquilha;Forquilha - CE;830;KHz;C;-3.8555555555555;-40.269444444444;3S51 20;40W16 10;-3.8555555555555;-40.269444444444;;73;
57dbac5d6eaf3;Primário;OM;CE;Fortaleza;Fortaleza - CE;620;KHz;B;-3.8980555555555;-38.516666666667;3S53 53;38W31 00;-3.8980555555555;-38.516666666667;;110;
57dbac5d73d5d;Primário;OM;CE;Fortaleza;Fortaleza - CE;690;KHz;B;-3.8159444444443;-38.564833333333;3S48 57;38W33 53;-3.8159444444443;-38.564833333333;;110;
57dbac5d781ac;Primário;OM;CE;Fortaleza;Fortaleza - CE;760;KHz;B;-3.7969444444443;-38.568611111111;3S47 49;38W34 07;-3.7969444444443;-38.568611111111;;108;Principal
57dbac5d7d1a9;Primário;OM;CE;Fortaleza;Fortaleza - CE;810;KHz;B;-3.78529;-38.46685;3S47 07;38W28 01;-3.78529;-38.46685;;99;
57dbac5d81de1;Primário;OM;CE;Fortaleza;Fortaleza - CE;1010;KHz;B;-3.82552;-38.50149;3S49 32;38W30 05;-3.82552;-38.50149;;90;Principal
57dbac5d866de;Primário;OM;CE;Fortaleza;Fortaleza - CE;1200;KHz;B;-3.8488888888888;-38.573611111111;3S50 56;38W34 25;-3.8488888888888;-38.573611111111;;84;
57dbac5d8b431;Primário;OM;CE;Fortaleza;Fortaleza - CE;1300;KHz;B;-3.8194444444443;-38.611111111111;3S49 10;38W36 40;-3.8194444444443;-38.611111111111;;82;
57dbac5d908d3;Primário;OM;CE;Granja;Granja - CE;1160;KHz;C;-3.1222222222222;-40.802777777778;3S07 20;40W48 10;-3.1222222222222;-40.802777777778;;58;
57dbac5d95445;Primário;OM;CE;Granja;Granja - CE;1530;KHz;C;-3.1202777777777;-40.826111111111;3S07 13;40W49 34;-3.1202777777777;-40.826111111111;;54;
57dbac5d981c7;Primário;OM;CE;Guaraciaba do Norte;Guaraciaba do Norte - CE;1190;KHz;C;-4.1666666666667;-40.752222222222;4S10 00;40W45 08;-4.1666666666667;-40.752222222222;;57;
57dbac5d9bdda;Primário;OM;CE;Guaraciaba do Norte;Guaraciaba do Norte - CE;1450;KHz;C;-4.1669444444443;-40.7475;4S10 01;40W44 51;-4.1669444444443;-40.7475;;55;
57dbac5d9e828;Primário;OM;CE;Hidrolândia;Hidrolândia - CE;1490;KHz;C;-4.3833333333333;-40.35;4S22 60;40W21 00;-4.3833333333333;-40.35;;55;
57dbac5da0f8e;Primário;OM;CE;Icó;Icó - CE;1480;KHz;C;-6.4;-38.85;6S24 00;38W51 00;-6.4;-38.85;;55;
57dbac5da37ba;Primário;OM;CE;Iguatu;Iguatu - CE;790;KHz;C;-6.3780555555555;-39.259444444444;6S22 41;39W15 34;-6.3780555555555;-39.259444444444;;58;
57dbac5da765a;Primário;OM;CE;Iguatu;Iguatu - CE;870;KHz;C;-6.3333333333333;-39.416666666667;6S19 60;39W25 00;-6.3333333333333;-39.416666666667;;65;
57dbac5dac06d;Primário;OM;CE;Ipu;Ipu - CE;1360;KHz;C;-4.303611111111;-40.690833333333;4S18 13;40W41 27;-4.303611111111;-40.690833333333;;56;
57dbac5db052e;Primário;OM;CE;Ipu;Ipu - CE;1520;KHz;C;-4.3438888888888;-40.711944444444;4S20 38;40W42 43;-4.3438888888888;-40.711944444444;;55;
57dbac5db45b3;Primário;OM;CE;Ipueiras;Ipueiras - CE;1020;KHz;C;-4.548611111111;-40.725;4S32 55;40W43 30;-4.548611111111;-40.725;;73;
57dbac5db89be;Primário;OM;CE;Iracema;Iracema - CE;910;KHz;C;-5.8166666666667;-38.3;5S49 00;38W17 60;-5.8166666666667;-38.3;;64;
57dbac5dbb75b;Primário;OM;CE;Itapajé;Itapajé - CE;1470;KHz;C;-3.6975;-39.565555555556;3S41 51;39W33 56;-3.6975;-39.565555555556;;55;
57dbac5dbf714;Primário;OM;CE;Itapipoca;Itapipoca - CE;570;KHz;C;-3.3678694444443;-39.589161111111;3S22 04;39W35 21;-3.3678694444443;-39.589161111111;;87;
57dbac5dc3eb1;Primário;OM;CE;Itarema;Itarema - CE;660;KHz;C;-2.9188888888888;-39.928611111111;2S55 08;39W55 43;-2.9188888888888;-39.928611111111;;80;
57dbac5dc7eb9;Primário;OM;CE;Itarema;Itarema - CE;1250;KHz;C;-2.9408333333333;-39.909166666667;2S56 27;39W54 33;-2.9408333333333;-39.909166666667;;57;
57dbac5dcba08;Primário;OM;CE;Jaguaribe;Jaguaribe - CE;1580;KHz;C;-5.8666666666667;-38.6;5S52 00;38W36 00;-5.8666666666667;-38.6;;55;
57dbac5dcdde4;Primário;OM;CE;Jaguaruana;Jaguaruana - CE;1220;KHz;C;-4.8333333333333;-37.783333333333;4S49 60;37W46 60;-4.8333333333333;-37.783333333333;;57;
57dbac5dd0167;Primário;OM;CE;Jardim;Jardim - CE;1410;KHz;C;-7.5825;-39.298055555556;7S34 57;39W17 53;-7.5825;-39.298055555556;;55;
57dbac5dd2a17;Primário;OM;CE;Jijoca de Jericoacoara;Jijoca de Jericoacoara - CE;1380;KHz;C;-2.9;-40.45;2S53 60;40W27 00;-2.9;-40.45;;55;
57dbac5dd6945;Primário;OM;CE;Juazeiro do Norte;Juazeiro do Norte - CE;570;KHz;B;-7.2572222222222;-39.268888888889;7S15 26;39W16 08;-7.2572222222222;-39.268888888889;;87;
57dbac5ddb516;Primário;OM;CE;Juazeiro do Norte;Juazeiro do Norte - CE;850;KHz;C;-7.2;-39.331666666667;7S12 00;39W19 54;-7.2;-39.331666666667;;62;
57dbac5ddf74a;Primário;OM;CE;Juazeiro do Norte;Juazeiro do Norte - CE;1310;KHz;C;-7.20135;-39.327508333333;7S12 05;39W19 39;-7.20135;-39.327508333333;;63;
57dbac5de3a96;Primário;OM;CE;Lavras da Mangabeira;Lavras da Mangabeira - CE;770;KHz;B;-6.7166666666667;-38.983333333333;6S43 00;38W58 60;-6.7166666666667;-38.983333333333;;74;
57dbac5de7c8b;Primário;OM;CE;Limoeiro do Norte;Limoeiro do Norte - CE;560;KHz;C;-5.125;-38.053056;5S07 30;38W03 11;-5.125;-38.053056;;88;
57dbac5debf82;Primário;OM;CE;Limoeiro do Norte;Limoeiro do Norte - CE;1260;KHz;B;-5.1522222222222;-38.103888888889;5S09 08;38W06 14;-5.1522222222222;-38.103888888889;;57;
57dbac5df0235;Primário;OM;CE;Maracanaú;Maracanaú - CE;860;KHz;B;-3.85;-38.666666666667;3S51 00;38W40 00;-3.85;-38.666666666667;;97;
57dbac5e0131e;Primário;OM;CE;Maracanaú;Maracanaú - CE;1340;KHz;B;-3.86828;-38.58828;3S52 06;38W35 18;-3.86828;-38.58828;;54;Principal
57dbac5e05399;Primário;OM;CE;Marco;Marco - CE;1550;KHz;C;-3.1238888888888;-40.146666666667;3S07 26;40W08 48;-3.1238888888888;-40.146666666667;;55;
57dbac5e07c7c;Primário;OM;CE;Massapê;Massapê - CE;1460;KHz;C;-3.5988888888888;-40.348888888889;3S35 56;40W20 56;-3.5988888888888;-40.348888888889;;55;
57dbac5e0bd92;Primário;OM;CE;Milagres;Milagres - CE;1360;KHz;C;-7.3133333333333;-38.945555555556;7S18 48;38W56 44;-7.3133333333333;-38.945555555556;;57;
57dbac5e0e859;Primário;OM;CE;Milhã;Milhã - CE;1330;KHz;C;-5.675;-39.193888888889;5S40 30;39W11 38;-5.675;-39.193888888889;;57;
57dbac5e112cb;Primário;OM;CE;Missão Velha;Missão Velha - CE;1230;KHz;C;-7.2497222222222;-39.143055555555;7S14 59;39W08 35;-7.2497222222222;-39.143055555555;;84;
57dbac5e1407e;Primário;OM;CE;Mombaça;Mombaça - CE;1540;KHz;C;-5.7383333333333;-39.621388888889;5S44 18;39W37 17;-5.7383333333333;-39.621388888889;;55;
57dbac5e1816a;Primário;OM;CE;Morada Nova;Morada Nova - CE;1350;KHz;C;-5.0472222222222;-38.3775;5S02 50;38W22 39;-5.0472222222222;-38.3775;;56;
57dbac5e1c8c5;Primário;OM;CE;Morada Nova;Morada Nova - CE;1460;KHz;C;-5.1;-38.366666666667;5S05 60;38W22 00;-5.1;-38.366666666667;;55;
57dbac5e20815;Primário;OM;CE;Morrinhos;Morrinhos - CE;1480;KHz;C;-3.2352777777777;-40.1225;3S14 07;40W07 21;-3.2352777777777;-40.1225;;56;
57dbac5e2846f;Primário;OM;CE;Orós;Orós - CE;1190;KHz;C;-6.25;-38.916666666667;6S15 00;38W55 00;-6.25;-38.916666666667;;57;
57dbac5e2acf2;Primário;OM;CE;Pacajus;Pacajus - CE;1410;KHz;B;-4.215;-38.474722222222;4S12 54;38W28 29;-4.215;-38.474722222222;;55;
57dbac5e2eeae;Primário;OM;CE;Pacatuba;Pacatuba - CE;1540;KHz;C;-3.93905;-38.54967;3S56 21;38W32 59;-3.93905;-38.54967;;55;Principal
57dbac5e32ed3;Primário;OM;CE;Pacujá;Pacujá - CE;1430;KHz;C;-3.9880555555555;-40.6975;3S59 17;40W41 51;-3.9880555555555;-40.6975;;48;
57dbac5e35cda;Primário;OM;CE;Paracuru;Paracuru - CE;1150;KHz;B;-3.4666666666667;-39.033333333333;3S28 00;39W01 60;-3.4666666666667;-39.033333333333;;59;
57dbac5e3a929;Primário;OM;CE;Parambu;Parambu - CE;1170;KHz;C;-6.2166666666667;-40.7;6S13 00;40W42 00;-6.2166666666667;-40.7;;58;
57dbac5e3d173;Primário;OM;CE;Paramoti;Paramoti - CE;1440;KHz;B;-4.0833333333333;-39.25;4S04 60;39W15 00;-4.0833333333333;-39.25;;56;
57dbac5e3fb1c;Primário;OM;CE;Pedra Branca;Pedra Branca - CE;1510;KHz;C;-5.4838888888888;-39.708333333333;5S29 02;39W42 30;-5.4838888888888;-39.708333333333;;55;
57dbac5e43ac3;Primário;OM;CE;Pentecoste;Pentecoste - CE;1560;KHz;C;-3.7819444444443;-39.264722222222;3S46 55;39W15 53;-3.7819444444443;-39.264722222222;;55;
57dbac5e47a68;Primário;OM;CE;Quixadá;Quixadá - CE;970;KHz;B;-5;-39.05;5S00 00;39W02 60;-5;-39.05;;63;
57dbac5e4ba93;Primário;OM;CE;Quixadá;Quixadá - CE;1080;KHz;B;-4.9572222222222;-39.026388888889;4S57 26;39W01 35;-4.9572222222222;-39.026388888889;;59;
57dbac5e4fab4;Primário;OM;CE;Quixadá;Quixadá - CE;1280;KHz;C;-4.966389;-39.015594;4S57 59;39W00 56;-4.966389;-39.015594;;57;
57dbac5e521bc;Primário;OM;CE;Quixeramobim;Quixeramobim - CE;840;KHz;C;-5.17675;-39.286666666667;5S10 36;39W17 12;-5.17675;-39.286666666667;;73;Principal
57dbac5e55e3c;Primário;OM;CE;Quixeramobim;Quixeramobim - CE;1450;KHz;C;-5.1991666666667;-39.3075;5S11 57;39W18 27;-5.1991666666667;-39.3075;;48;
57dbac5e59fa9;Primário;OM;CE;Quixeramobim;Quixeramobim - CE;1480;KHz;C;-5.1991666666667;-39.292777777778;5S11 57;39W17 34;-5.1991666666667;-39.292777777778;;55;
57dbac5e5c700;Primário;OM;CE;Russas;Russas - CE;1140;KHz;B;-4.985;-37.94444;4S59 06;37W56 40;-4.985;-37.94444;;55;
57dbac5e611e4;Primário;OM;CE;Russas;Russas - CE;1490;KHz;C;-4,92889;-37,97306;4S55 44;37W58 23;-4,92889;-37,97306;;55;Principal
57dbac5e63ccb;Primário;OM;CE;Santa Quitéria;Santa Quitéria - CE;890;KHz;C;-4.8333333333333;-40.183333333333;4S49 60;40W10 60;-4.8333333333333;-40.183333333333;;72;
57dbac5e67b9d;Primário;OM;CE;Santa Quitéria;Santa Quitéria - CE;1570;KHz;C;-4.3319444444443;-40.156666666667;4S19 55;40W09 24;-4.3319444444443;-40.156666666667;;55;
57dbac5e6a26c;Primário;OM;CE;São Benedito;São Benedito - CE;870;KHz;C;-4.0416666666667;-40.841666666667;4S02 30;40W50 30;-4.0416666666667;-40.841666666667;;72;
57dbac5e6ef76;Primário;OM;CE;São Benedito;São Benedito - CE;1510;KHz;C;-4.0430555555555;-40.894444444444;4S02 35;40W53 40;-4.0430555555555;-40.894444444444;;48;
57dbac5e73ad6;Primário;OM;CE;Senador Pompeu;Senador Pompeu - CE;1130;KHz;B;-5.5234055555555;-39.491019444444;5S31 24;39W29 28;-5.5234055555555;-39.491019444444;;60;
57dbac5e77f36;Primário;OM;CE;Senador Pompeu;Senador Pompeu - CE;1570;KHz;C;-5.5916666666667;-39.377777777778;5S35 30;39W22 40;-5.5916666666667;-39.377777777778;;55;
57dbac5e8046c;Primário;OM;CE;Sobral;Sobral - CE;950;KHz;B;-3.73528;-40.31667;3S44 07;40W19 00;-3.73528;-40.31667;;75;
57dbac5e844af;Primário;OM;CE;Sobral;Sobral - CE;1120;KHz;B;-3.6666666666667;-40.333333333333;3S40 00;40W19 60;-3.6666666666667;-40.333333333333;;75;
57dbac5e88f09;Primário;OM;CE;Sobral;Sobral - CE;1320;KHz;C;-3.71;-40.321388888889;3S42 36;40W19 17;-3.71;-40.321388888889;;62;
57dbac5e90f12;Primário;OM;CE;Tabuleiro do Norte;Tabuleiro do Norte - CE;1530;KHz;C;-5.25;-38.133333333333;5S15 00;38W07 60;-5.25;-38.133333333333;;54;
57dbac5e935bf;Primário;OM;CE;Tauá;Tauá - CE;960;KHz;C;-6.0073472222222;-40.299005555556;6S00 26;40W17 56;-6.0073472222222;-40.299005555556;;78;
57dbac5e973cf;Primário;OM;CE;Tauá;Tauá - CE;1100;KHz;C;-6.3;-40.277777777778;6S17 60;40W16 40;-6.3;-40.277777777778;;59;
57dbac5e9ae57;Primário;OM;CE;Tauá;Tauá - CE;1350;KHz;C;-6;-40.416666666667;6S00 00;40W25 00;-6;-40.416666666667;;56;
57dbac5e9d503;Primário;OM;CE;Tianguá;Tianguá - CE;1540;KHz;C;-3.7275;-41.013333333333;3S43 39;41W00 48;-3.7275;-41.013333333333;;55;
57dbac5ea1d51;Primário;OM;CE;Trairi;Trairi - CE;1230;KHz;C;-3.2777777777777;-39.268888888889;3S16 40;39W16 08;-3.2777777777777;-39.268888888889;;57;
57dbac5ea48c8;Primário;OM;CE;Ubajara;Ubajara - CE;1080;KHz;C;-3.8841666666667;-40.91;3S53 03;40W54 36;-3.8841666666667;-40.91;;59;Principal
57dbac5ea864d;Primário;OM;CE;Várzea Alegre;Várzea Alegre - CE;670;KHz;C;-6.7833333333333;-39.3;6S46 60;39W17 60;-6.7833333333333;-39.3;;80;
57dbac5eac747;Primário;OM;CE;Várzea Alegre;Várzea Alegre - CE;1500;KHz;C;-6.7833333333333;-39.3;6S46 60;39W17 60;-6.7833333333333;-39.3;;55;
57dbac5eaf441;Primário;OM;CE;Viçosa do Ceará;Viçosa do Ceará - CE;1350;KHz;C;-3.5622222222222;-41.092222222222;3S33 44;41W05 32;-3.5622222222222;-41.092222222222;;57;
57dbac5eb1f00;Primário;OM;DF;Brasília;Brasília - DF;710;KHz;B;-15.786944444444;-48.025833333333;15S47 13;48W01 33;-15.786944444444;-48.025833333333;;111;
57dbac5eb5f86;Primário;OM;DF;Brasília;Brasília - DF;750;KHz;B;-15.85333;-48.00083;15S51 12;48W00 03;-15.85333;-48.00083;;90;Principal
57dbac5ebafa5;Primário;OM;DF;Brasília;Brasília - DF;800;KHz;A;-15.789444444444;-47.904166666667;15S47 22;47W54 15;-15.789444444444;-47.904166666667;;148;
57dbac5ebf696;Primário;OM;DF;Brasília;Brasília - DF;840;KHz;B;-15.783333333333;-47.883333333333;15S46 60;47W52 60;-15.783333333333;-47.883333333333;;103;
57dbac5ec378b;Primário;OM;DF;Brasília;Brasília - DF;890;KHz;B;-15.930555555556;-48.041666666667;15S55 50;48W02 30;-15.930555555556;-48.041666666667;;80;
57dbac5ec7bd5;Primário;OM;DF;Brasília;Brasília - DF;980;KHz;A;-15.823333333333;-47.964166666667;15S49 24;47W57 51;-15.823333333333;-47.964166666667;;142;
57dbac5ecbbc0;Primário;OM;DF;Brasília;Brasília - DF;1080;KHz;B;-15.814361111111;-47.997111111111;15S48 52;47W59 50;-15.814361111111;-47.997111111111;;90;Principal
57dbac5ecfe46;Primário;OM;DF;Brasília;Brasília - DF;1210;KHz;B;-15.78969;-48.04978;15S47 23;48W02 59;-15.78969;-48.04978;;65;Principal
57dbac5ed465a;Primário;OM;DF;Brasília;Brasília - DF;1160;KHz;C;-16.046944444444;-48.090277777778;16S02 49;48W05 25;-16.046944444444;-48.090277777778;;65;Principal
57dbac5ed85a4;Primário;OM;ES;Afonso Cláudio;Afonso Cláudio - ES;1300;KHz;B;-20.083333333333;-41.133333333333;20S04 60;41W07 60;-20.083333333333;-41.133333333333;;69;
57dbac5edc75e;Primário;OM;ES;Afonso Cláudio;Afonso Cláudio - ES;1390;KHz;B;-20.083333333333;-41.133333333333;20S04 60;41W07 60;-20.083333333333;-41.133333333333;;54;
57dbac5ee0bc3;Primário;OM;ES;Alegre;Alegre - ES;1490;KHz;C;-20.766666666667;-41.533333333333;20S46 00;41W31 60;-20.766666666667;-41.533333333333;;55;
57dbac5ee2f39;Primário;OM;ES;Aracruz;Aracruz - ES;1570;KHz;C;-19.816666666667;-40.3;19S49 00;40W17 60;-19.816666666667;-40.3;;55;
57dbac5ee5aac;Primário;OM;ES;Baixo Guandu;Baixo Guandu - ES;1070;KHz;C;-19,51111;-40.97667;19S30 40;40W58 36;-19,51111;-40.97667;;59;Principal
57dbac5ee880d;Primário;OM;ES;Barra de São Francisco;Barra de São Francisco - ES;1470;KHz;C;-18.769444444444;-40.889444444444;18S46 10;40W53 22;-18.769444444444;-40.889444444444;;55;
57dbac5eec86e;Primário;OM;ES;Cachoeiro de Itapemirim;Cachoeiro de Itapemirim - ES;770;KHz;B;-20.808888888889;-41.113055555555;20S48 32;41W06 47;-20.808888888889;-41.113055555555;;58;
57dbac5ef1168;Primário;OM;ES;Cachoeiro de Itapemirim;Cachoeiro de Itapemirim - ES;960;KHz;B;-20.822777777778;-41.141111111111;20S49 22;41W08 28;-20.822777777778;-41.141111111111;;90;
57dbac5f0114c;Primário;OM;ES;Cachoeiro de Itapemirim;Cachoeiro de Itapemirim - ES;1210;KHz;B;-20.85;-41.1;20S51 00;41W06 00;-20.85;-41.1;;68;
57dbac5f05293;Primário;OM;ES;Cachoeiro de Itapemirim;Cachoeiro de Itapemirim - ES;1590;KHz;C;-20.85;-41.1;20S51 00;41W06 00;-20.85;-41.1;;55;
57dbac5f0806e;Primário;OM;ES;Cariacica;Cariacica - ES;690;KHz;B;-20.266666666667;-40.416666666667;20S16 00;40W25 00;-20.266666666667;-40.416666666667;;109;
57dbac5f0bebf;Primário;OM;ES;Cariacica;Cariacica - ES;730;KHz;B;-20.26472;-40.35972;20S15 53;40W21 35;-20.26472;-40.35972;;138;Principal
57dbac5f1008d;Primário;OM;ES;Castelo;Castelo - ES;1520;KHz;C;-20.6;-41.2;20S36 00;41W12 00;-20.6;-41.2;;55;
57dbac5f127ea;Primário;OM;ES;Colatina;Colatina - ES;1020;KHz;B;-19.530278;-40.651667;19S31 49;40W39 06;-19.530278;-40.651667;;76;
57dbac5f1698e;Primário;OM;ES;Colatina;Colatina - ES;1490;KHz;C;-19.533333333333;-40.633333333333;19S31 60;40W37 60;-19.533333333333;-40.633333333333;;55;
57dbac5f18be5;Primário;OM;ES;Conceição da Barra;Conceição da Barra - ES;1580;KHz;C;-18.6;-39.733333333333;18S36 00;39W43 60;-18.6;-39.733333333333;;55;
57dbac5f1acf9;Primário;OM;ES;Conceição do Castelo;Conceição do Castelo - ES;1350;KHz;C;-20.35;-41.25;20S21 00;41W15 00;-20.35;-41.25;;56;
57dbac5f1ce11;Primário;OM;ES;Ecoporanga;Ecoporanga - ES;1540;KHz;C;-18.366666666667;-40.833333333333;18S22 00;40W49 60;-18.366666666667;-40.833333333333;;55;
57dbac5f1f8a0;Primário;OM;ES;Guarapari;Guarapari - ES;1450;KHz;C;-20.652222222222;-40.520277777778;20S39 08;40W31 13;-20.652222222222;-40.520277777778;;75;
57dbac5f24bee;Primário;OM;ES;Guarapari;Guarapari - ES;1560;KHz;C;-20.669722222222;-40.498888888889;20S40 11;40W29 56;-20.669722222222;-40.498888888889;;48;
57dbac5f272e5;Primário;OM;ES;Itarana;Itarana - ES;1550;KHz;C;-19.866666666667;-40.883333333333;19S52 00;40W52 60;-19.866666666667;-40.883333333333;;55;
57dbac5f29acf;Primário;OM;ES;Iúna;Iúna - ES;1380;KHz;B;-20.35;-41.533333333333;20S21 00;41W31 60;-20.35;-41.533333333333;;56;
57dbac5f2d8a6;Primário;OM;ES;Linhares;Linhares - ES;870;KHz;C;-19.391111111111;-40.072222222222;19S23 28;40W04 20;-19.391111111111;-40.072222222222;;88;
57dbac5f31682;Primário;OM;ES;Linhares;Linhares - ES;920;KHz;B;-19.4;-40.066666666667;19S23 60;40W04 00;-19.4;-40.066666666667;;96;
57dbac5f35756;Primário;OM;ES;Mimoso do Sul;Mimoso do Sul - ES;1460;KHz;C;-21.066666666667;-41.366666666667;21S04 00;41W22 00;-21.066666666667;-41.366666666667;;55;
57dbac5f37958;Primário;OM;ES;Mucurici;Mucurici - ES;1570;KHz;C;-18.1;-40.516666666667;18S06 00;40W31 00;-18.1;-40.516666666667;;55;
57dbac5f3a05c;Primário;OM;ES;Nova Venécia;Nova Venécia - ES;1510;KHz;C;-18.716666666667;-40.4;18S43 00;40W23 60;-18.716666666667;-40.4;;55;
57dbac5f3d7b6;Primário;OM;ES;Santa Teresa;Santa Teresa - ES;1540;KHz;C;-19.933333333333;-40.6;19S55 60;40W36 00;-19.933333333333;-40.6;;55;
57dbac5f3fa01;Primário;OM;ES;São Gabriel da Palha;São Gabriel da Palha - ES;1530;KHz;C;-19.016666666667;-40.55;19S01 00;40W32 60;-19.016666666667;-40.55;;55;
57dbac5f42155;Primário;OM;ES;São Mateus;São Mateus - ES;1120;KHz;B;-18.674444444444;-39.866388888889;18S40 28;39W51 59;-18.674444444444;-39.866388888889;;55;
57dbac5f467e8;Primário;OM;ES;Serra;Serra - ES;820;KHz;B;-20.133333333333;-40.3;20S07 60;40W17 60;-20.133333333333;-40.3;;78;
57dbac5f4a44a;Primário;OM;ES;Serra;Serra - ES;1250;KHz;B;-20.203611111111;-40.280277777778;20S12 13;40W16 49;-20.203611111111;-40.280277777778;;55;
57dbac5f4e18d;Primário;OM;ES;Vila Velha;Vila Velha - ES;1290;KHz;C;-20.333333333333;-40.3;20S19 60;40W17 60;-20.333333333333;-40.3;;57;
57dbac5f51994;Primário;OM;ES;Vila Velha;Vila Velha - ES;1530;KHz;C;-20.333333333333;-40.3;20S19 60;40W17 60;-20.333333333333;-40.3;;50;
57dbac5f5409b;Primário;OM;ES;Vitória;Vitória - ES;590;KHz;B;-20.316666666667;-40.316666666667;20S19 00;40W19 00;-20.316666666667;-40.316666666667;;30;
57dbac5f58632;Primário;OM;ES;Vitória;Vitória - ES;640;KHz;B;-20.204166666667;-40.279444444444;20S12 15;40W16 46;-20.204166666667;-40.279444444444;;88;
57dbac5f5ce71;Primário;OM;ES;Vitória;Vitória - ES;1050;KHz;A;-20.391102777778;-40.367713888889;20S23 28;40W22 04;-20.391102777778;-40.367713888889;;91;Principal
57dbac5f61018;Primário;OM;ES;Vitória;Vitória - ES;1160;KHz;B;-20.196944444444;-40.376388888889;20S11 49;40W22 35;-20.196944444444;-40.376388888889;;75;
57dbac5f650f5;Primário;OM;GO;Acreúna;Acreúna - GO;1500;KHz;C;-17.466666666667;-50.283333333333;17S28 00;50W16 60;-17.466666666667;-50.283333333333;;55;
57dbac5f67773;Primário;OM;GO;Anápolis;Anápolis - GO;590;KHz;B;-16.326111111111;-48.989166666667;16S19 34;48W59 21;-16.326111111111;-48.989166666667;;123;
57dbac5f6b4b7;Primário;OM;GO;Anápolis;Anápolis - GO;670;KHz;B;-16.310277777778;-48.976111111111;16S18 37;48W58 34;-16.310277777778;-48.976111111111;;87;
57dbac5f6f5cf;Primário;OM;GO;Anápolis;Anápolis - GO;770;KHz;C;-16.315277777778;-48.895277777778;16S18 55;48W53 43;-16.315277777778;-48.895277777778;;80;
57dbac5f73154;Primário;OM;GO;Anápolis;Anápolis - GO;900;KHz;C;-16.326666666667;-48.952777777778;16S19 36;48W57 10;-16.326666666667;-48.952777777778;;90;
57dbac5f75a6d;Primário;OM;GO;Anápolis;Anápolis - GO;1030;KHz;B;-16.282247222222;-48.996308333333;16S16 56;48W59 47;-16.282247222222;-48.996308333333;;63;
57dbac5f79bc7;Primário;OM;GO;Anicuns;Anicuns - GO;1350;KHz;C;-16.466666666667;-49.95;16S28 00;49W57 00;-16.466666666667;-49.95;;56;
57dbac5f7c732;Primário;OM;GO;Aparecida de Goiânia;Aparecida de Goiânia - GO;960;KHz;B;-16.810708333333;-49.262747222222;16S48 39;49W15 46;-16.810708333333;-49.262747222222;;84;Principal
57dbac5f7ff1c;Primário;OM;GO;Aparecida de Goiânia;Aparecida de Goiânia - GO;1440;KHz;C;-16.833333333333;-49.266666666667;16S49 60;49W16 00;-16.833333333333;-49.266666666667;;56;
57dbac5f82065;Primário;OM;GO;Bom Jesus de Goiás;Bom Jesus de Goiás - GO;1070;KHz;C;-18.215277777778;-49.741666666667;18S12 55;49W44 30;-18.215277777778;-49.741666666667;;84;
57dbac5f84263;Primário;OM;GO;Bom Jesus de Goiás;Bom Jesus de Goiás - GO;1450;KHz;C;-18.2;-49.733333333333;18S11 60;49W43 60;-18.2;-49.733333333333;;52;
57dbac5f8641d;Primário;OM;GO;Buriti Alegre;Buriti Alegre - GO;1540;KHz;C;-18.15;-49.05;18S08 60;49W02 60;-18.15;-49.05;;55;
57dbac5f88a8d;Primário;OM;GO;Caçu;Caçu - GO;1160;KHz;C;-18.575555555556;-51.138055555556;18S34 32;51W08 17;-18.575555555556;-51.138055555556;;65;
57dbac5f8c7ce;Primário;OM;GO;Caiapônia;Caiapônia - GO;580;KHz;C;-16.97201;-51.811;16S58 19;51W48 40;-16.97201;-51.811;;90;Principal
57dbac5f90bda;Primário;OM;GO;Caldas Novas;Caldas Novas - GO;760;KHz;B;-17.732777777778;-48.613611111111;17S43 58;48W36 49;-17.732777777778;-48.613611111111;;76;
57dbac5f94ce8;Primário;OM;GO;Campos Belos;Campos Belos - GO;1520;KHz;C;-13.0325;-46.836111111111;13S01 57;46W50 10;-13.0325;-46.836111111111;;55;Principal
57dbac5f9888e;Primário;OM;GO;Catalão;Catalão - GO;570;KHz;C;-18.162777777778;-47.955555555556;18S09 46;47W57 20;-18.162777777778;-47.955555555556;;87;
57dbac5f9c111;Primário;OM;GO;Catalão;Catalão - GO;1300;KHz;C;-18.166666666667;-47.95;18S10 00;47W57 00;-18.166666666667;-47.95;;57;
57dbac5f9e2f7;Primário;OM;GO;Cavalcante;Cavalcante - GO;1390;KHz;C;-13.8;-47.5;13S48 00;47W30 00;-13.8;-47.5;;56;
57dbac5fa096c;Primário;OM;GO;Ceres;Ceres - GO;690;KHz;B;-15.344611111111;-49.613480555556;15S20 41;49W36 49;-15.344611111111;-49.613480555556;;100;
57dbac5fa4b72;Primário;OM;GO;Ceres;Ceres - GO;1250;KHz;C;-15.266666666667;-49.6;15S16 00;49W36 00;-15.266666666667;-49.6;;57;
57dbac5fa931f;Primário;OM;GO;Cristalina;Cristalina - GO;1470;KHz;B;-16.766666666667;-47.616666666667;16S46 00;47W37 00;-16.766666666667;-47.616666666667;;53;
57dbac5fada44;Primário;OM;GO;Edéia;Edéia - GO;1370;KHz;C;-17.416666666667;-49.933333333333;17S25 00;49W55 60;-17.416666666667;-49.933333333333;;66;
57dbac5fb07db;Primário;OM;GO;Firminópolis;Firminópolis - GO;1020;KHz;B;-16.571944444444;-50.306944444444;16S34 19;50W18 25;-16.571944444444;-50.306944444444;;63;
57dbac5fb51f4;Primário;OM;GO;Formosa;Formosa - GO;1140;KHz;C;-15.533333333333;-47.333333333333;15S31 60;47W19 60;-15.533333333333;-47.333333333333;;57;
57dbac5fb8fc3;Primário;OM;GO;Formoso;Formoso - GO;1530;KHz;C;-13.616666666667;-48.9;13S37 00;48W53 60;-13.616666666667;-48.9;;55;
57dbac5fbb892;Primário;OM;GO;Goianésia;Goianésia - GO;780;KHz;B;-15.298888888889;-49.0825;15S17 56;49W04 57;-15.298888888889;-49.0825;;105;
57dbac5fc0167;Primário;OM;GO;Goiânia;Goiânia - GO;540;KHz;B;-16.715555555556;-49.245277777778;16S42 56;49W14 43;-16.715555555556;-49.245277777778;;115;Principal
57dbac5fc4734;Primário;OM;GO;Goiânia;Goiânia - GO;640;KHz;B;-16.73778;-49.40972;16S44 16;49W24 35;-16.73778;-49.40972;;100;
57dbac5fc8db1;Primário;OM;GO;Goiânia;Goiânia - GO;730;KHz;B;-16.64028;-49.31333;16S38 25;49W18 48;-16.64028;-49.31333;;100;Principal
57dbac5fcdd32;Primário;OM;GO;Goiânia;Goiânia - GO;820;KHz;B;-16.729341666667;-49.335125;16S43 46;49W20 06;-16.729341666667;-49.335125;;90;Principal
57dbac5fd31ed;Primário;OM;GO;Goiânia;Goiânia - GO;870;KHz;B;-16.597777777778;-49.288055555556;16S35 52;49W17 17;-16.597777777778;-49.288055555556;;88;
57dbac5fd8015;Primário;OM;GO;Goiânia;Goiânia - GO;1090;KHz;B;-16.751127777778;-49.235138888889;16S45 04;49W14 07;-16.751127777778;-49.235138888889;;69;
57dbac5fdcc71;Primário;OM;GO;Goiânia;Goiânia - GO;1230;KHz;B;-16.657916666667;-49.227638888889;16S39 29;49W13 40;-16.657916666667;-49.227638888889;;84;
57dbac5fe1581;Primário;OM;GO;Goiânia;Goiânia - GO;1270;KHz;B;-16.58742;-49.21747;16S35 15;49W13 03;-16.58742;-49.21747;;79;Principal
57dbac5fe5ddf;Primário;OM;GO;Goiânia;Goiânia - GO;1400;KHz;C;-16.666666666667;-49.25;16S40 00;49W15 00;-16.666666666667;-49.25;;48;
57dbac5fe86b0;Primário;OM;GO;Goiás;Goiás - GO;1470;KHz;C;-15.947222222222;-50.126944444444;15S56 50;50W07 37;-15.947222222222;-50.126944444444;;51;
57dbac5fecec0;Primário;OM;GO;Goiatuba;Goiatuba - GO;830;KHz;C;-18.088888888889;-49.368888888889;18S05 20;49W22 08;-18.088888888889;-49.368888888889;;90;
57dbac5ff0f7e;Primário;OM;GO;Goiatuba;Goiatuba - GO;1510;KHz;C;-18.016666666667;-49.366666666667;18S01 00;49W22 00;-18.016666666667;-49.366666666667;;48;
57dbac600107f;Primário;OM;GO;Inhumas;Inhumas - GO;1050;KHz;C;-16.353888888889;-49.494444444444;16S21 14;49W29 40;-16.353888888889;-49.494444444444;;53;
57dbac60054cc;Primário;OM;GO;Inhumas;Inhumas - GO;1290;KHz;C;-16.366666666667;-49.5;16S22 00;49W30 00;-16.366666666667;-49.5;;57;
57dbac6007e5d;Primário;OM;GO;Ipameri;Ipameri - GO;790;KHz;C;-17.707777777778;-48.129166666667;17S42 28;48W07 45;-17.707777777778;-48.129166666667;;100;
57dbac600c1da;Primário;OM;GO;Iporá;Iporá - GO;760;KHz;C;-16.431133333333;-51.113691666667;16S25 52;51W06 49;-16.431133333333;-51.113691666667;;78;
57dbac60148c2;Primário;OM;GO;Itapuranga;Itapuranga - GO;660;KHz;C;-15.583333333333;-49.983333333333;15S34 60;49W58 60;-15.583333333333;-49.983333333333;;80;
57dbac6019122;Primário;OM;GO;Itumbiara;Itumbiara - GO;910;KHz;B;-18.421416666667;-49.233694444444;18S25 17;49W14 01;-18.421416666667;-49.233694444444;;72;
57dbac601d414;Primário;OM;GO;Itumbiara;Itumbiara - GO;950;KHz;B;-18.416666666667;-49.216666666667;18S25 00;49W13 00;-18.416666666667;-49.216666666667;;69;
57dbac6021630;Primário;OM;GO;Jaraguá;Jaraguá - GO;910;KHz;C;-15.783611111111;-49.318888888889;15S47 01;49W19 08;-15.783611111111;-49.318888888889;;83;
57dbac6025e15;Primário;OM;GO;Jataí;Jataí - GO;680;KHz;B;-17.869444444444;-51.72;17S52 10;51W43 12;-17.869444444444;-51.72;;80;
57dbac6029b52;Primário;OM;GO;Jussara;Jussara - GO;650;KHz;C;-15.873055555556;-50.849166666667;15S52 23;50W50 57;-15.873055555556;-50.849166666667;;83;
57dbac602d9dd;Primário;OM;GO;Luziânia;Luziânia - GO;610;KHz;B;-16.225;-47.944722222222;16S13 30;47W56 41;-16.225;-47.944722222222;;105;
57dbac6031bd7;Primário;OM;GO;Mara Rosa;Mara Rosa - GO;960;KHz;C;-13.966666666667;-49.166666666667;13S58 00;49W10 00;-13.966666666667;-49.166666666667;;69;
57dbac60342ac;Primário;OM;GO;Minaçu;Minaçu - GO;1060;KHz;C;-13.490555555556;-48.2075;13S29 26;48W12 27;-13.490555555556;-48.2075;;59;
57dbac603802f;Primário;OM;GO;Mineiros;Mineiros - GO;790;KHz;C;-17.559722222222;-52.536666666667;17S33 35;52W32 12;-17.559722222222;-52.536666666667;;105;
57dbac603bad4;Primário;OM;GO;Montes Claros de Goiás;Montes Claros de Goiás - GO;1460;KHz;C;-16.007777777778;-51.396666666667;16S00 28;51W23 48;-16.007777777778;-51.396666666667;;55;
57dbac603e1f1;Primário;OM;GO;Morrinhos;Morrinhos - GO;1460;KHz;C;-17.733333333333;-49.1;17S43 60;49W06 00;-17.733333333333;-49.1;;48;
57dbac6042128;Primário;OM;GO;Mozarlândia;Mozarlândia - GO;930;KHz;C;-14.783333333333;-50.583333333333;14S46 60;50W34 60;-14.783333333333;-50.583333333333;;69;
57dbac60447e7;Primário;OM;GO;Niquelândia;Niquelândia - GO;680;KHz;C;-14.466666666667;-48.45;14S28 00;48W27 00;-14.466666666667;-48.45;;80;
57dbac60487d2;Primário;OM;GO;Orizona;Orizona - GO;1520;KHz;C;-17.033333333333;-48.3;17S01 60;48W17 60;-17.033333333333;-48.3;;55;
57dbac604a9a5;Primário;OM;GO;Palmeiras de Goiás;Palmeiras de Goiás - GO;1490;KHz;C;-16.816666666667;-49.95;16S49 00;49W57 00;-16.816666666667;-49.95;;55;
57dbac604d144;Primário;OM;GO;Piracanjuba;Piracanjuba - GO;700;KHz;B;-17.316666666667;-49.009166666667;17S19 00;49W00 33;-17.316666666667;-49.009166666667;;107;
57dbac6051202;Primário;OM;GO;Piranhas;Piranhas - GO;910;KHz;C;-16.426944444444;-51.822222222222;16S25 37;51W49 20;-16.426944444444;-51.822222222222;;83;
57dbac605390e;Primário;OM;GO;Pires do Rio;Pires do Rio - GO;630;KHz;C;-17.295;-48.301388888889;17S17 42;48W18 05;-17.295;-48.301388888889;;115;
57dbac60573c5;Primário;OM;GO;Planaltina;Planaltina - GO;1560;KHz;C;-15.466666666667;-47.65;15S28 00;47W38 60;-15.466666666667;-47.65;;55;
57dbac6059d36;Primário;OM;GO;Pontalina;Pontalina - GO;1530;KHz;C;-17.566666666667;-49.466666666667;17S34 00;49W28 00;-17.566666666667;-49.466666666667;;55;
57dbac605c965;Primário;OM;GO;Porangatu;Porangatu - GO;850;KHz;C;-13.489166666667;-49.137222222222;13S29 21;49W08 14;-13.489166666667;-49.137222222222;;88;
57dbac6060384;Primário;OM;GO;Porangatu;Porangatu - GO;1480;KHz;C;-13.433333333333;-49.45;13S25 60;49W27 00;-13.433333333333;-49.45;;55;
57dbac6062a2b;Primário;OM;GO;Posse;Posse - GO;1510;KHz;C;-14.081388888889;-46.346666666667;14S04 53;46W20 48;-14.081388888889;-46.346666666667;;55;Principal
57dbac60667b5;Primário;OM;GO;Quirinópolis;Quirinópolis - GO;560;KHz;B;-18.441944444444;-50.457222222222;18S26 31;50W27 26;-18.441944444444;-50.457222222222;;104;
57dbac606f52a;Primário;OM;GO;Rialma;Rialma - GO;810;KHz;C;-15.308283333333;-49.581563888889;15S18 30;49W34 54;-15.308283333333;-49.581563888889;;90;
57dbac60731ba;Primário;OM;GO;Rio Quente;Rio Quente - GO;1080;KHz;C;-17.774166666667;-48.7725;17S46 27;48W46 21;-17.774166666667;-48.7725;;70;
57dbac607597d;Primário;OM;GO;Rio Verde;Rio Verde - GO;900;KHz;B;-17.741666666667;-50.952777777778;17S44 30;50W57 10;-17.741666666667;-50.952777777778;;88;
57dbac607a1cf;Primário;OM;GO;Santa Helena de Goiás;Santa Helena de Goiás - GO;1010;KHz;B;-17.816666666667;-50.585277777778;17S49 00;50W35 07;-17.816666666667;-50.585277777778;;89;
57dbac607f472;Primário;OM;GO;Santa Terezinha de Goiás;Santa Terezinha de Goiás - GO;1490;KHz;C;-14.383333333333;-49.75;14S22 60;49W45 00;-14.383333333333;-49.75;;55;
57dbac6082264;Primário;OM;GO;Santo Antônio do Descoberto;Santo Antônio do Descoberto - GO;1110;KHz;B;-15.904722222222;-48.056111111111;15S54 17;48W03 22;-15.904722222222;-48.056111111111;;81;
57dbac6087180;Primário;OM;GO;Santo Antônio do Descoberto;Santo Antônio do Descoberto - GO;1410;KHz;B;-16.050833333333;-48.108888888889;16S03 03;48W06 32;-16.050833333333;-48.108888888889;;79;
57dbac608fddb;Primário;OM;GO;São Miguel do Araguaia;São Miguel do Araguaia - GO;1450;KHz;C;-13.316666666667;-50.233333333333;13S19 00;50W13 60;-13.316666666667;-50.233333333333;;55;
57dbac609b188;Primário;OM;GO;Uruaçu;Uruaçu - GO;1320;KHz;C;-14.542805555556;-49.146669444444;14S32 34;49W08 48;-14.542805555556;-49.146669444444;;57;
57dbac609f1be;Primário;OM;MA;Açailândia;Açailândia - MA;790;KHz;C;-4.9333333333333;-47.5;4S55 60;47W30 00;-4.9333333333333;-47.5;;74;
57dbac60a2c0c;Primário;OM;MA;Amarante do Maranhão;Amarante do Maranhão - MA;1490;KHz;C;-5.5666666666667;-46.75;5S34 00;46W45 00;-5.5666666666667;-46.75;;55;
57dbac60a54e0;Primário;OM;MA;Bacabal;Bacabal - MA;1030;KHz;B;-4.2280555555555;-44.776388888889;4S13 41;44W46 35;-4.2280555555555;-44.776388888889;;71;
57dbac60a8ee4;Primário;OM;MA;Bacabal;Bacabal - MA;1260;KHz;C;-4.225;-44.78;4S13 30;44W46 48;-4.225;-44.78;;58;
57dbac60abfed;Primário;OM;MA;Balsas;Balsas - MA;770;KHz;B;-7.5291666666667;-46.029444444444;7S31 45;46W01 46;-7.5291666666667;-46.029444444444;;105;
57dbac60affc1;Primário;OM;MA;Balsas;Balsas - MA;1090;KHz;B;-7.5027777777777;-46.033333333333;7S30 10;46W01 60;-7.5027777777777;-46.033333333333;;69;
57dbac60b3ed6;Primário;OM;MA;Barra do Corda;Barra do Corda - MA;540;KHz;C;-5.5166666666667;-45.266666666667;5S31 00;45W16 00;-5.5166666666667;-45.266666666667;;67;
57dbac60b773a;Primário;OM;MA;Brejo;Brejo - MA;1580;KHz;C;-3.6833333333333;-42.8;3S40 60;42W47 60;-3.6833333333333;-42.8;;55;
57dbac60b9a8a;Primário;OM;MA;Cantanhede;Cantanhede - MA;1150;KHz;C;-3.6333333333333;-44.376666666667;3S37 60;44W22 36;-3.6333333333333;-44.376666666667;;58;
57dbac60bbeb6;Primário;OM;MA;Carolina;Carolina - MA;670;KHz;C;-7.3333333333333;-47.466666666667;7S19 60;47W28 00;-7.3333333333333;-47.466666666667;;80;
57dbac60be774;Primário;OM;MA;Caxias;Caxias - MA;1230;KHz;C;-4.838611111111;-43.327222222222;4S50 19;43W19 38;-4.838611111111;-43.327222222222;;49;
57dbac60c27ab;Primário;OM;MA;Caxias;Caxias - MA;1380;KHz;C;-4.8922222222222;-43.3475;4S53 32;43W20 51;-4.8922222222222;-43.3475;;56;
57dbac60c6773;Primário;OM;MA;Chapadinha;Chapadinha - MA;1520;KHz;C;-3.7394444444443;-43.348333333333;3S44 22;43W20 54;-3.7394444444443;-43.348333333333;;55;
57dbac60cadbe;Primário;OM;MA;Codó;Codó - MA;730;KHz;C;-4.4427777777777;-43.895277777778;4S26 34;43W53 43;-4.4427777777777;-43.895277777778;;58;
57dbac60cedb5;Primário;OM;MA;Codó;Codó - MA;870;KHz;C;-4.4533333333333;-43.856111111111;4S27 12;43W51 22;-4.4533333333333;-43.856111111111;;72;
57dbac60d2db3;Primário;OM;MA;Coelho Neto;Coelho Neto - MA;770;KHz;C;-4.2533333333333;-43.018055555556;4S15 12;43W01 05;-4.2533333333333;-43.018055555556;;74;
57dbac60d7499;Primário;OM;MA;Colinas;Colinas - MA;1480;KHz;B;-6.0222222222222;-44.255277777778;6S01 20;44W15 19;-6.0222222222222;-44.255277777778;;48;
57dbac60dbb35;Primário;OM;MA;Coroatá;Coroatá - MA;1570;KHz;C;-4.1444444444443;-44.115;4S08 40;44W06 54;-4.1444444444443;-44.115;;48;
57dbac60df3e8;Primário;OM;MA;Cururupu;Cururupu - MA;1520;KHz;C;-1.8166666666667;-44.866666666667;1S49 00;44W52 00;-1.8166666666667;-44.866666666667;;55;
57dbac60e17b0;Primário;OM;MA;Dom Pedro;Dom Pedro - MA;660;KHz;C;-5;-44.45;5S00 00;44W27 00;-5;-44.45;;80;
57dbac60e405d;Primário;OM;MA;Esperantinópolis;Esperantinópolis - MA;830;KHz;C;-4.8833333333333;-44.883333333333;4S52 60;44W52 60;-4.8833333333333;-44.883333333333;;87;
57dbac60e7e3e;Primário;OM;MA;Grajaú;Grajaú - MA;710;KHz;B;-5.8191666666667;-46.16;5S49 09;46W09 36;-5.8191666666667;-46.16;;76;
57dbac60ebf89;Primário;OM;MA;Icatu;Icatu - MA;1480;KHz;C;-2.7666666666667;-44.05;2S46 00;44W02 60;-2.7666666666667;-44.05;;55;
57dbac60f2abe;Primário;OM;MA;Imperatriz;Imperatriz - MA;830;KHz;B;-5.4672222222222;-47.4775;5S28 02;47W28 39;-5.4672222222222;-47.4775;;90;Principal
57dbac61022ab;Primário;OM;MA;João Lisboa;João Lisboa - MA;890;KHz;C;-5.3333333333333;-47.283333333333;5S19 60;47W16 60;-5.3333333333333;-47.283333333333;;86;
57dbac6104b97;Primário;OM;MA;João Lisboa;João Lisboa - MA;950;KHz;B;-5.4530555555555;-47.413333333333;5S27 11;47W24 48;-5.4530555555555;-47.413333333333;;69;
57dbac6108c10;Primário;OM;MA;Lago da Pedra;Lago da Pedra - MA;1540;KHz;C;-4.3333333333333;-45.27;4S19 60;45W16 12;-4.3333333333333;-45.27;;55;
57dbac610c4e6;Primário;OM;MA;Montes Altos;Montes Altos - MA;1550;KHz;C;-5.8333333333333;-47.066666666667;5S49 60;47W04 00;-5.8333333333333;-47.066666666667;;55;
57dbac610e8b4;Primário;OM;MA;Passagem Franca;Passagem Franca - MA;670;KHz;C;-6.1833333333333;-43.766666666667;6S10 60;43W46 00;-6.1833333333333;-43.766666666667;;80;
57dbac6111114;Primário;OM;MA;Pedreiras;Pedreiras - MA;1450;KHz;C;-4.5666666666667;-44.666666666667;4S34 00;44W40 00;-4.5666666666667;-44.666666666667;;52;
57dbac61149cb;Primário;OM;MA;Penalva;Penalva - MA;920;KHz;C;-3.2941666666667;-45.173611111111;3S17 39;45W10 25;-3.2941666666667;-45.173611111111;;61;
57dbac61172ea;Primário;OM;MA;Pindaré-Mirim;Pindaré-Mirim - MA;1520;KHz;C;-3.6058333333333;-45.341944444444;3S36 21;45W20 31;-3.6058333333333;-45.341944444444;;54;
57dbac611b28d;Primário;OM;MA;Pinheiro;Pinheiro - MA;710;KHz;C;-2.5433333333333;-45.073888888889;2S32 36;45W04 26;-2.5433333333333;-45.073888888889;;106;
57dbac611ed0a;Primário;OM;MA;Poção de Pedras;Poção de Pedras - MA;1580;KHz;C;-4.75;-44.933333333333;4S45 00;44W55 60;-4.75;-44.933333333333;;55;
57dbac6121573;Primário;OM;MA;Presidente Dutra;Presidente Dutra - MA;1470;KHz;C;-5.2955555555555;-44.454444444444;5S17 44;44W27 16;-5.2955555555555;-44.454444444444;;55;
57dbac6124dd2;Primário;OM;MA;Riachão;Riachão - MA;930;KHz;C;-7.3666666666667;-46.616666666667;7S22 00;46W37 00;-7.3666666666667;-46.616666666667;;69;
57dbac612764b;Primário;OM;MA;Santa Helena;Santa Helena - MA;790;KHz;C;-2.2308333333333;-45.301944444444;2S13 51;45W18 07;-2.2308333333333;-45.301944444444;;74;
57dbac612b8bd;Primário;OM;MA;Santa Luzia;Santa Luzia - MA;1400;KHz;C;-4.25;-45.633333333333;4S15 00;45W37 60;-4.25;-45.633333333333;;56;
57dbac612e137;Primário;OM;MA;Santa Luzia;Santa Luzia - MA;1460;KHz;B;-3.9605555555555;-45.668055555555;3S57 38;45W40 05;-3.9605555555555;-45.668055555555;;55;
57dbac613275a;Primário;OM;MA;São João dos Patos;São João dos Patos - MA;1450;KHz;C;-6.5055555555555;-43.7025;6S30 20;43W42 09;-6.5055555555555;-43.7025;;55;
57dbac613674f;Primário;OM;MA;São Luís;São Luís - MA;560;KHz;B;-2.5666666666667;-44.3;2S34 00;44W17 60;-2.5666666666667;-44.3;;125;
57dbac613a90f;Primário;OM;MA;São Luís;São Luís - MA;600;KHz;B;-2.5727777777777;-44.2925;2S34 22;44W17 33;-2.5727777777777;-44.2925;;119;
57dbac613f20d;Primário;OM;MA;São Luís;São Luís - MA;680;KHz;B;-2.5378333333333;-44.331083333333;2S32 16;44W19 52;-2.5378333333333;-44.331083333333;;115;
57dbac61435cf;Primário;OM;MA;São Luís;São Luís - MA;800;KHz;B;-2.5333333333333;-44.05;2S31 60;44W02 60;-2.5333333333333;-44.05;;105;
57dbac6146406;Primário;OM;MA;São Luís;São Luís - MA;1180;KHz;B;-2.553611111111;-44.259722222222;2S33 13;44W15 35;-2.553611111111;-44.259722222222;;69;
57dbac614a4e3;Primário;OM;MA;São Luís;São Luís - MA;1290;KHz;B;-2.53944;-44.31722;2S32 22;44W19 02;-2.53944;-44.31722;;62;Principal
57dbac614e89e;Primário;OM;MA;São Luís;São Luís - MA;1340;KHz;B;-2.4833333333333;-44.133333333333;2S28 60;44W07 60;-2.4833333333333;-44.133333333333;;75;
57dbac6152f15;Primário;OM;MA;São Raimundo das Mangabeiras;São Raimundo das Mangabeiras - MA;1460;KHz;C;-7.0166666666667;-45.483333333333;7S01 00;45W28 60;-7.0166666666667;-45.483333333333;;55;
57dbac61557e2;Primário;OM;MA;Timon;Timon - MA;570;KHz;B;-5.1408333333333;-42.811666666667;5S08 27;42W48 42;-5.1408333333333;-42.811666666667;;85;
57dbac61594be;Primário;OM;MA;Timon;Timon - MA;1320;KHz;C;-5.1;-42.816666666667;5S05 60;42W49 00;-5.1;-42.816666666667;;57;
57dbac615bd6c;Primário;OM;MA;Tuntum;Tuntum - MA;790;KHz;C;-5.2638888888888;-44.634722222222;5S15 50;44W38 05;-5.2638888888888;-44.634722222222;;74;Principal
57dbac615fcb7;Primário;OM;MA;Turiaçu;Turiaçu - MA;1470;KHz;C;-1.6833333333333;-45.366666666667;1S40 60;45W22 00;-1.6833333333333;-45.366666666667;;54;
57dbac6163863;Primário;OM;MA;Tutóia;Tutóia - MA;1510;KHz;C;-2.7666666666667;-42.283333333333;2S46 00;42W16 60;-2.7666666666667;-42.283333333333;;55;
57dbac6166132;Primário;OM;MA;Urbano Santos;Urbano Santos - MA;1470;KHz;C;-3.1977777777777;-43.383333333333;3S11 52;43W22 60;-3.1977777777777;-43.383333333333;;55;
57dbac616a07b;Primário;OM;MA;Vargem Grande;Vargem Grande - MA;1550;KHz;B;-3.536111111111;-44.1;3S32 10;44W06 00;-3.536111111111;-44.1;;55;
57dbac616e77d;Primário;OM;MA;Viana;Viana - MA;630;KHz;B;-3.1983333333333;-45.020277777778;3S11 54;45W01 13;-3.1983333333333;-45.020277777778;;83;
57dbac6172ad2;Primário;OM;MA;Vitória do Mearim;Vitória do Mearim - MA;850;KHz;B;-3.478611111111;-44.869722222222;3S28 43;44W52 11;-3.478611111111;-44.869722222222;;106;
57dbac61768b4;Primário;OM;MA;Vitorino Freire;Vitorino Freire - MA;1560;KHz;C;-4.125;-45.168333333333;4S07 30;45W10 06;-4.125;-45.168333333333;;55;
57dbac617a3b5;Primário;OM;MA;Zé Doca;Zé Doca - MA;780;KHz;B;-3.275;-45.640277777778;3S16 30;45W38 25;-3.275;-45.640277777778;;91;
57dbac617da98;Primário;OM;MG;Abaeté;Abaeté - MG;1480;KHz;C;-19.15;-45.45;19S08 60;45W27 00;-19.15;-45.45;;55;
57dbac61805fd;Primário;OM;MG;Aimorés;Aimorés - MG;810;KHz;C;-19.483333333333;-41.066666666667;19S28 60;41W04 00;-19.483333333333;-41.066666666667;;80;
57dbac6184273;Primário;OM;MG;Além Paraíba;Além Paraíba - MG;1460;KHz;C;-21.866666666667;-42.666666666667;21S52 00;42W40 00;-21.866666666667;-42.666666666667;;50;
57dbac61887a4;Primário;OM;MG;Alfenas;Alfenas - MG;1180;KHz;B;-21.445763888889;-45.875755555556;21S26 45;45W52 33;-21.445763888889;-45.875755555556;;58;Principal
57dbac618cc9b;Primário;OM;MG;Almenara;Almenara - MG;1530;KHz;C;-16.19369;-40.68742;16S11 37;40W41 15;-16.19369;-40.68742;;55;Principal
57dbac6190de7;Primário;OM;MG;Alpercata;Alpercata - MG;1420;KHz;C;-18.95;-41.933333333333;18S56 60;41W55 60;-18.95;-41.933333333333;;55;
57dbac61935b2;Primário;OM;MG;Alterosa;Alterosa - MG;1590;KHz;C;-21.25;-46.15;21S15 00;46W08 60;-21.25;-46.15;;55;
57dbac6195e7c;Primário;OM;MG;Andradas;Andradas - MG;900;KHz;C;-22.02556;-46.55444;22S01 32;46W33 16;-22.02556;-46.55444;;72;
57dbac61998d5;Primário;OM;MG;Antônio Carlos;Antônio Carlos - MG;1290;KHz;C;-21.316666666667;-43.75;21S19 00;43W45 00;-21.316666666667;-43.75;;57;
57dbac619bc1f;Primário;OM;MG;Araçuaí;Araçuaí - MG;1510;KHz;C;-16.85;-42.066666666667;16S51 00;42W04 00;-16.85;-42.066666666667;;55;
57dbac619e4e7;Primário;OM;MG;Araguari;Araguari - MG;930;KHz;C;-18.65;-48.183333333333;18S38 60;48W10 60;-18.65;-48.183333333333;;84;
57dbac61a2c49;Primário;OM;MG;Araguari;Araguari - MG;1110;KHz;C;-18.633333333333;-48.183333333333;18S37 60;48W10 60;-18.633333333333;-48.183333333333;;58;
57dbac61a68b9;Primário;OM;MG;Araguari;Araguari - MG;1490;KHz;C;-18.66435;-48.19878;18S39 52;48W11 56;-18.66435;-48.19878;;50;Principal
57dbac61af093;Primário;OM;MG;Araxá;Araxá - MG;1170;KHz;C;-19.616666666667;-46.9;19S37 00;46W53 60;-19.616666666667;-46.9;;72;
57dbac61b809e;Primário;OM;MG;Bambuí;Bambuí - MG;670;KHz;C;-19.996111;-45.986389;19S59 46;45W59 11;-19.996111;-45.986389;;80;
57dbac61bc156;Primário;OM;MG;Barbacena;Barbacena - MG;820;KHz;B;-21.216666666667;-43.783333333333;21S13 00;43W46 60;-21.216666666667;-43.783333333333;;73;
57dbac61c0231;Primário;OM;MG;Barbacena;Barbacena - MG;1230;KHz;B;-21.216666666667;-43.783333333333;21S13 00;43W46 60;-21.216666666667;-43.783333333333;;70;
57dbac61c4a13;Primário;OM;MG;Belo Horizonte;Belo Horizonte - MG;570;KHz;B;-19.74917;-44.31111;19S44 57;44W18 40;-19.74917;-44.31111;;93;
57dbac61c9556;Primário;OM;MG;Belo Horizonte;Belo Horizonte - MG;690;KHz;B;-20.051666666667;-44.076388888889;20S03 06;44W04 35;-20.051666666667;-44.076388888889;;110;
57dbac61cd9db;Primário;OM;MG;Belo Horizonte;Belo Horizonte - MG;830;KHz;B;-19.92583;-43.89194;19S55 33;43W53 31;-19.92583;-43.89194;;100;Principal
57dbac61d1bbd;Primário;OM;MG;Belo Horizonte;Belo Horizonte - MG;880;KHz;A;-19.89992;-44.05303;19S53 60;44W03 11;-19.89992;-44.05303;;182;Principal
57dbac61d5e5b;Primário;OM;MG;Belo Horizonte;Belo Horizonte - MG;950;KHz;B;-19.953333333333;-44.0175;19S57 12;44W01 03;-19.953333333333;-44.0175;;82;
57dbac61da901;Primário;OM;MG;Belo Horizonte;Belo Horizonte - MG;1150;KHz;B;-19.970277777778;-43.985555555556;19S58 13;43W59 08;-19.970277777778;-43.985555555556;;85;
57dbac61dec7b;Primário;OM;MG;Belo Horizonte;Belo Horizonte - MG;1190;KHz;C;-19.933333333333;-43.95;19S55 60;43W57 00;-19.933333333333;-43.95;;84;
57dbac61e31ee;Primário;OM;MG;Boa Esperança;Boa Esperança - MG;1120;KHz;C;-21.0875;-45.633333333333;21S05 15;45W37 60;-21.0875;-45.633333333333;;58;
57dbac61e71fe;Primário;OM;MG;Bocaiúva;Bocaiúva - MG;1140;KHz;B;-17.106111111111;-43.815555555556;17S06 22;43W48 56;-17.106111111111;-43.815555555556;;79;
57dbac61eabb4;Primário;OM;MG;Bocaiúva;Bocaiúva - MG;1500;KHz;C;-17.116666666667;-43.816666666667;17S07 00;43W49 00;-17.116666666667;-43.816666666667;;55;
57dbac61ed45c;Primário;OM;MG;Bom Despacho;Bom Despacho - MG;1540;KHz;C;-19.745388888889;-45.239388888889;19S44 43;45W14 22;-19.745388888889;-45.239388888889;;48;
57dbac61f14ee;Primário;OM;MG;Botelhos;Botelhos - MG;1420;KHz;C;-21.65;-46.4;21S38 60;46W23 60;-21.65;-46.4;;56;
57dbac62011cf;Primário;OM;MG;Brazópolis;Brazópolis - MG;1380;KHz;C;-22.466666666667;-45.616666666667;22S28 00;45W37 00;-22.466666666667;-45.616666666667;;56;
57dbac6204abf;Primário;OM;MG;Brumadinho;Brumadinho - MG;1470;KHz;C;-20.15;-44.216666666667;20S08 60;44W13 00;-20.15;-44.216666666667;;55;
57dbac620737e;Primário;OM;MG;Bueno Brandão;Bueno Brandão - MG;950;KHz;B;-22.433333333333;-46.35;22S25 60;46W21 00;-22.433333333333;-46.35;;73;
57dbac620b1f2;Primário;OM;MG;Buritis;Buritis - MG;1460;KHz;C;-15.598611111111;-46.431944444444;15S35 55;46W25 55;-15.598611111111;-46.431944444444;;55;
57dbac620ec03;Primário;OM;MG;Caeté;Caeté - MG;1290;KHz;C;-19.88;-43.669722222222;19S52 48;43W40 11;-19.88;-43.669722222222;;58;
57dbac6210f70;Primário;OM;MG;Camanducaia;Camanducaia - MG;1400;KHz;C;-22.755277777778;-46.144722222222;22S45 19;46W08 41;-22.755277777778;-46.144722222222;;55;
57dbac62138cd;Primário;OM;MG;Campanha;Campanha - MG;1140;KHz;B;-21.773888888889;-45.429722222222;21S46 26;45W25 47;-21.773888888889;-45.429722222222;;65;Principal
57dbac62172a1;Primário;OM;MG;Campestre;Campestre - MG;1300;KHz;C;-21.716666666667;-46.25;21S43 00;46W15 00;-21.716666666667;-46.25;;55;
57dbac62199d8;Primário;OM;MG;Campina Verde;Campina Verde - MG;1230;KHz;B;-19.533333333333;-49.35;19S31 60;49W21 00;-19.533333333333;-49.35;;100;
57dbac621dd7b;Primário;OM;MG;Campo Belo;Campo Belo - MG;930;KHz;B;-20.883333333333;-45.266666666667;20S52 60;45W16 00;-20.883333333333;-45.266666666667;;65;
57dbac6221992;Primário;OM;MG;Capelinha;Capelinha - MG;1580;KHz;C;-17.7;-42.516666666667;17S41 60;42W31 00;-17.7;-42.516666666667;;55;
57dbac62241ff;Primário;OM;MG;Capinópolis;Capinópolis - MG;810;KHz;C;-18.684694444444;-49.588111111111;18S41 05;49W35 17;-18.684694444444;-49.588111111111;;59;
57dbac62281d7;Primário;OM;MG;Carangola;Carangola - MG;900;KHz;B;-20.698333333333;-42.025833333333;20S41 54;42W01 33;-20.698333333333;-42.025833333333;;80;
57dbac622bb3d;Primário;OM;MG;Carangola;Carangola - MG;1540;KHz;C;-20.733055555556;-42.029444444444;20S43 59;42W01 46;-20.733055555556;-42.029444444444;;55;
57dbac622e377;Primário;OM;MG;Caratinga;Caratinga - MG;970;KHz;B;-19.785394444444;-42.151669444444;19S47 07;42W09 06;-19.785394444444;-42.151669444444;;64;
57dbac6231ef7;Primário;OM;MG;Caratinga;Caratinga - MG;1240;KHz;B;-19.789722222222;-42.139166666667;19S47 23;42W08 21;-19.789722222222;-42.139166666667;;61;
57dbac62347cb;Primário;OM;MG;Carmo do Paranaíba;Carmo do Paranaíba - MG;710;KHz;C;-18.994766666667;-46.311416666667;18S59 41;46W18 41;-18.994766666667;-46.311416666667;;118;
57dbac6238829;Primário;OM;MG;Carmo do Rio Claro;Carmo do Rio Claro - MG;1550;KHz;C;-20.983055555556;-46.1325;20S58 59;46W07 57;-20.983055555556;-46.1325;;50;
57dbac623c1c6;Primário;OM;MG;Carmópolis de Minas;Carmópolis de Minas - MG;1510;KHz;C;-20.541388888889;-44.635;20S32 29;44W38 06;-20.541388888889;-44.635;;48;
57dbac623e9ef;Primário;OM;MG;Cássia;Cássia - MG;1520;KHz;C;-20.583333333333;-46.933333333333;20S34 60;46W55 60;-20.583333333333;-46.933333333333;;55;
57dbac62426e1;Primário;OM;MG;Cataguases;Cataguases - MG;550;KHz;C;-21.383333333333;-42.7;21S22 60;42W42 00;-21.383333333333;-42.7;;70;
57dbac624656d;Primário;OM;MG;Congonhas;Congonhas - MG;1020;KHz;B;-20.5125;-43.956944444444;20S30 45;43W57 25;-20.5125;-43.956944444444;;65;
57dbac624ac25;Primário;OM;MG;Conselheiro Lafaiete;Conselheiro Lafaiete - MG;1270;KHz;B;-20.65;-43.783333333333;20S38 60;43W46 60;-20.65;-43.783333333333;;57;
57dbac624ee7b;Primário;OM;MG;Conselheiro Lafaiete;Conselheiro Lafaiete - MG;1310;KHz;C;-20.660277777778;-43.786111111111;20S39 37;43W47 10;-20.660277777778;-43.786111111111;;55;
57dbac6255d7b;Primário;OM;MG;Conselheiro Pena;Conselheiro Pena - MG;1560;KHz;C;-19.166666666667;-41.716666666667;19S10 00;41W43 00;-19.166666666667;-41.716666666667;;55;
57dbac6258910;Primário;OM;MG;Contagem;Contagem - MG;750;KHz;B;-20.011388888889;-44.015;20S00 41;44W00 54;-20.011388888889;-44.015;;106;
57dbac625c951;Primário;OM;MG;Corinto;Corinto - MG;1570;KHz;C;-18.383333333333;-44.466666666667;18S22 60;44W28 00;-18.383333333333;-44.466666666667;;55;
57dbac626067d;Primário;OM;MG;Coromandel;Coromandel - MG;1450;KHz;B;-18.453611111111;-47.21;18S27 13;47W12 36;-18.453611111111;-47.21;;55;
57dbac62643ec;Primário;OM;MG;Coronel Fabriciano;Coronel Fabriciano - MG;1010;KHz;B;-19.533333333333;-42.633333333333;19S31 60;42W37 60;-19.533333333333;-42.633333333333;;60;
57dbac62688ee;Primário;OM;MG;Curvelo;Curvelo - MG;660;KHz;B;-18.744444444444;-44.430555555556;18S44 40;44W25 50;-18.744444444444;-44.430555555556;;120;
57dbac626c6f5;Primário;OM;MG;Diamantina;Diamantina - MG;870;KHz;C;-18.25;-43.6;18S15 00;43W36 00;-18.25;-43.6;;100;
57dbac62706af;Primário;OM;MG;Divino;Divino - MG;1580;KHz;C;-20,61111;-42,15722;20S36 40;42W09 26;-20,61111;-42,15722;;55;Principal
57dbac6273350;Primário;OM;MG;Divinópolis;Divinópolis - MG;720;KHz;B;-20.133333333333;-44.883333333333;20S07 60;44W52 60;-20.133333333333;-44.883333333333;;74;
57dbac6277ab0;Primário;OM;MG;Divinópolis;Divinópolis - MG;1320;KHz;B;-20.119722222222;-44.871388888889;20S07 11;44W52 17;-20.119722222222;-44.871388888889;;64;
57dbac627c0cd;Primário;OM;MG;Dores do Indaiá;Dores do Indaiá - MG;1080;KHz;C;-19.49028;-45.58944;19S29 25;45W35 22;-19.49028;-45.58944;;75;Principal
57dbac62801f3;Primário;OM;MG;Dores do Indaiá;Dores do Indaiá - MG;1240;KHz;C;-19.463333333333;-45.601666666667;19S27 48;45W36 06;-19.463333333333;-45.601666666667;;65;
57dbac628247a;Primário;OM;MG;Dores do Turvo;Dores do Turvo - MG;1430;KHz;C;-20.975555555556;-43.189166666667;20S58 32;43W11 21;-20.975555555556;-43.189166666667;;55;
57dbac62848b1;Primário;OM;MG;Espera Feliz;Espera Feliz - MG;1510;KHz;C;-20.650277777778;-41.907222222222;20S39 01;41W54 26;-20.650277777778;-41.907222222222;;48;
57dbac6287f8b;Primário;OM;MG;Espinosa;Espinosa - MG;1580;KHz;C;-14.933333333333;-42.816666666667;14S55 60;42W49 00;-14.933333333333;-42.816666666667;;48;
57dbac628b95e;Primário;OM;MG;Faria Lemos;Faria Lemos - MG;1340;KHz;C;-20.808333333333;-42.029722222222;20S48 30;42W01 47;-20.808333333333;-42.029722222222;;45;
57dbac628e280;Primário;OM;MG;Formiga;Formiga - MG;850;KHz;C;-20.486944444444;-45.436388888889;20S29 13;45W26 11;-20.486944444444;-45.436388888889;;70;
57dbac6291e61;Primário;OM;MG;Formiga;Formiga - MG;1490;KHz;C;-20.464444444444;-45.426388888889;20S27 52;45W25 35;-20.464444444444;-45.426388888889;;55;
57dbac629473e;Primário;OM;MG;Fronteira;Fronteira - MG;1170;KHz;C;-20.293055555556;-49.199166666667;20S17 35;49W11 57;-20.293055555556;-49.199166666667;;75;
57dbac6298f14;Primário;OM;MG;Frutal;Frutal - MG;1480;KHz;C;-20.016666666667;-48.933333333333;20S01 00;48W55 60;-20.016666666667;-48.933333333333;;51;
57dbac629c80b;Primário;OM;MG;Frutal;Frutal - MG;1580;KHz;C;-20.016666666667;-48.933333333333;20S01 00;48W55 60;-20.016666666667;-48.933333333333;;55;
57dbac629f11f;Primário;OM;MG;Governador Valadares;Governador Valadares - MG;680;KHz;B;-18.902777777778;-41.936111111111;18S54 10;41W56 10;-18.902777777778;-41.936111111111;;100;
57dbac62a2fe5;Primário;OM;MG;Governador Valadares;Governador Valadares - MG;850;KHz;B;-18.85;-41.933333333333;18S51 00;41W55 60;-18.85;-41.933333333333;;83;
57dbac62abad0;Primário;OM;MG;Guanhães;Guanhães - MG;1550;KHz;C;-18.761666666667;-42.940555555556;18S45 42;42W56 26;-18.761666666667;-42.940555555556;;55;
57dbac62afae8;Primário;OM;MG;Guaranésia;Guaranésia - MG;1580;KHz;C;-21.3;-46.783333333333;21S18 00;46W46 60;-21.3;-46.783333333333;;50;
57dbac62b77a2;Primário;OM;MG;Ibiá;Ibiá - MG;680;KHz;C;-19.466666666667;-46.55;19S28 00;46W32 60;-19.466666666667;-46.55;;115;
57dbac62bb122;Primário;OM;MG;Igaratinga;Igaratinga - MG;1430;KHz;C;-19.955277777778;-44.709166666667;19S57 19;44W42 33;-19.955277777778;-44.709166666667;;55;
57dbac62bd9f4;Primário;OM;MG;Ilicínea;Ilicínea - MG;1500;KHz;C;-20.93306;-45.83389;20S55 59;45W50 02;-20.93306;-45.83389;;55;Principal
57dbac62c1b27;Primário;OM;MG;Inhapim;Inhapim - MG;890;KHz;B;-19.555083333333;-42.12625;19S33 18;42W07 34;-19.555083333333;-42.12625;;125;
57dbac62c5dbc;Primário;OM;MG;Inimutaba;Inimutaba - MG;1170;KHz;C;-18.729166666667;-44.360555555556;18S43 45;44W21 38;-18.729166666667;-44.360555555556;;62;
57dbac62c864e;Primário;OM;MG;Ipanema;Ipanema - MG;540;KHz;C;-19.811666666667;-41.728055555556;19S48 42;41W43 41;-19.811666666667;-41.728055555556;;112;
57dbac62cccdf;Primário;OM;MG;Ipatinga;Ipatinga - MG;1170;KHz;B;-19.46833;-42.57611;19S28 06;42W34 34;-19.46833;-42.57611;;80;Principal
57dbac62d586b;Primário;OM;MG;Itabira;Itabira - MG;770;KHz;C;-19.62378;-43.21713;19S37 26;43W13 02;-19.62378;-43.21713;;98;Principal
57dbac62d9882;Primário;OM;MG;Itabirito;Itabirito - MG;1340;KHz;B;-20.25;-43.816666666667;20S15 00;43W49 00;-20.25;-43.816666666667;;54;
57dbac62de16a;Primário;OM;MG;Itajubá;Itajubá - MG;1060;KHz;C;-22.433333333333;-45.45;22S25 60;45W27 00;-22.433333333333;-45.45;;71;
57dbac62e29e6;Primário;OM;MG;Itajubá;Itajubá - MG;1570;KHz;C;-22.411666666667;-45.443888888889;22S24 42;45W26 38;-22.411666666667;-45.443888888889;;55;
57dbac62e632a;Primário;OM;MG;Itambacuri;Itambacuri - MG;1080;KHz;C;-18.016666666667;-41.683333333333;18S01 00;41W40 60;-18.016666666667;-41.683333333333;;59;
57dbac62e8b67;Primário;OM;MG;Itaobim;Itaobim - MG;810;KHz;C;-16.561666666667;-41.503333333333;16S33 42;41W30 12;-16.561666666667;-41.503333333333;;60;
57dbac62ec967;Primário;OM;MG;Itapagipe;Itapagipe - MG;1590;KHz;C;-19.908611111111;-49.381388888889;19S54 31;49W22 53;-19.908611111111;-49.381388888889;;50;
57dbac62f08a8;Primário;OM;MG;Itapecerica;Itapecerica - MG;1580;KHz;C;-20.466666666667;-45.116666666667;20S28 00;45W07 00;-20.466666666667;-45.116666666667;;55;
57dbac63005b3;Primário;OM;MG;Itaúna;Itaúna - MG;1520;KHz;B;-20.066666666667;-44.583333333333;20S04 00;44W34 60;-20.066666666667;-44.583333333333;;50;
57dbac6304703;Primário;OM;MG;Ituiutaba;Ituiutaba - MG;710;KHz;C;-18.976388888889;-49.505555555556;18S58 35;49W30 20;-18.976388888889;-49.505555555556;;117;
57dbac6309069;Primário;OM;MG;Ituiutaba;Ituiutaba - MG;1240;KHz;C;-18.976388888889;-49.505555555556;18S58 35;49W30 20;-18.976388888889;-49.505555555556;;61;
57dbac630d9b8;Primário;OM;MG;Ituiutaba;Ituiutaba - MG;1470;KHz;C;-18.983333333333;-49.466666666667;18S58 60;49W28 00;-18.983333333333;-49.466666666667;;51;
57dbac63118a8;Primário;OM;MG;Iturama;Iturama - MG;770;KHz;C;-19.716666666667;-50.2;19S43 00;50W12 00;-19.716666666667;-50.2;;105;
57dbac6315b44;Primário;OM;MG;Iturama;Iturama - MG;1430;KHz;C;-19.75;-50.2;19S45 00;50W12 00;-19.75;-50.2;;56;
57dbac631ae6a;Primário;OM;MG;Jacutinga;Jacutinga - MG;1010;KHz;B;-22.273055555556;-46.603333333333;22S16 23;46W36 12;-22.273055555556;-46.603333333333;;63;
57dbac631ef88;Primário;OM;MG;Janaúba;Janaúba - MG;1380;KHz;C;-15.829444444444;-43.291111111111;15S49 46;43W17 28;-15.829444444444;-43.291111111111;;48;
57dbac6323114;Primário;OM;MG;Janaúba;Janaúba - MG;1450;KHz;C;-15.8;-43.316666666667;15S48 00;43W19 00;-15.8;-43.316666666667;;55;
57dbac632a1c5;Primário;OM;MG;Jequitinhonha;Jequitinhonha - MG;890;KHz;B;-16.433333333333;-41;16S25 60;41W00 00;-16.433333333333;-41;;72;
57dbac632e234;Primário;OM;MG;Joaíma;Joaíma - MG;1520;KHz;C;-16.65;-41.016666666667;16S38 60;41W01 00;-16.65;-41.016666666667;;55;
57dbac6330a93;Primário;OM;MG;João Monlevade;João Monlevade - MG;590;KHz;B;-19.82175;-43.172694444444;19S49 18;43W10 22;-19.82175;-43.172694444444;;100;
57dbac6334b15;Primário;OM;MG;João Pinheiro;João Pinheiro - MG;680;KHz;C;-17.683888888889;-46.202222222222;17S41 02;46W12 08;-17.683888888889;-46.202222222222;;110;
57dbac6339347;Primário;OM;MG;Juiz de Fora;Juiz de Fora - MG;730;KHz;B;-21.778611111111;-43.4;21S46 43;43W23 60;-21.778611111111;-43.4;;94;
57dbac633d544;Primário;OM;MG;Juiz de Fora;Juiz de Fora - MG;910;KHz;B;-21.75433;-43.32608;21S45 16;43W19 34;-21.75433;-43.32608;;99;Principal
57dbac63413cc;Primário;OM;MG;Juiz de Fora;Juiz de Fora - MG;1010;KHz;B;-21.759166666667;-43.3125;21S45 33;43W18 45;-21.759166666667;-43.3125;;75;
57dbac634548a;Primário;OM;MG;Juiz de Fora;Juiz de Fora - MG;1080;KHz;B;-21.722638888889;-43.320194444444;21S43 22;43W19 13;-21.722638888889;-43.320194444444;;91;Principal
57dbac6349627;Primário;OM;MG;Lagoa da Prata;Lagoa da Prata - MG;790;KHz;B;-20.016666666667;-45.55;20S01 00;45W32 60;-20.016666666667;-45.55;;74;
57dbac634ded2;Primário;OM;MG;Lagoa Formosa;Lagoa Formosa - MG;650;KHz;B;-18.783333333333;-46.416666666667;18S46 60;46W25 00;-18.783333333333;-46.416666666667;;99;
57dbac635271a;Primário;OM;MG;Lambari;Lambari - MG;1590;KHz;C;-21.966666666667;-45.366666666667;21S58 00;45W22 00;-21.966666666667;-45.366666666667;;55;
57dbac6356749;Primário;OM;MG;Lavras;Lavras - MG;770;KHz;C;-21.25;-45;21S15 00;45W00 00;-21.25;-45;;74;
57dbac635a917;Primário;OM;MG;Lavras;Lavras - MG;1530;KHz;B;-21.245277777778;-44.999722222222;21S14 43;44W59 59;-21.245277777778;-44.999722222222;;55;
57dbac635d1d4;Primário;OM;MG;Leopoldina;Leopoldina - MG;1560;KHz;C;-21.535277777778;-42.645833333333;21S32 07;42W38 45;-21.535277777778;-42.645833333333;;55;Principal
57dbac6361857;Primário;OM;MG;Machado;Machado - MG;760;KHz;C;-21.675277777778;-45.906944444444;21S40 31;45W54 25;-21.675277777778;-45.906944444444;;95;
57dbac636579b;Primário;OM;MG;Manhuaçu;Manhuaçu - MG;1090;KHz;C;-20.273333333333;-42.056944444444;20S16 24;42W03 25;-20.273333333333;-42.056944444444;;105;
57dbac636968c;Primário;OM;MG;Manhuaçu;Manhuaçu - MG;710;KHz;B;-20.254722222222;-42.048055555556;20S15 17;42W02 53;-20.254722222222;-42.048055555556;;110;
57dbac636df49;Primário;OM;MG;Manhumirim;Manhumirim - MG;780;KHz;B;-20.33516;-41.97784;20S20 07;41W58 40;-20.33516;-41.97784;;96;Principal
57dbac6371e00;Primário;OM;MG;Mantena;Mantena - MG;790;KHz;C;-18.78;-41.001111111111;18S46 48;41W00 04;-18.78;-41.001111111111;;95;
57dbac637584c;Primário;OM;MG;Marilac;Marilac - MG;1490;KHz;C;-18.5;-42.083333333333;18S30 00;42W04 60;-18.5;-42.083333333333;;50;
57dbac637bb32;Primário;OM;MG;Matipó;Matipó - MG;1310;KHz;C;-20.283888888889;-42.341111111111;20S17 02;42W20 28;-20.283888888889;-42.341111111111;;55;
57dbac637dede;Primário;OM;MG;Matozinhos;Matozinhos - MG;1460;KHz;C;-19.566666666667;-44.083333333333;19S34 00;44W04 60;-19.566666666667;-44.083333333333;;55;
57dbac6380786;Primário;OM;MG;Minas Novas;Minas Novas - MG;820;KHz;B;-17.223333333333;-42.616388888889;17S13 24;42W36 59;-17.223333333333;-42.616388888889;;75;
57dbac6384120;Primário;OM;MG;Monsenhor Paulo;Monsenhor Paulo - MG;1310;KHz;C;-21.75;-45.55;21S45 00;45W32 60;-21.75;-45.55;;57;
57dbac6386417;Primário;OM;MG;Montalvânia;Montalvânia - MG;1070;KHz;C;-14.4;-44.383333333333;14S24 00;44W22 60;-14.4;-44.383333333333;;59;
57dbac638cc7d;Primário;OM;MG;Monte Azul;Monte Azul - MG;1330;KHz;C;-15.15;-42.883333333333;15S09 00;42W52 60;-15.15;-42.883333333333;;57;
57dbac638f4f2;Primário;OM;MG;Monte Carmelo;Monte Carmelo - MG;1550;KHz;C;-18.733333333333;-47.5;18S43 60;47W30 00;-18.733333333333;-47.5;;48;
57dbac639336a;Primário;OM;MG;Monte Santo de Minas;Monte Santo de Minas - MG;1530;KHz;C;-21.183333333333;-46.983333333333;21S10 60;46W58 60;-21.183333333333;-46.983333333333;;48;Principal
57dbac639b1da;Primário;OM;MG;Montes Claros;Montes Claros - MG;670;KHz;B;-16.678611111111;-43.851111111111;16S40 43;43W51 04;-16.678611111111;-43.851111111111;;96;
57dbac639f11b;Primário;OM;MG;Montes Claros;Montes Claros - MG;760;KHz;B;-16.65472;-43.81139;16S39 17;43W48 41;-16.65472;-43.81139;0;108;
57dbac63a305a;Primário;OM;MG;Muriaé;Muriaé - MG;870;KHz;B;-21.12114;-42.4006;21S07 16;42W24 02;-21.12114;-42.4006;;80;Principal
57dbac63a6e6f;Primário;OM;MG;Muriaé;Muriaé - MG;1140;KHz;B;-21.133333333333;-42.366666666667;21S07 60;42W22 00;-21.133333333333;-42.366666666667;;80;
57dbac63aa57b;Primário;OM;MG;Mutum;Mutum - MG;1030;KHz;C;-19.8;-41.438333333333;19S48 00;41W26 18;-19.8;-41.438333333333;;69;
57dbac63acc8c;Primário;OM;MG;Muzambinho;Muzambinho - MG;1070;KHz;C;-21.37611;-46.51972;21S22 34;46W31 11;-21.37611;-46.51972;;51;Principal
57dbac63b09e2;Primário;OM;MG;Nanuque;Nanuque - MG;1480;KHz;B;-17.833333333333;-40.35;17S49 60;40W21 00;-17.833333333333;-40.35;;52;
57dbac63b8411;Primário;OM;MG;Nova Lima;Nova Lima - MG;610;KHz;A;-20.00611;-43.9675;20S00 22;43W58 03;-20.00611;-43.9675;;123;Principal
57dbac63bcbd8;Primário;OM;MG;Nova Lima;Nova Lima - MG;1110;KHz;B;-19.99069;-43.83488;19S59 26;43W50 06;-19.99069;-43.83488;;66;Principal
57dbac63c083e;Primário;OM;MG;Nova Lima;Nova Lima - MG;1580;KHz;C;-19.985555555556;-43.846666666667;19S59 08;43W50 48;-19.985555555556;-43.846666666667;;52;
57dbac63c2f69;Primário;OM;MG;Nova Serrana;Nova Serrana - MG;910;KHz;C;-19.879819444444;-44.930194444444;19S52 47;44W55 49;-19.879819444444;-44.930194444444;;66;
57dbac63c6d9c;Primário;OM;MG;Oliveira;Oliveira - MG;1170;KHz;B;-20.753056;-44.771667;20S45 11;44W46 18;-20.753056;-44.771667;;65;
57dbac63cab58;Primário;OM;MG;Ouro Fino;Ouro Fino - MG;680;KHz;B;-22.283333333333;-46.366666666667;22S16 60;46W22 00;-22.283333333333;-46.366666666667;;80;
57dbac63ce426;Primário;OM;MG;Ouro Fino;Ouro Fino - MG;1510;KHz;C;-22.283333333333;-46.366666666667;22S16 60;46W22 00;-22.283333333333;-46.366666666667;;55;
57dbac63d0b18;Primário;OM;MG;Ouro Preto;Ouro Preto - MG;1120;KHz;B;-20.38128;-43.48386;20S22 53;43W29 02;-20.38128;-43.48386;;60;Principal
57dbac63d509e;Primário;OM;MG;Pará de Minas;Pará de Minas - MG;640;KHz;B;-19.881111111111;-44.591388888889;19S52 52;44W35 29;-19.881111111111;-44.591388888889;;108;
57dbac63d8eaa;Primário;OM;MG;Paracatu;Paracatu - MG;870;KHz;B;-17.231666666667;-46.880277777778;17S13 54;46W52 49;-17.231666666667;-46.880277777778;;82;
57dbac63dca8f;Primário;OM;MG;Paracatu;Paracatu - MG;1240;KHz;C;-17.216666666667;-46.866666666667;17S13 00;46W52 00;-17.216666666667;-46.866666666667;;73;
57dbac63decb8;Primário;OM;MG;Paraguaçu;Paraguaçu - MG;1460;KHz;C;-21.55;-45.733333333333;21S33 00;45W43 60;-21.55;-45.733333333333;;54;
57dbac63e1308;Primário;OM;MG;Paraisópolis;Paraisópolis - MG;1490;KHz;C;-22.55;-45.783333333333;22S33 00;45W46 60;-22.55;-45.783333333333;;55;
57dbac63e529d;Primário;OM;MG;Passa Quatro;Passa Quatro - MG;1190;KHz;B;-22.383333333333;-44.966666666667;22S22 60;44W58 00;-22.383333333333;-44.966666666667;;91;
57dbac63e97dc;Primário;OM;MG;Passos;Passos - MG;1230;KHz;B;-20.7275;-46.586111111111;20S43 39;46W35 10;-20.7275;-46.586111111111;;73;
57dbac63ed435;Primário;OM;MG;Passos;Passos - MG;1340;KHz;B;-20.716666666667;-46.616666666667;20S43 00;46W37 00;-20.716666666667;-46.616666666667;;56;
57dbac63f121a;Primário;OM;MG;Patos de Minas;Patos de Minas - MG;770;KHz;B;-18.933333333333;-46.516666666667;18S55 60;46W31 00;-18.933333333333;-46.516666666667;;96;
57dbac640153b;Primário;OM;MG;Patos de Minas;Patos de Minas - MG;1070;KHz;B;-18.624722222222;-46.477777777778;18S37 29;46W28 40;-18.624722222222;-46.477777777778;;78;
57dbac640593e;Primário;OM;MG;Patrocínio;Patrocínio - MG;560;KHz;C;-18.889166666667;-47.075277777778;18S53 21;47W04 31;-18.889166666667;-47.075277777778;;108;
57dbac640960e;Primário;OM;MG;Patrocínio;Patrocínio - MG;810;KHz;B;-18.881944444444;-47.073888888889;18S52 55;47W04 26;-18.881944444444;-47.073888888889;;87;
57dbac640d51f;Primário;OM;MG;Patrocínio;Patrocínio - MG;1340;KHz;C;-18.908333333333;-47.406666666667;18S54 30;47W24 24;-18.908333333333;-47.406666666667;;56;
57dbac640f776;Primário;OM;MG;Pedra Azul;Pedra Azul - MG;1570;KHz;C;-16;-41.283333333333;16S00 00;41W16 60;-16;-41.283333333333;;55;
57dbac6411e61;Primário;OM;MG;Pedro Leopoldo;Pedro Leopoldo - MG;1060;KHz;A;-19.78209;-43.98996;19S46 56;43W59 24;-19.78209;-43.98996;;142;Principal
57dbac6415c0f;Primário;OM;MG;Perdizes;Perdizes - MG;1430;KHz;B;-19.352222222222;-47.288888888889;19S21 08;47W17 20;-19.352222222222;-47.288888888889;;48;
57dbac641a1d6;Primário;OM;MG;Piranga;Piranga - MG;1570;KHz;C;-20.694166666667;-43.304722222222;20S41 39;43W18 17;-20.694166666667;-43.304722222222;;55;
57dbac641e60a;Primário;OM;MG;Pirapetinga;Pirapetinga - MG;1490;KHz;C;-21.65;-42.35;21S38 60;42W21 00;-21.65;-42.35;;55;
57dbac6422f48;Primário;OM;MG;Pirapora;Pirapora - MG;1240;KHz;B;-17.410833333333;-44.897777777778;17S24 39;44W53 52;-17.410833333333;-44.897777777778;;55;
57dbac64271a4;Primário;OM;MG;Pirapora;Pirapora - MG;1510;KHz;C;-17.35;-44.95;17S21 00;44W57 00;-17.35;-44.95;;55;
57dbac6431db1;Primário;OM;MG;Pompéu;Pompéu - MG;1510;KHz;C;-19.224444444444;-44.935277777778;19S13 28;44W56 07;-19.224444444444;-44.935277777778;;55;
57dbac6434601;Primário;OM;MG;Ponte Nova;Ponte Nova - MG;670;KHz;C;-20.417230555555;-42.878952777778;20S25 02;42W52 44;-20.417230555555;-42.878952777778;;80;Principal
57dbac64387ec;Primário;OM;MG;Ponte Nova;Ponte Nova - MG;790;KHz;B;-20.4175;-42.878055555556;20S25 03;42W52 41;-20.4175;-42.878055555556;;74;
57dbac643d07e;Primário;OM;MG;Porteirinha;Porteirinha - MG;640;KHz;B;-15.75;-43.033333333333;15S45 00;43W01 60;-15.75;-43.033333333333;;85;
57dbac644100a;Primário;OM;MG;Pouso Alegre;Pouso Alegre - MG;710;KHz;C;-22.233333333333;-45.933333333333;22S13 60;45W55 60;-22.233333333333;-45.933333333333;;78;
57dbac6444f71;Primário;OM;MG;Pouso Alegre;Pouso Alegre - MG;1530;KHz;C;-22.23616;-45.92668;22S14 10;45W55 36;-22.23616;-45.92668;;55;Principal
57dbac64490ee;Primário;OM;MG;Prata;Prata - MG;1420;KHz;C;-19.316666666667;-48.933333333333;19S19 00;48W55 60;-19.316666666667;-48.933333333333;;56;
57dbac644b433;Primário;OM;MG;Pratápolis;Pratápolis - MG;1490;KHz;C;-20.75;-46.866666666667;20S45 00;46W52 00;-20.75;-46.866666666667;;55;
57dbac644d6be;Primário;OM;MG;Presidente Olegário;Presidente Olegário - MG;1120;KHz;C;-18.416666666667;-46.416666666667;18S25 00;46W25 00;-18.416666666667;-46.416666666667;;58;
57dbac644ff0a;Primário;OM;MG;Raul Soares;Raul Soares - MG;1460;KHz;C;-20.08972;-42.47694;20S05 23;42W28 37;-20.08972;-42.47694;;55;Principal
57dbac645380b;Primário;OM;MG;Ribeirão das Neves;Ribeirão das Neves - MG;1530;KHz;C;-19.766944444444;-44.086666666667;19S46 01;44W05 12;-19.766944444444;-44.086666666667;;55;
57dbac64560e9;Primário;OM;MG;Rio Paranaíba;Rio Paranaíba - MG;1380;KHz;C;-19.183333333333;-46.25;19S10 60;46W15 00;-19.183333333333;-46.25;;55;
57dbac645a2f8;Primário;OM;MG;Rio Pomba;Rio Pomba - MG;1530;KHz;C;-21.274722222222;-43.179166666667;21S16 29;43W10 45;-21.274722222222;-43.179166666667;;55;
57dbac645cb6e;Primário;OM;MG;Sacramento;Sacramento - MG;870;KHz;C;-19.866666666667;-47.433333333333;19S52 00;47W25 60;-19.866666666667;-47.433333333333;;77;
57dbac646108d;Primário;OM;MG;Salinas;Salinas - MG;1310;KHz;B;-16.166666666667;-42.3;16S10 00;42W17 60;-16.166666666667;-42.3;;48;
57dbac6465133;Primário;OM;MG;Salinas;Salinas - MG;1460;KHz;C;-16.166666666667;-42.3;16S10 00;42W17 60;-16.166666666667;-42.3;;56;
57dbac64674a8;Primário;OM;MG;Santa Bárbara;Santa Bárbara - MG;1390;KHz;C;-19.966666666667;-43.416666666667;19S58 00;43W25 00;-19.966666666667;-43.416666666667;;114;
57dbac6469d29;Primário;OM;MG;Santa Luzia;Santa Luzia - MG;1490;KHz;C;-19.769722222222;-43.851388888889;19S46 11;43W51 05;-19.769722222222;-43.851388888889;;55;
57dbac646dd62;Primário;OM;MG;Santa Rita do Sapucaí;Santa Rita do Sapucaí - MG;1550;KHz;C;-22.216666666667;-45.633333333333;22S13 00;45W37 60;-22.216666666667;-45.633333333333;;55;
57dbac6471c7c;Primário;OM;MG;Santa Vitória;Santa Vitória - MG;1440;KHz;C;-18.85;-50.13;18S51 00;50W07 48;-18.85;-50.13;;66;
57dbac64753de;Primário;OM;MG;Santo Antônio do Amparo;Santo Antônio do Amparo - MG;1560;KHz;C;-20.95;-44.933333333333;20S56 60;44W55 60;-20.95;-44.933333333333;;55;
57dbac6477bf6;Primário;OM;MG;Santos Dumont;Santos Dumont - MG;1580;KHz;C;-21.47306;-43.54056;21S28 23;43W32 26;-21.47306;-43.54056;;55;
57dbac647b278;Primário;OM;MG;São Francisco;São Francisco - MG;1460;KHz;C;-15.95;-44.866666666667;15S56 60;44W52 00;-15.95;-44.866666666667;;55;
57dbac647d4fa;Primário;OM;MG;São Gonçalo do Sapucaí;São Gonçalo do Sapucaí - MG;1480;KHz;C;-21.883333333333;-45.6;21S52 60;45W36 00;-21.883333333333;-45.6;;55;
57dbac647f779;Primário;OM;MG;São Gotardo;São Gotardo - MG;1470;KHz;C;-19.233333333333;-46.05;19S13 60;46W02 60;-19.233333333333;-46.05;;55;
57dbac6481f8b;Primário;OM;MG;São João del Rei;São João del Rei - MG;970;KHz;B;-21.115;-44.238888888889;21S06 54;44W14 20;-21.115;-44.238888888889;;80;
57dbac6485901;Primário;OM;MG;São João Evangelista;São João Evangelista - MG;1570;KHz;C;-18.516666666667;-42.766666666667;18S31 00;42W46 00;-18.516666666667;-42.766666666667;;55;
57dbac64911f6;Primário;OM;MG;São Lourenço;São Lourenço - MG;1520;KHz;C;-22.116666666667;-45.05;22S07 00;45W02 60;-22.116666666667;-45.05;;48;
57dbac649488d;Primário;OM;MG;São Sebastião do Paraíso;São Sebastião do Paraíso - MG;820;KHz;C;-20.916666666667;-47;20S55 00;47W00 00;-20.916666666667;-47;;65;
57dbac6498f2c;Primário;OM;MG;São Sebastião do Paraíso;São Sebastião do Paraíso - MG;1390;KHz;B;-20.916944444444;-46.991388888889;20S55 01;46W59 29;-20.916944444444;-46.991388888889;;65;
57dbac649c834;Primário;OM;MG;Serra do Salitre;Serra do Salitre - MG;1050;KHz;C;-19.116666666667;-46.683333333333;19S07 00;46W40 60;-19.116666666667;-46.683333333333;;59;
57dbac649f10d;Primário;OM;MG;Sete Lagoas;Sete Lagoas - MG;1300;KHz;B;-19.466666666667;-44.25;19S28 00;44W15 00;-19.466666666667;-44.25;;68;
57dbac64a38b4;Primário;OM;MG;Sete Lagoas;Sete Lagoas - MG;1420;KHz;B;-19.459166666667;-44.252222222222;19S27 33;44W15 08;-19.459166666667;-44.252222222222;;55;
57dbac64a72c9;Primário;OM;MG;Simonésia;Simonésia - MG;1480;KHz;C;-20.123888888889;-42.001388888889;20S07 26;42W00 05;-20.123888888889;-42.001388888889;;55;
57dbac64a9688;Primário;OM;MG;Taiobeiras;Taiobeiras - MG;1390;KHz;C;-15.816666666667;-42.233333333333;15S49 00;42W13 60;-15.816666666667;-42.233333333333;;56;
57dbac64abf95;Primário;OM;MG;Teófilo Otoni;Teófilo Otoni - MG;910;KHz;B;-17.842997222222;-41.518216666667;17S50 35;41W31 06;-17.842997222222;-41.518216666667;;86;
57dbac64b0031;Primário;OM;MG;Teófilo Otoni;Teófilo Otoni - MG;1320;KHz;B;-17.68333;-41.46861;17S40 60;41W28 07;-17.68333;-41.46861;;64;Principal
57dbac64b49d2;Primário;OM;MG;Timóteo;Timóteo - MG;650;KHz;B;-19.526944444444;-42.660833333333;19S31 37;42W39 39;-19.526944444444;-42.660833333333;;125;
57dbac64b913f;Primário;OM;MG;Tiradentes;Tiradentes - MG;1480;KHz;B;-21.116666666667;-44.183333333333;21S07 00;44W10 60;-21.116666666667;-44.183333333333;;55;
57dbac64bd28c;Primário;OM;MG;Tocantins;Tocantins - MG;1470;KHz;C;-21.183333333333;-43.016666666667;21S10 60;43W01 00;-21.183333333333;-43.016666666667;;55;
57dbac64bfb7e;Primário;OM;MG;Três Corações;Três Corações - MG;1540;KHz;B;-21.685555555556;-45.231666666667;21S41 08;45W13 54;-21.685555555556;-45.231666666667;;48;
57dbac64c34d6;Primário;OM;MG;Três Marias;Três Marias - MG;1460;KHz;C;-18.2;-45.233333333333;18S11 60;45W13 60;-18.2;-45.233333333333;;55;
57dbac64c5d73;Primário;OM;MG;Três Pontas;Três Pontas - MG;1240;KHz;B;-21.366666666667;-45.516666666667;21S22 00;45W31 00;-21.366666666667;-45.516666666667;;73;
57dbac64c9ac2;Primário;OM;MG;Tupaciguara;Tupaciguara - MG;850;KHz;B;-18.586194444444;-48.704888888889;18S35 10;48W42 18;-18.586194444444;-48.704888888889;;63;
57dbac64cd9f8;Primário;OM;MG;Tupaciguara;Tupaciguara - MG;1050;KHz;C;-18.583333333333;-48.7;18S34 60;48W42 00;-18.583333333333;-48.7;;57;
57dbac64d1342;Primário;OM;MG;Turmalina;Turmalina - MG;1470;KHz;C;-17.25;-42.716666666667;17S15 00;42W43 00;-17.25;-42.716666666667;;55;
57dbac64d3a99;Primário;OM;MG;Ubá;Ubá - MG;810;KHz;B;-21.122;-42.935777777778;21S07 19;42W56 09;-21.122;-42.935777777778;;98;Principal
57dbac64d777c;Primário;OM;MG;Ubá;Ubá - MG;1240;KHz;B;-21.10875;-42.96975;21S06 32;42W58 11;-21.10875;-42.96975;;51;
57dbac64db54e;Primário;OM;MG;Ubá;Ubá - MG;1590;KHz;C;-21.119444444444;-42.936111111111;21S07 10;42W56 10;-21.119444444444;-42.936111111111;;55;
57dbac64dfbfd;Primário;OM;MG;Uberaba;Uberaba - MG;540;KHz;B;-19.75;-47.933333333333;19S45 00;47W55 60;-19.75;-47.933333333333;;111;
57dbac64e282e;Primário;OM;MG;Uberaba;Uberaba - MG;630;KHz;C;-19.75;-47.933333333333;19S45 00;47W55 60;-19.75;-47.933333333333;;116;
57dbac64e6da7;Primário;OM;MG;Uberaba;Uberaba - MG;670;KHz;C;-19.735;-47.895555555556;19S44 06;47W53 44;-19.735;-47.895555555556;;80;
57dbac64f36ab;Primário;OM;MG;Uberlândia;Uberlândia - MG;580;KHz;B;-18.8425;-48.254722222222;18S50 33;48W15 17;-18.8425;-48.254722222222;;130;
57dbac6503165;Primário;OM;MG;Uberlândia;Uberlândia - MG;780;KHz;C;-18.957222222222;-48.325555555556;18S57 26;48W19 32;-18.957222222222;-48.325555555556;;96;
57dbac6507003;Primário;OM;MG;Uberlândia;Uberlândia - MG;1020;KHz;B;-18.941944444444;-48.24;18S56 31;48W14 24;-18.941944444444;-48.24;;79;
57dbac650b476;Primário;OM;MG;Uberlândia;Uberlândia - MG;1390;KHz;B;-18.916666666667;-48.283333333333;18S55 00;48W16 60;-18.916666666667;-48.283333333333;;79;
57dbac650fa7c;Primário;OM;MG;Uberlândia;Uberlândia - MG;1290;KHz;B;-18.901666666667;-48.301111111111;18S54 06;48W18 04;-18.901666666667;-48.301111111111;;81;
57dbac6514550;Primário;OM;MG;Uberlândia;Uberlândia - MG;1330;KHz;C;-18.916666666667;-48.283333333333;18S55 00;48W16 60;-18.916666666667;-48.283333333333;;54;
57dbac6516c41;Primário;OM;MG;Uberlândia;Uberlândia - MG;1210;KHz;B;-18.851944444444;-48.308888888889;18S51 07;48W18 32;-18.851944444444;-48.308888888889;;79;
57dbac651acbc;Primário;OM;MG;Uberlândia;Uberlândia - MG;1570;KHz;C;-18.916666666667;-48.283333333333;18S55 00;48W16 60;-18.916666666667;-48.283333333333;;53;
57dbac651d5f9;Primário;OM;MG;Unaí;Unaí - MG;650;KHz;C;-16.338611111111;-46.900833333333;16S20 19;46W54 03;-16.338611111111;-46.900833333333;;138;
57dbac6521eb2;Primário;OM;MG;Varginha;Varginha - MG;1210;KHz;B;-21.55;-45.433333333333;21S33 00;45W25 60;-21.55;-45.433333333333;;84;
57dbac6525e7f;Primário;OM;MG;Várzea da Palma;Várzea da Palma - MG;1590;KHz;B;-17.721944444444;-44.744166666667;17S43 19;44W44 39;-17.721944444444;-44.744166666667;;49;
57dbac652a6ed;Primário;OM;MG;Vazante;Vazante - MG;1310;KHz;B;-17.989722222222;-46.907777777778;17S59 23;46W54 28;-17.989722222222;-46.907777777778;;48;
57dbac652e0c2;Primário;OM;MG;Veríssimo;Veríssimo - MG;1510;KHz;C;-19.7;-48.316666666667;19S41 60;48W19 00;-19.7;-48.316666666667;;55;
57dbac65309c7;Primário;OM;MG;Vespasiano;Vespasiano - MG;1250;KHz;B;-19.691944444444;-43.9525;19S41 31;43W57 09;-19.691944444444;-43.9525;;96;
57dbac653952e;Primário;OM;MG;Viçosa;Viçosa - MG;1550;KHz;C;-20.753888888889;-42.881944444444;20S45 14;42W52 55;-20.753888888889;-42.881944444444;;50;
57dbac653be22;Primário;OM;MG;Visconde do Rio Branco;Visconde do Rio Branco - MG;920;KHz;B;-21.030277777778;-42.836388888889;21S01 49;42W50 11;-21.030277777778;-42.836388888889;;78;
57dbac654006a;Primário;OM;MG;Visconde do Rio Branco;Visconde do Rio Branco - MG;1300;KHz;C;-21.010277777778;-42.840555555556;21S00 37;42W50 26;-21.010277777778;-42.840555555556;;115;
57dbac6542903;Primário;OM;MS;Amambaí;Amambaí - MS;1520;KHz;C;-23.1;-55.25;23S06 00;55W15 00;-23.1;-55.25;;55;
57dbac6546c62;Primário;OM;MS;Anastácio;Anastácio - MS;710;KHz;C;-20.55;-55.783333333333;20S33 00;55W46 60;-20.55;-55.783333333333;;105;
57dbac6549b9c;Primário;OM;MS;Aparecida do Taboado;Aparecida do Taboado - MS;1570;KHz;C;-20.055;-51.145277777778;20S03 18;51W08 43;-20.055;-51.145277777778;;48;
57dbac654dfc0;Primário;OM;MS;Aquidauana;Aquidauana - MS;1020;KHz;B;-20.45;-55.75;20S26 60;55W45 00;-20.45;-55.75;;48;
57dbac65520aa;Primário;OM;MS;Aquidauana;Aquidauana - MS;1340;KHz;B;-20.461277777778;-55.780669444444;20S27 41;55W46 50;-20.461277777778;-55.780669444444;;50;
57dbac6556338;Primário;OM;MS;Bandeirantes;Bandeirantes - MS;1440;KHz;C;-19.903611111111;-54.355833333333;19S54 13;54W21 21;-19.903611111111;-54.355833333333;;50;
57dbac655a418;Primário;OM;MS;Bataguassu;Bataguassu - MS;1450;KHz;C;-21.746944444444;-52.464722222222;21S44 49;52W27 53;-21.746944444444;-52.464722222222;;55;
57dbac655e3c6;Primário;OM;MS;Bela Vista;Bela Vista - MS;1440;KHz;C;-22.098888888889;-56.51;22S05 56;56W30 36;-22.098888888889;-56.51;;48;
57dbac65624a7;Primário;OM;MS;Bonito;Bonito - MS;1480;KHz;C;-21.247777777778;-56.445;21S14 52;56W26 42;-21.247777777778;-56.445;;55;Principal
57dbac6566381;Primário;OM;MS;Caarapó;Caarapó - MS;1570;KHz;C;-22.333333333333;-54.733333333333;22S19 60;54W43 60;-22.333333333333;-54.733333333333;;48;
57dbac656a605;Primário;OM;MS;Camapuã;Camapuã - MS;730;KHz;C;-19.436388888889;-54.016666666667;19S26 11;54W01 00;-19.436388888889;-54.016666666667;;76;
57dbac656e592;Primário;OM;MS;Campo Grande;Campo Grande - MS;580;KHz;B;-20.425277777778;-54.615;20S25 31;54W36 54;-20.425277777778;-54.615;;99;
57dbac6572915;Primário;OM;MS;Campo Grande;Campo Grande - MS;630;KHz;B;-20.560277777778;-54.636111111111;20S33 37;54W38 10;-20.560277777778;-54.636111111111;;115;
57dbac6576a31;Primário;OM;MS;Campo Grande;Campo Grande - MS;680;KHz;B;-20.513888888889;-54.623333333333;20S30 50;54W37 24;-20.513888888889;-54.623333333333;;120;
57dbac657b0d3;Primário;OM;MS;Campo Grande;Campo Grande - MS;800;KHz;B;-20,48472;-54,59444;20S29 05;54W35 40;-20,48472;-54,59444;;105;Principal
57dbac657df1a;Primário;OM;MS;Campo Grande;Campo Grande - MS;930;KHz;B;-20.504444444444;-54.631944444444;20S30 16;54W37 55;-20.504444444444;-54.631944444444;;69;
57dbac6582444;Primário;OM;MS;Campo Grande;Campo Grande - MS;1120;KHz;B;-20.414722222222;-54.578888888889;20S24 53;54W34 44;-20.414722222222;-54.578888888889;;86;
57dbac658b29b;Primário;OM;MS;Campo Grande;Campo Grande - MS;1240;KHz;B;-20.480555555556;-54.569444444444;20S28 50;54W34 10;-20.480555555556;-54.569444444444;;72;
57dbac6594194;Primário;OM;MS;Chapadão do Sul;Chapadão do Sul - MS;1520;KHz;C;-18.794166666667;-52.622777777778;18S47 39;52W37 22;-18.794166666667;-52.622777777778;;55;
57dbac6596a07;Primário;OM;MS;Corumbá;Corumbá - MS;540;KHz;B;-19;-57.65;19S00 00;57W38 60;-19;-57.65;;125;
57dbac659949e;Primário;OM;MS;Corumbá;Corumbá - MS;960;KHz;C;-19.003461111111;-57.653708333333;19S00 12;57W39 13;-19.003461111111;-57.653708333333;;69;
57dbac659d43b;Primário;OM;MS;Corumbá;Corumbá - MS;1360;KHz;B;-19.022663888889;-57.659680555556;19S01 22;57W39 35;-19.022663888889;-57.659680555556;;15;
57dbac65a194b;Primário;OM;MS;Corumbá;Corumbá - MS;1410;KHz;C;-19.015833333333;-57.628333333333;19S00 57;57W37 42;-19.015833333333;-57.628333333333;;60;
57dbac65a65bc;Primário;OM;MS;Costa Rica;Costa Rica - MS;1460;KHz;C;-18.553333333333;-53.132777777778;18S33 12;53W07 58;-18.553333333333;-53.132777777778;;55;
57dbac65aa5bf;Primário;OM;MS;Coxim;Coxim - MS;970;KHz;C;-18.519722222222;-54.744722222222;18S31 11;54W44 41;-18.519722222222;-54.744722222222;;90;
57dbac65aee78;Primário;OM;MS;Coxim;Coxim - MS;1330;KHz;C;-18.561388888889;-54.758333333333;18S33 41;54W45 30;-18.561388888889;-54.758333333333;;57;
57dbac65b2d8e;Primário;OM;MS;Dourados;Dourados - MS;720;KHz;B;-22.2;-54.883333333333;22S11 60;54W52 60;-22.2;-54.883333333333;;99;
57dbac65b6e48;Primário;OM;MS;Dourados;Dourados - MS;770;KHz;B;-22.26389;-54.75389;22S15 50;54W45 14;-22.26389;-54.75389;;118;Principal
57dbac65bba30;Primário;OM;MS;Dourados;Dourados - MS;1060;KHz;B;-22.196111111111;-54.846388888889;22S11 46;54W50 47;-22.196111111111;-54.846388888889;;72;Principal
57dbac65bfaa1;Primário;OM;MS;Eldorado;Eldorado - MS;960;KHz;C;-23.783333333333;-54.3;23S46 60;54W17 60;-23.783333333333;-54.3;;78;
57dbac65c3c0d;Primário;OM;MS;Fátima do Sul;Fátima do Sul - MS;890;KHz;B;-22.371944444444;-54.524166666667;22S22 19;54W31 27;-22.371944444444;-54.524166666667;;100;
57dbac65c7c6c;Primário;OM;MS;Fátima do Sul;Fátima do Sul - MS;1140;KHz;B;-22.388611111111;-54.494166666667;22S23 19;54W29 39;-22.388611111111;-54.494166666667;;85;
57dbac65cc6d3;Primário;OM;MS;Glória de Dourados;Glória de Dourados - MS;1490;KHz;C;-22.418055555556;-54.226944444444;22S25 05;54W13 37;-22.418055555556;-54.226944444444;;48;
57dbac65d08de;Primário;OM;MS;Itaporã;Itaporã - MS;1470;KHz;C;-22.11;-54.798888888889;22S06 36;54W47 56;-22.11;-54.798888888889;;48;
57dbac65d4941;Primário;OM;MS;Ivinhema;Ivinhema - MS;1540;KHz;C;-22.292222222222;-53.810555555556;22S17 32;53W48 38;-22.292222222222;-53.810555555556;;55;
57dbac65d88fa;Primário;OM;MS;Ivinhema;Ivinhema - MS;1580;KHz;C;-22.309166666667;-53.811111111111;22S18 33;53W48 40;-22.309166666667;-53.811111111111;;55;
57dbac65dc889;Primário;OM;MS;Jardim;Jardim - MS;1580;KHz;C;-21.483333333333;-56.166666666667;21S28 60;56W10 00;-21.483333333333;-56.166666666667;;48;
57dbac65e0c1a;Primário;OM;MS;Maracaju;Maracaju - MS;830;KHz;B;-21.617652777778;-55.158816666667;21S37 04;55W09 32;-21.617652777778;-55.158816666667;;63;
57dbac65e49a5;Primário;OM;MS;Maracaju;Maracaju - MS;1510;KHz;C;-21.7;-55.2;21S41 60;55W12 00;-21.7;-55.2;;55;
57dbac65e6dce;Primário;OM;MS;Miranda;Miranda - MS;1560;KHz;C;-20.233333333333;-56.383333333333;20S13 60;56W22 60;-20.233333333333;-56.383333333333;;55;
57dbac65e970c;Primário;OM;MS;Mundo Novo;Mundo Novo - MS;1510;KHz;C;-23.950833333333;-54.301666666667;23S57 03;54W18 06;-23.950833333333;-54.301666666667;;55;
57dbac65ed6da;Primário;OM;MS;Naviraí;Naviraí - MS;690;KHz;B;-23.083333333333;-54.283333333333;23S04 60;54W16 60;-23.083333333333;-54.283333333333;;78;
57dbac65f2174;Primário;OM;MS;Nioaque;Nioaque - MS;1550;KHz;C;-21,14694;-55,81472;21S08 49;55W48 53;-21,14694;-55,81472;;55;Principal
57dbac6600d30;Primário;OM;MS;Nova Andradina;Nova Andradina - MS;1420;KHz;C;-22.256666666667;-53.358055555556;22S15 24;53W21 29;-22.256666666667;-53.358055555556;;48;
57dbac6604ad0;Primário;OM;MS;Nova Andradina;Nova Andradina - MS;1560;KHz;C;-22.233333333333;-53.343055555556;22S13 60;53W20 35;-22.233333333333;-53.343055555556;;62;
57dbac660730c;Primário;OM;MS;Paranaíba;Paranaíba - MS;1050;KHz;B;-19.688055555556;-51.193055555556;19S41 17;51W11 35;-19.688055555556;-51.193055555556;;90;
57dbac660bc8a;Primário;OM;MS;Ponta Porã;Ponta Porã - MS;670;KHz;B;-22.606388888889;-55.643611111111;22S36 23;55W38 37;-22.606388888889;-55.643611111111;;87;
57dbac660ff51;Primário;OM;MS;Ponta Porã;Ponta Porã - MS;1110;KHz;C;-22.521388888889;-55.716388888889;22S31 17;55W42 59;-22.521388888889;-55.716388888889;;68;
57dbac66144a1;Primário;OM;MS;Ribas do Rio Pardo;Ribas do Rio Pardo - MS;1470;KHz;C;-20,46639;-53,75444;20S27 59;53W45 16;-20,46639;-53,75444;;55;Principal
57dbac6617244;Primário;OM;MS;Rio Brilhante;Rio Brilhante - MS;1450;KHz;C;-21.624444444444;-54.552222222222;21S37 28;54W33 08;-21.624444444444;-54.552222222222;;48;
57dbac661b9ba;Primário;OM;MS;Rio Verde de Mato Grosso;Rio Verde de Mato Grosso - MS;1520;KHz;C;-18.912222222222;-54.865833333333;18S54 44;54W51 57;-18.912222222222;-54.865833333333;;55;
57dbac661f85f;Primário;OM;MS;São Gabriel do Oeste;São Gabriel do Oeste - MS;850;KHz;C;-19.411111111111;-54.581111111111;19S24 40;54W34 52;-19.411111111111;-54.581111111111;;72;
57dbac66237ae;Primário;OM;MS;Sete Quedas;Sete Quedas - MS;1530;KHz;C;-23.966666666667;-54.8;23S58 00;54W47 60;-23.966666666667;-54.8;;55;
57dbac662747f;Primário;OM;MS;Sidrolândia;Sidrolândia - MS;1310;KHz;B;-20.936388888889;-54.952222222222;20S56 11;54W57 08;-20.936388888889;-54.952222222222;;51;
57dbac662afed;Primário;OM;MS;Sidrolândia;Sidrolândia - MS;1460;KHz;C;-20.916666666667;-54.983333333333;20S55 00;54W58 60;-20.916666666667;-54.983333333333;;55;
57dbac662d6fe;Primário;OM;MS;Três Lagoas;Três Lagoas - MS;1250;KHz;C;-20.820555555556;-51.724166666667;20S49 14;51W43 27;-20.820555555556;-51.724166666667;;57;
57dbac6635164;Primário;OM;MS;Três Lagoas;Três Lagoas - MS;1540;KHz;C;-20.683333333333;-51.7;20S40 60;51W42 00;-20.683333333333;-51.7;;55;
57dbac6637342;Primário;OM;MT;Água Boa;Água Boa - MT;1390;KHz;C;-14.05;-52.158611111111;14S03 00;52W09 31;-14.05;-52.158611111111;;56;
57dbac6639487;Primário;OM;MT;Água Boa;Água Boa - MT;1470;KHz;C;-14.05;-52.158611111111;14S03 00;52W09 31;-14.05;-52.158611111111;;55;
57dbac663bb11;Primário;OM;MT;Alta Floresta;Alta Floresta - MT;640;KHz;B;-9.8655555555555;-56.063611111111;9S51 56;56W03 49;-9.8655555555555;-56.063611111111;;116;
57dbac663f9b2;Primário;OM;MT;Alta Floresta;Alta Floresta - MT;810;KHz;C;-10.412222222222;-56.079166666667;10S24 44;56W04 45;-10.412222222222;-56.079166666667;;74;
57dbac6647c90;Primário;OM;MT;Alto Taquari;Alto Taquari - MT;1480;KHz;C;-17.826111111111;-53.282222222222;17S49 34;53W16 56;-17.826111111111;-53.282222222222;;55;
57dbac664b9c4;Primário;OM;MT;Araputanga;Araputanga - MT;900;KHz;B;-15.444444444444;-58.329444444444;15S26 40;58W19 46;-15.444444444444;-58.329444444444;;92;
57dbac664f86d;Primário;OM;MT;Arenápolis;Arenápolis - MT;1370;KHz;C;-14.450277777778;-56.846111111111;14S27 01;56W50 46;-14.450277777778;-56.846111111111;;79;
57dbac6652571;Primário;OM;MT;Aripuanã;Aripuanã - MT;1480;KHz;C;-8.8333333333333;-61.3;8S49 60;61W17 60;-8.8333333333333;-61.3;;55;
57dbac665513e;Primário;OM;MT;Barra do Bugres;Barra do Bugres - MT;1540;KHz;C;-15.071944444444;-57.211944444444;15S04 19;57W12 43;-15.071944444444;-57.211944444444;;55;
57dbac6658e34;Primário;OM;MT;Barra do Garças;Barra do Garças - MT;560;KHz;B;-15.9325;-52.283611111111;15S55 57;52W17 01;-15.9325;-52.283611111111;;125;
57dbac665cee5;Primário;OM;MT;Barra do Garças;Barra do Garças - MT;720;KHz;C;-15.910277777778;-52.266111111111;15S54 37;52W15 58;-15.910277777778;-52.266111111111;;30;
57dbac666151d;Primário;OM;MT;Cáceres;Cáceres - MT;620;KHz;B;-16.06667;-57.68333;16S04 00;57W40 60;-16.06667;-57.68333;;119;Principal
57dbac666540f;Primário;OM;MT;Cáceres;Cáceres - MT;730;KHz;B;-16.078333333333;-57.666944444444;16S04 42;57W40 01;-16.078333333333;-57.666944444444;;103;
57dbac666970b;Primário;OM;MT;Cáceres;Cáceres - MT;820;KHz;B;-16.066666666667;-57.683333333333;16S04 00;57W40 60;-16.066666666667;-57.683333333333;;99;
57dbac666df7a;Primário;OM;MT;Campo Novo do Parecis;Campo Novo do Parecis - MT;1530;KHz;C;-13.643611111111;-57.899722222222;13S38 37;57W53 59;-13.643611111111;-57.899722222222;;55;
57dbac667206f;Primário;OM;MT;Campo Verde;Campo Verde - MT;1480;KHz;C;-15.546666666667;-55.168888888889;15S32 48;55W10 08;-15.546666666667;-55.168888888889;;55;
57dbac6674ebd;Primário;OM;MT;Chapada dos Guimarães;Chapada dos Guimarães - MT;760;KHz;B;-15.471111111111;-55.666666666667;15S28 16;55W40 00;-15.471111111111;-55.666666666667;;100;
57dbac66799be;Primário;OM;MT;Colíder;Colíder - MT;650;KHz;C;-10.824838888889;-55.474822222222;10S49 29;55W28 29;-10.824838888889;-55.474822222222;;116;
57dbac667dd49;Primário;OM;MT;Colíder;Colíder - MT;1430;KHz;C;-11.061666666667;-55.276388888889;11S03 42;55W16 35;-11.061666666667;-55.276388888889;;56;
57dbac6680ab5;Primário;OM;MT;Comodoro;Comodoro - MT;1490;KHz;C;-13.6775;-59.792777777778;13S40 39;59W47 34;-13.6775;-59.792777777778;;55;Principal
57dbac6684669;Primário;OM;MT;Comodoro;Comodoro - MT;1550;KHz;C;-13.663055555556;-59.785833333333;13S39 47;59W47 09;-13.663055555556;-59.785833333333;;48;
57dbac668ba8c;Primário;OM;MT;Cuiabá;Cuiabá - MT;630;KHz;B;-15.6;-56.1;15S35 60;56W06 00;-15.6;-56.1;;88;
57dbac66902bc;Primário;OM;MT;Cuiabá;Cuiabá - MT;710;KHz;C;-15.6;-56.1;15S35 60;56W06 00;-15.6;-56.1;;84;
57dbac66940eb;Primário;OM;MT;Cuiabá;Cuiabá - MT;800;KHz;B;-15.6;-56.1;15S35 60;56W06 00;-15.6;-56.1;;105;
57dbac66969cc;Primário;OM;MT;Cuiabá;Cuiabá - MT;1160;KHz;B;-15.6;-56.1;15S35 60;56W06 00;-15.6;-56.1;;65;
57dbac669a492;Primário;OM;MT;Cuiabá;Cuiabá - MT;1520;KHz;C;-15.6;-56.1;15S35 60;56W06 00;-15.6;-56.1;;55;
57dbac669cb36;Primário;OM;MT;Diamantino;Diamantino - MT;690;KHz;C;-14.420277777778;-56.440277777778;14S25 13;56W26 25;-14.420277777778;-56.440277777778;;110;
57dbac66a18f7;Primário;OM;MT;Guarantã do Norte;Guarantã do Norte - MT;1180;KHz;C;-9.9705555555555;-54.922777777778;9S58 14;54W55 22;-9.9705555555555;-54.922777777778;;57;
57dbac66a504d;Primário;OM;MT;Guarantã do Norte;Guarantã do Norte - MT;1450;KHz;C;-9.7875;-54.91;9S47 15;54W54 36;-9.7875;-54.91;;55;
57dbac66a7cb8;Primário;OM;MT;Guiratinga;Guiratinga - MT;870;KHz;C;-16.35;-53.75;16S21 00;53W45 00;-16.35;-53.75;;72;
57dbac66ab4ef;Primário;OM;MT;Guiratinga;Guiratinga - MT;1470;KHz;C;-16.35;-53.75;16S21 00;53W45 00;-16.35;-53.75;;55;
57dbac66adbc0;Primário;OM;MT;Itiquira;Itiquira - MT;1080;KHz;C;-17.208888888889;-54.150277777778;17S12 32;54W09 01;-17.208888888889;-54.150277777778;;59;
57dbac66b1883;Primário;OM;MT;Jaciara;Jaciara - MT;830;KHz;C;-15.971111111111;-54.971111111111;15S58 16;54W58 16;-15.971111111111;-54.971111111111;;55;
57dbac66b5481;Primário;OM;MT;Jaciara;Jaciara - MT;770;KHz;C;-15.965277777778;-54.968333333333;15S57 55;54W58 06;-15.965277777778;-54.968333333333;;85;
57dbac66b9953;Primário;OM;MT;Jauru;Jauru - MT;1310;KHz;C;-15.333333333333;-58.866666666667;15S19 60;58W52 00;-15.333333333333;-58.866666666667;;69;
57dbac66bc3e9;Primário;OM;MT;Juara;Juara - MT;950;KHz;C;-11.268389;-57.490139;11S16 06;57W29 25;-11.268389;-57.490139;;85;
57dbac66c33b1;Primário;OM;MT;Juína;Juína - MT;730;KHz;C;-11.378333333333;-58.741111111111;11S22 42;58W44 28;-11.378333333333;-58.741111111111;;108;
57dbac66c58c4;Primário;OM;MT;Juína;Juína - MT;830;KHz;C;-11.401388888889;-58.746388888889;11S24 05;58W44 47;-11.401388888889;-58.746388888889;;73;
57dbac66ca515;Primário;OM;MT;Juscimeira;Juscimeira - MT;1460;KHz;C;-16.05389;-54.88167;16S03 14;54W52 54;-16.05389;-54.88167;;55;Principal
57dbac66d04ab;Primário;OM;MT;Luciara;Luciara - MT;1470;KHz;C;-11.222222;-50.669167;11S13 20;50W40 09;-11.222222;-50.669167;;55;
57dbac66d29c6;Primário;OM;MT;Matupá;Matupá - MT;770;KHz;C;-10.179444444444;-54.924166666667;10S10 46;54W55 27;-10.179444444444;-54.924166666667;;90;
57dbac66d6159;Primário;OM;MT;Mirassol d Oeste;Mirassol d Oeste - MT;1010;KHz;C;-15.675;-58.095833333333;15S40 30;58W05 45;-15.675;-58.095833333333;;48;
57dbac66da337;Primário;OM;MT;Nortelândia;Nortelândia - MT;790;KHz;C;-14.454722222222;-56.802777777778;14S27 17;56W48 10;-14.454722222222;-56.802777777778;;105;
57dbac66dd916;Primário;OM;MT;Nova Brasilândia;Nova Brasilândia - MT;1380;KHz;C;-14.956944444444;-54.965555555556;14S57 25;54W57 56;-14.956944444444;-54.965555555556;;65;
57dbac66e02b1;Primário;OM;MT;Nova Mutum;Nova Mutum - MT;1490;KHz;C;-13.79139;-56.07389;13S47 29;56W04 26;-13.79139;-56.07389;;55;Principal
57dbac66e2f12;Primário;OM;MT;Nova Xavantina;Nova Xavantina - MT;710;KHz;C;-14.640555555556;-52.360555555556;14S38 26;52W21 38;-14.640555555556;-52.360555555556;;111;
57dbac66e6eee;Primário;OM;MT;Novo São Joaquim;Novo São Joaquim - MT;1480;KHz;C;-14.905833333333;-53.018333333333;14S54 21;53W01 06;-14.905833333333;-53.018333333333;;55;
57dbac66edc1f;Primário;OM;MT;Paranatinga;Paranatinga - MT;1490;KHz;C;-14.44444;-54.05917;14S26 40;54W03 33;-14.44444;-54.05917;;55;Principal
57dbac66f094b;Primário;OM;MT;Peixoto de Azevedo;Peixoto de Azevedo - MT;1530;KHz;C;-10.257222222222;-54.999444444444;10S15 26;54W59 58;-10.257222222222;-54.999444444444;;55;
57dbac6700631;Primário;OM;MT;Poconé;Poconé - MT;670;KHz;B;-16.239444444444;-56.626666666667;16S14 22;56W37 36;-16.239444444444;-56.626666666667;;115;
57dbac6704a3f;Primário;OM;MT;Pontes e Lacerda;Pontes e Lacerda - MT;930;KHz;B;-15.226111111111;-59.335277777778;15S13 34;59W20 07;-15.226111111111;-59.335277777778;;69;
57dbac670878b;Primário;OM;MT;Poxoréo;Poxoréo - MT;850;KHz;B;-15.842222222222;-54.401944444444;15S50 32;54W24 07;-15.842222222222;-54.401944444444;;100;
57dbac670cbc7;Primário;OM;MT;Primavera do Leste;Primavera do Leste - MT;900;KHz;C;-15.521111111111;-54.277222222222;15S31 16;54W16 38;-15.521111111111;-54.277222222222;;72;
57dbac6710925;Primário;OM;MT;Rondonópolis;Rondonópolis - MT;660;KHz;B;-16.466666666667;-54.633333333333;16S28 00;54W37 60;-16.466666666667;-54.633333333333;;115;
57dbac6714756;Primário;OM;MT;Rondonópolis;Rondonópolis - MT;930;KHz;C;-16.470833333333;-54.635555555556;16S28 15;54W38 08;-16.470833333333;-54.635555555556;;80;
57dbac6718cb2;Primário;OM;MT;Rondonópolis;Rondonópolis - MT;1030;KHz;B;-16.470833333333;-54.635555555556;16S28 15;54W38 08;-16.470833333333;-54.635555555556;;94;
57dbac671c7ac;Primário;OM;MT;Rondonópolis;Rondonópolis - MT;1510;KHz;C;-16.470833333333;-54.635555555556;16S28 15;54W38 08;-16.470833333333;-54.635555555556;;55;
57dbac671f163;Primário;OM;MT;Rosário Oeste;Rosário Oeste - MT;1520;KHz;C;-14.836111111111;-56.4275;14S50 10;56W25 39;-14.836111111111;-56.4275;;55;
57dbac6725a88;Primário;OM;MT;São José dos Quatro Marcos;São José dos Quatro Marcos - MT;570;KHz;C;-15.879722222222;-58.203333333333;15S52 47;58W12 12;-15.879722222222;-58.203333333333;;87;
57dbac6729822;Primário;OM;MT;Sinop;Sinop - MT;550;KHz;B;-11.910222222222;-55.524583333333;11S54 37;55W31 28;-11.910222222222;-55.524583333333;;125;
57dbac672de4d;Primário;OM;MT;Sinop;Sinop - MT;610;KHz;B;-11.762222222222;-55.484166666667;11S45 44;55W29 03;-11.762222222222;-55.484166666667;;91;
57dbac673247d;Primário;OM;MT;Sorriso;Sorriso - MT;700;KHz;B;-12.5525;-55.722222222222;12S33 09;55W43 20;-12.5525;-55.722222222222;;106;
57dbac6736cf4;Primário;OM;MT;Tangará da Serra;Tangará da Serra - MT;560;KHz;B;-14.635833333333;-57.472222222222;14S38 09;57W28 20;-14.635833333333;-57.472222222222;;134;
57dbac673b08d;Primário;OM;MT;Tangará da Serra;Tangará da Serra - MT;640;KHz;B;-14.633333333333;-57.483333333333;14S37 60;57W28 60;-14.633333333333;-57.483333333333;;116;
57dbac673ed73;Primário;OM;MT;Terra Nova do Norte;Terra Nova do Norte - MT;1490;KHz;C;-10.516944444444;-55.230833333333;10S31 01;55W13 51;-10.516944444444;-55.230833333333;;55;
57dbac674172b;Primário;OM;MT;Várzea Grande;Várzea Grande - MT;840;KHz;B;-15.646666666667;-56.1325;15S38 48;56W07 57;-15.646666666667;-56.1325;;100;
57dbac6743e80;Primário;OM;MT;Várzea Grande;Várzea Grande - MT;1070;KHz;B;-15.626666666667;-56.18;15S37 36;56W10 48;-15.626666666667;-56.18;;91;
57dbac67480ed;Primário;OM;MT;Vila Bela da Santíssima Trindade;Vila Bela da Santíssima Trindade - MT;1460;KHz;C;-15.008055555556;-59.950555555556;15S00 29;59W57 02;-15.008055555556;-59.950555555556;;55;
57dbac674f0d7;Primário;OM;PA;Abaetetuba;Abaetetuba - PA;1510;KHz;C;-1.7333333333333;-48.883333333333;1S43 60;48W52 60;-1.7333333333333;-48.883333333333;;55;
57dbac6752ab5;Primário;OM;PA;Alenquer;Alenquer - PA;750;KHz;C;-1.94472;-54.72583;1S56 41;54W43 33;-1.94472;-54.72583;;76;Principal
57dbac67565b9;Primário;OM;PA;Almeirim;Almeirim - PA;1450;KHz;C;-1.5333333333333;-52.583333333333;1S31 60;52W34 60;-1.5333333333333;-52.583333333333;;55;
57dbac6758f39;Primário;OM;PA;Almeirim;Almeirim - PA;1560;KHz;C;-0.86666666666667;-52.516666666667;0S52 00;52W31 00;-0.86666666666667;-52.516666666667;;55;
57dbac675c91b;Primário;OM;PA;Altamira;Altamira - PA;670;KHz;C;-3.1725;-52.170555555556;3S10 21;52W10 14;-3.1725;-52.170555555556;;61;
57dbac675fe6c;Primário;OM;PA;Anajás;Anajás - PA;1490;KHz;C;-0.98333333333333;-49.933333333333;0S58 60;49W55 60;-0.98333333333333;-49.933333333333;;55;
57dbac6761ebe;Primário;OM;PA;Aveiro;Aveiro - PA;1450;KHz;C;-3.5833333333333;-55.316666666667;3S34 60;55W19 00;-3.5833333333333;-55.316666666667;;55;
57dbac6763f70;Primário;OM;PA;Baião;Baião - PA;1450;KHz;C;-2.6833333333333;-49.683333333333;2S40 60;49W40 60;-2.6833333333333;-49.683333333333;;55;
57dbac6766622;Primário;OM;PA;Barcarena;Barcarena - PA;1190;KHz;C;-1.52622;-48.62031;1S31 34;48W37 13;-1.52622;-48.62031;;63;Principal
57dbac67690b8;Primário;OM;PA;Belém;Belém - PA;640;KHz;B;-1,44972;-48,43028;1S26 59;48W25 49;-1,44972;-48,43028;0;116;Principal
57dbac676b9c5;Primário;OM;PA;Belém;Belém - PA;690;KHz;B;-1.4048916666667;-48.414022222222;1S24 18;48W24 50;-1.4048916666667;-48.414022222222;;111;Principal
57dbac6770227;Primário;OM;PA;Belém;Belém - PA;800;KHz;B;-1.4666666666667;-48.483333333333;1S28 00;48W28 60;-1.4666666666667;-48.483333333333;;105;
57dbac6772bd2;Primário;OM;PA;Belém;Belém - PA;900;KHz;B;-1.428611111111;-48.439444444444;1S25 43;48W26 22;-1.428611111111;-48.439444444444;;100;
57dbac6777aea;Primário;OM;PA;Belém;Belém - PA;980;KHz;B;-1.4666666666667;-48.483333333333;1S28 00;48W28 60;-1.4666666666667;-48.483333333333;;94;
57dbac677a299;Primário;OM;PA;Belém;Belém - PA;1080;KHz;B;-1.3677777777777;-48.431666666667;1S22 04;48W25 54;-1.3677777777777;-48.431666666667;;82;
57dbac677e6e5;Primário;OM;PA;Belém;Belém - PA;1130;KHz;B;-1.4725;-48.47306;1S28 21;48W28 23;-1.4725;-48.47306;;86;Principal
57dbac67831be;Primário;OM;PA;Belém;Belém - PA;1270;KHz;B;-1.4413888888888;-48.483055555556;1S26 29;48W28 59;-1.4413888888888;-48.483055555556;;82;
57dbac67872e4;Primário;OM;PA;Belém;Belém - PA;1420;KHz;B;-1.4666666666667;-48.483333333333;1S28 00;48W28 60;-1.4666666666667;-48.483333333333;;79;
57dbac6789a00;Primário;OM;PA;Bragança;Bragança - PA;1390;KHz;B;-1.0702777777777;-46.788333333333;1S04 13;46W47 18;-1.0702777777777;-46.788333333333;;60;
57dbac678d791;Primário;OM;PA;Breves;Breves - PA;870;KHz;C;-1.67111;-50.47278;1S40 16;50W28 22;-1.67111;-50.47278;;85;Principal
57dbac6791b7b;Primário;OM;PA;Cametá;Cametá - PA;850;KHz;C;-2.2547222222222;-49.510833333333;2S15 17;49W30 39;-2.2547222222222;-49.510833333333;;68;
57dbac67954dc;Primário;OM;PA;Capanema;Capanema - PA;1460;KHz;C;-1.2;-47.183333333333;1S11 60;47W10 60;-1.2;-47.183333333333;;55;
57dbac6797b3b;Primário;OM;PA;Castanhal;Castanhal - PA;1330;KHz;B;-1.3458333333333;-47.916666666667;1S20 45;47W55 00;-1.3458333333333;-47.916666666667;;84;
57dbac679c8aa;Primário;OM;PA;Castanhal;Castanhal - PA;1450;KHz;C;-1.3225;-47.893055555556;1S19 21;47W53 35;-1.3225;-47.893055555556;;55;
57dbac679fe31;Primário;OM;PA;Chaves;Chaves - PA;1450;KHz;C;-0.16666666666667;-49.983333333333;0S10 00;49W58 60;-0.16666666666667;-49.983333333333;;55;
57dbac67a223b;Primário;OM;PA;Conceição do Araguaia;Conceição do Araguaia - PA;820;KHz;C;-8.2847222222222;-49.268055555556;8S17 05;49W16 05;-8.2847222222222;-49.268055555556;;106;
57dbac67a5db9;Primário;OM;PA;Gurupá;Gurupá - PA;1170;KHz;C;-1.4;-51.616666666667;1S23 60;51W37 00;-1.4;-51.616666666667;;58;
57dbac67a964c;Primário;OM;PA;Igarapé-Miri;Igarapé-Miri - PA;1560;KHz;C;-1.9666666666667;-48.966666666667;1S58 00;48W58 00;-1.9666666666667;-48.966666666667;;55;
57dbac67ad0ae;Primário;OM;PA;Itaituba;Itaituba - PA;850;KHz;C;-4.2558333333333;-55.924722222222;4S15 21;55W55 29;-4.2558333333333;-55.924722222222;;80;
57dbac67b0a50;Primário;OM;PA;Itaituba;Itaituba - PA;960;KHz;C;-4.25364;-55.97153;4S15 13;55W58 18;-4.25364;-55.97153;;80;Principal
57dbac67b4553;Primário;OM;PA;Itaituba;Itaituba - PA;930;KHz;C;-6.8197222222222;-56.849722222222;6S49 11;56W50 59;-6.8197222222222;-56.849722222222;;83;
57dbac67b674a;Primário;OM;PA;Juruti;Juruti - PA;1160;KHz;C;-2.15;-56.066666666667;2S08 60;56W04 00;-2.15;-56.066666666667;;58;
57dbac67b8eee;Primário;OM;PA;Marabá;Marabá - PA;770;KHz;B;-5.3269444444443;-49.106944444444;5S19 37;49W06 25;-5.3269444444443;-49.106944444444;;80;
57dbac67bc6b8;Primário;OM;PA;Marabá;Marabá - PA;850;KHz;B;-5.3666666666667;-49.15;5S22 00;49W08 60;-5.3666666666667;-49.15;;73;
57dbac67c0234;Primário;OM;PA;Maracanã;Maracanã - PA;1550;KHz;C;-0.8275;-47.453611111111;0S49 39;47W27 13;-0.8275;-47.453611111111;;55;
57dbac67c3d3f;Primário;OM;PA;Moju;Moju - PA;1170;KHz;C;-1.8833333333333;-48.766666666667;1S52 60;48W46 00;-1.8833333333333;-48.766666666667;;58;
57dbac67c62cd;Primário;OM;PA;Monte Alegre;Monte Alegre - PA;560;KHz;C;-2.0166666666667;-54.066666666667;2S01 00;54W04 00;-2.0166666666667;-54.066666666667;;88;
57dbac67c87ee;Primário;OM;PA;Novo Progresso;Novo Progresso - PA;550;KHz;C;-7.1477777777777;-55.381111111111;7S08 52;55W22 52;-7.1477777777777;-55.381111111111;;88;
57dbac67caf1c;Primário;OM;PA;Óbidos;Óbidos - PA;670;KHz;C;-1.9;-55.533333333333;1S53 60;55W31 60;-1.9;-55.533333333333;;95;
57dbac67cec8f;Primário;OM;PA;Oriximiná;Oriximiná - PA;1170;KHz;C;-1.7666666666667;-55.866666666667;1S46 00;55W52 00;-1.7666666666667;-55.866666666667;;58;
57dbac67d0ebb;Primário;OM;PA;Ourém;Ourém - PA;1520;KHz;C;-1.55;-47.116666666667;1S33 00;47W07 00;-1.55;-47.116666666667;;55;
57dbac67d312f;Primário;OM;PA;Paragominas;Paragominas - PA;670;KHz;C;-2.9333333333333;-47.533333333333;2S55 60;47W31 60;-2.9333333333333;-47.533333333333;;80;
57dbac67d6507;Primário;OM;PA;Portel;Portel - PA;560;KHz;C;-1.9333333333333;-50.816666666667;1S55 60;50W49 00;-1.9333333333333;-50.816666666667;;88;
57dbac67d828b;Primário;OM;PA;Porto de Moz;Porto de Moz - PA;1510;KHz;C;-1.75;-52.233333333333;1S45 00;52W13 60;-1.75;-52.233333333333;;55;
57dbac67da452;Primário;OM;PA;Prainha;Prainha - PA;1040;KHz;C;-1.8;-53.483333333333;1S48 00;53W28 60;-1.8;-53.483333333333;;59;
57dbac67dd87f;Primário;OM;PA;Primavera;Primavera - PA;1510;KHz;C;-0.93333333333333;-47.116666666667;0S55 60;47W07 00;-0.93333333333333;-47.116666666667;;55;
57dbac67dfd70;Primário;OM;PA;Redenção;Redenção - PA;1510;KHz;B;-8.0530555555555;-50.028333333333;8S03 11;50W01 42;-8.0530555555555;-50.028333333333;;51;
57dbac67e36b2;Primário;OM;PA;Rio Maria;Rio Maria - PA;1500;KHz;C;-7.3105555555555;-50.048333333333;7S18 38;50W02 54;-7.3105555555555;-50.048333333333;;55;
57dbac67e682b;Primário;OM;PA;Santa Cruz do Arari;Santa Cruz do Arari - PA;1520;KHz;C;-0.6;-49.183333333333;0S36 00;49W10 60;-0.6;-49.183333333333;;55;
57dbac67e8764;Primário;OM;PA;Santa Maria do Pará;Santa Maria do Pará - PA;1490;KHz;C;-1.35;-47.566666666667;1S21 00;47W34 00;-1.35;-47.566666666667;;55;
57dbac67ea488;Primário;OM;PA;Santana do Araguaia;Santana do Araguaia - PA;1490;KHz;C;-8.8666666666667;-49.716666666667;8S52 00;49W43 00;-8.8666666666667;-49.716666666667;;55;
57dbac67ec610;Primário;OM;PA;Santarém;Santarém - PA;650;KHz;B;-2.4547;-54.693411111111;2S27 17;54W41 36;-2.4547;-54.693411111111;;99;Principal
57dbac67efc68;Primário;OM;PA;Santarém;Santarém - PA;710;KHz;B;-2.4458333333333;-54.731388888889;2S26 45;54W43 53;-2.4458333333333;-54.731388888889;;100;
57dbac67f2f07;Primário;OM;PA;Santarém;Santarém - PA;820;KHz;B;-2.4166666666667;-54.716666666667;2S25 00;54W43 00;-2.4166666666667;-54.716666666667;;103;
57dbac6800e58;Primário;OM;PA;Santarém;Santarém - PA;890;KHz;C;-2.4777777777777;-54.705555555556;2S28 40;54W42 20;-2.4777777777777;-54.705555555556;;86;
57dbac68042f8;Primário;OM;PA;São Domingos do Capim;São Domingos do Capim - PA;1480;KHz;C;-1.6833333333333;-47.783333333333;1S40 60;47W46 60;-1.6833333333333;-47.783333333333;;55;
57dbac6806705;Primário;OM;PA;São Félix do Xingu;São Félix do Xingu - PA;1450;KHz;C;-6.636111111111;-51.997222222222;6S38 10;51W59 50;-6.636111111111;-51.997222222222;;55;
57dbac68096ef;Primário;OM;PA;São João do Araguaia;São João do Araguaia - PA;1470;KHz;C;-5.4;-48.733333333333;5S24 00;48W43 60;-5.4;-48.733333333333;;55;
57dbac680bb99;Primário;OM;PA;São Miguel do Guamá;São Miguel do Guamá - PA;1160;KHz;C;-1.5955555555555;-47.488888888889;1S35 44;47W29 20;-1.5955555555555;-47.488888888889;;55;
57dbac68100bc;Primário;OM;PA;São Sebastião da Boa Vista;São Sebastião da Boa Vista - PA;1540;KHz;C;-1.6333333333333;-49.55;1S37 60;49W32 60;-1.6333333333333;-49.55;;50;
57dbac6813cf9;Primário;OM;PA;Senador José Porfírio;Senador José Porfírio - PA;1470;KHz;C;-2.5822222222222;-51.935555555556;2S34 56;51W56 08;-2.5822222222222;-51.935555555556;;55;Principal
57dbac6817748;Primário;OM;PA;Soure;Soure - PA;720;KHz;B;-0.71666666666667;-48.523333333333;0S43 00;48W31 24;-0.71666666666667;-48.523333333333;;100;
57dbac681a02c;Primário;OM;PA;Soure;Soure - PA;830;KHz;B;-0.71486;-48.51186;0S42 53;48W30 43;-0.71486;-48.51186;;73;Principal
57dbac681e9fc;Primário;OM;PA;Tailândia;Tailândia - PA;1570;KHz;C;-2.93694;-48.93306;2S56 13;48W55 59;-2.93694;-48.93306;;55;Principal
57dbac6821115;Primário;OM;PA;Tomé-Açu;Tomé-Açu - PA;1460;KHz;C;-2.4;-48.15;2S23 60;48W08 60;-2.4;-48.15;;55;
57dbac682333d;Primário;OM;PA;Tucuruí;Tucuruí - PA;1380;KHz;C;-3.7333333333333;-49.7;3S43 60;49W42 00;-3.7333333333333;-49.7;;56;
57dbac68259f7;Primário;OM;PA;Tucuruí;Tucuruí - PA;1500;KHz;C;-3.7776666666667;-49.66925;3S46 40;49W40 09;-3.7776666666667;-49.66925;;55;
57dbac6829c95;Primário;OM;PA;Vigia;Vigia - PA;1470;KHz;C;-0.85;-48.15;0S51 00;48W08 60;-0.85;-48.15;;55;
57dbac682e619;Primário;OM;PA;Viseu;Viseu - PA;1490;KHz;C;-1.2166666666667;-46.133333333333;1S13 00;46W07 60;-1.2166666666667;-46.133333333333;;55;
57dbac6830f65;Primário;OM;PA;Xinguara;Xinguara - PA;660;KHz;C;-7.1038888888888;-49.956111111111;7S06 14;49W57 22;-7.1038888888888;-49.956111111111;;80;Principal
57dbac6834f23;Primário;OM;PB;Araruna;Araruna - PB;590;KHz;B;-6.576806;-35.798472;6S34 37;35W47 54;-6.576806;-35.798472;;87;Principal
57dbac683979f;Primário;OM;PB;Areia;Areia - PB;1550;KHz;B;-6.9455555555555;-35.708888888889;6S56 44;35W42 32;-6.9455555555555;-35.708888888889;;55;
57dbac683d6fb;Primário;OM;PB;Bananeiras;Bananeiras - PB;680;KHz;B;-6.8341666666667;-35.625;6S50 03;35W37 30;-6.8341666666667;-35.625;;80;
57dbac6842013;Primário;OM;PB;Bayeux;Bayeux - PB;1280;KHz;B;-7.1247222222222;-34.933888888889;7S07 29;34W56 02;-7.1247222222222;-34.933888888889;;82;
57dbac6846b75;Primário;OM;PB;Cajazeiras;Cajazeiras - PB;650;KHz;B;-6.9051388888888;-38.560861111111;6S54 18;38W33 39;-6.9051388888888;-38.560861111111;;116;Principal
57dbac684ad2c;Primário;OM;PB;Cajazeiras;Cajazeiras - PB;1000;KHz;B;-6.8651944444443;-38.562944444444;6S51 55;38W33 47;-6.8651944444443;-38.562944444444;;55;
57dbac684ecb9;Primário;OM;PB;Cajazeiras;Cajazeiras - PB;1070;KHz;B;-6.88689;-38.54533;6S53 13;38W32 43;-6.88689;-38.54533;;91;
57dbac6852f2a;Primário;OM;PB;Campina Grande;Campina Grande - PB;1050;KHz;B;-7.1628055555555;-35.920305555556;7S09 46;35W55 13;-7.1628055555555;-35.920305555556;;70;
57dbac685712c;Primário;OM;PB;Campina Grande;Campina Grande - PB;1160;KHz;C;-7.1802777777777;-35.885277777778;7S10 49;35W53 07;-7.1802777777777;-35.885277777778;;86;
57dbac685f636;Primário;OM;PB;Campina Grande;Campina Grande - PB;1420;KHz;C;-7.2166666666667;-35.883333333333;7S13 00;35W52 60;-7.2166666666667;-35.883333333333;;74;
57dbac686774a;Primário;OM;PB;Conceição;Conceição - PB;710;KHz;C;-7.55;-38.5;7S32 60;38W30 00;-7.55;-38.5;;78;
57dbac686b63a;Primário;OM;PB;Esperança;Esperança - PB;1310;KHz;B;-7.0166666666667;-35.85;7S01 00;35W51 00;-7.0166666666667;-35.85;;82;
57dbac686f6d7;Primário;OM;PB;Guarabira;Guarabira - PB;790;KHz;B;-6.8533333333333;-35.490277777778;6S51 12;35W29 25;-6.8533333333333;-35.490277777778;;100;
57dbac6873891;Primário;OM;PB;Guarabira;Guarabira - PB;850;KHz;B;-6.85;-35.483333333333;6S50 60;35W28 60;-6.85;-35.483333333333;;105;Principal
57dbac68779bb;Primário;OM;PB;Itaporanga;Itaporanga - PB;1590;KHz;C;-7.3097222222222;-38.136944444444;7S18 35;38W08 13;-7.3097222222222;-38.136944444444;;55;
57dbac687b95b;Primário;OM;PB;João Pessoa;João Pessoa - PB;920;KHz;B;-7.1116666666667;-34.950555555556;7S06 42;34W57 02;-7.1116666666667;-34.950555555556;;78;
57dbac687f9e5;Primário;OM;PB;João Pessoa;João Pessoa - PB;1110;KHz;B;-7.1191666666667;-34.901666666667;7S07 09;34W54 06;-7.1191666666667;-34.901666666667;;86;
57dbac688432c;Primário;OM;PB;João Pessoa;João Pessoa - PB;1230;KHz;B;-7.1038166666667;-34.853958333333;7S06 14;34W51 14;-7.1038166666667;-34.853958333333;;84;
57dbac6888555;Primário;OM;PB;João Pessoa;João Pessoa - PB;1340;KHz;B;-7.1271388888888;-34.846722222222;7S07 38;34W50 48;-7.1271388888888;-34.846722222222;;79;
57dbac688c89f;Primário;OM;PB;Mamanguape;Mamanguape - PB;560;KHz;C;-6.875;-35.120555555555;6S52 30;35W07 14;-6.875;-35.120555555555;;88;
57dbac68907cb;Primário;OM;PB;Monteiro;Monteiro - PB;1540;KHz;C;-7.8966666666667;-37.123333333333;7S53 48;37W07 24;-7.8966666666667;-37.123333333333;;55;
57dbac6894635;Primário;OM;PB;Patos;Patos - PB;750;KHz;C;-7.0333333333333;-37.283333333333;7S01 60;37W16 60;-7.0333333333333;-37.283333333333;;76;
57dbac689875a;Primário;OM;PB;Patos;Patos - PB;1400;KHz;B;-7.0741666666667;-37.283333333333;7S04 27;37W16 60;-7.0741666666667;-37.283333333333;;79;
57dbac689cf45;Primário;OM;PB;Patos;Patos - PB;1450;KHz;C;-7.0534166666667;-37.271444444444;7S03 12;37W16 17;-7.0534166666667;-37.271444444444;;55;Principal
57dbac68a0e81;Primário;OM;PB;Picuí;Picuí - PB;1020;KHz;C;-6.5552777777777;-36.348888888889;6S33 19;36W20 56;-6.5552777777777;-36.348888888889;;55;
57dbac68a4d72;Primário;OM;PB;Pombal;Pombal - PB;880;KHz;C;-6.763611111111;-37.818055555556;6S45 49;37W49 05;-6.763611111111;-37.818055555556;;85;
57dbac68a9a34;Primário;OM;PB;Pombal;Pombal - PB;1180;KHz;C;-6.7788888888888;-37.803333333333;6S46 44;37W48 12;-6.7788888888888;-37.803333333333;;57;
57dbac68ae5f8;Primário;OM;PB;Princesa Isabel;Princesa Isabel - PB;970;KHz;C;-7.7166666666667;-37.883333333333;7S43 00;37W52 60;-7.7166666666667;-37.883333333333;;63;
57dbac68b2113;Primário;OM;PB;Rio Tinto;Rio Tinto - PB;1510;KHz;C;-6.8166666666667;-35.083333333333;6S49 00;35W04 60;-6.8166666666667;-35.083333333333;;55;
57dbac68b49e8;Primário;OM;PB;Soledade;Soledade - PB;1250;KHz;C;-7.0727777777777;-36.363611111111;7S04 22;36W21 49;-7.0727777777777;-36.363611111111;;57;
57dbac68b88b7;Primário;OM;PB;Sousa;Sousa - PB;610;KHz;C;-6.7825;-38.266111111111;6S46 57;38W15 58;-6.7825;-38.266111111111;;64;
57dbac68bc8ea;Primário;OM;PB;Sousa;Sousa - PB;950;KHz;C;-6.7938888888888;-38.206944444444;6S47 38;38W12 25;-6.7938888888888;-38.206944444444;;69;
57dbac68c08dd;Primário;OM;PB;Sumé;Sumé - PB;1270;KHz;B;-7.6434722222222;-36.897861111111;7S38 36;36W53 52;-7.6434722222222;-36.897861111111;;57;
57dbac68c44dd;Primário;OM;PB;Taperoá;Taperoá - PB;1220;KHz;C;-7.206111;-36.824444;7S12 22;36W49 28;-7.206111;-36.824444;;57;
57dbac68c6a0e;Primário;OM;PB;Uiraúna;Uiraúna - PB;1340;KHz;C;-6.5183333333333;-38.412222222222;6S31 06;38W24 44;-6.5183333333333;-38.412222222222;;56;
57dbac68c9321;Primário;OM;PE;Afogados da Ingazeira;Afogados da Ingazeira - PE;1500;KHz;C;-7.75;-37.633333333333;7S45 00;37W37 60;-7.75;-37.633333333333;;50;
57dbac68cd810;Primário;OM;PE;Araripina;Araripina - PE;660;KHz;C;-7.5697222222222;-40.525833333333;7S34 11;40W31 33;-7.5697222222222;-40.525833333333;;61;
57dbac68d123c;Primário;OM;PE;Araripina;Araripina - PE;1280;KHz;B;-7.576111111111;-40.498333333333;7S34 34;40W29 54;-7.576111111111;-40.498333333333;;82;
57dbac68d420f;Primário;OM;PE;Arcoverde;Arcoverde - PE;600;KHz;C;-8.425;-37.0375;8S25 30;37W02 15;-8.425;-37.0375;;64;
57dbac68d88f4;Primário;OM;PE;Belém do São Francisco;Belém do São Francisco - PE;1470;KHz;C;-8.7372222222222;-38.966666666667;8S44 14;38W58 00;-8.7372222222222;-38.966666666667;;55;
57dbac68dc727;Primário;OM;PE;Belo Jardim;Belo Jardim - PE;1530;KHz;C;-8.3680555555555;-36.430277777778;8S22 05;36W25 49;-8.3680555555555;-36.430277777778;;48;
57dbac68e0938;Primário;OM;PE;Bezerros;Bezerros - PE;1590;KHz;C;-8.3094444444443;-35.8475;8S18 34;35W50 51;-8.3094444444443;-35.8475;;55;
57dbac68e48c9;Primário;OM;PE;Bom Conselho;Bom Conselho - PE;1470;KHz;C;-9.1630555555555;-36.693055555556;9S09 47;36W41 35;-9.1630555555555;-36.693055555556;;55;
57dbac68e88e6;Primário;OM;PE;Cabo de Santo Agostinho;Cabo de Santo Agostinho - PE;1330;KHz;B;-8.2291666666667;-34.9625;8S13 45;34W57 45;-8.2291666666667;-34.9625;;70;Principal
57dbac68ecad7;Primário;OM;PE;Cabrobó;Cabrobó - PE;1490;KHz;C;-8.5166666666667;-39.316666666667;8S31 00;39W19 00;-8.5166666666667;-39.316666666667;;55;
57dbac68ef864;Primário;OM;PE;Carpina;Carpina - PE;950;KHz;B;-7.945;-35.118888888889;7S56 42;35W07 08;-7.945;-35.118888888889;;79;Principal
57dbac68f3fea;Primário;OM;PE;Caruaru;Caruaru - PE;910;KHz;B;-8.2333333333333;-35.916666666667;8S13 60;35W55 00;-8.2333333333333;-35.916666666667;;99;
57dbac6903ed6;Primário;OM;PE;Caruaru;Caruaru - PE;1080;KHz;B;-8.2333333333333;-35.916666666667;8S13 60;35W55 00;-8.2333333333333;-35.916666666667;;91;
57dbac690867d;Primário;OM;PE;Caruaru;Caruaru - PE;1130;KHz;B;-8.2983333333333;-35.950833333333;8S17 54;35W57 03;-8.2983333333333;-35.950833333333;;86;
57dbac690c192;Primário;OM;PE;Exu;Exu - PE;1170;KHz;C;-7.5166666666667;-39.716666666667;7S31 00;39W43 00;-7.5166666666667;-39.716666666667;;58;
57dbac690ea58;Primário;OM;PE;Garanhuns;Garanhuns - PE;550;KHz;B;-8.865111111111;-36.499377777778;8S51 54;36W29 58;-8.865111111111;-36.499377777778;;30;
57dbac69129e9;Primário;OM;PE;Garanhuns;Garanhuns - PE;1210;KHz;B;-8.8833333333333;-36.5;8S52 60;36W30 00;-8.8833333333333;-36.5;;64;
57dbac691713c;Primário;OM;PE;Goiana;Goiana - PE;1430;KHz;B;-7.6113888888888;-35.872777777778;7S36 41;35W52 22;-7.6113888888888;-35.872777777778;;53;
57dbac691afe2;Primário;OM;PE;Gravatá;Gravatá - PE;1480;KHz;B;-8.2113888888888;-35.602222222222;8S12 41;35W36 08;-8.2113888888888;-35.602222222222;;72;
57dbac691f18f;Primário;OM;PE;Limoeiro;Limoeiro - PE;660;KHz;C;-7.85;-35.333333333333;7S50 60;35W19 60;-7.85;-35.333333333333;;87;
57dbac6922ff0;Primário;OM;PE;Olinda;Olinda - PE;1030;KHz;B;-8.0857777777777;-34.948027777778;8S05 09;34W56 53;-8.0857777777777;-34.948027777778;;94;
57dbac692769a;Primário;OM;PE;Ouricuri;Ouricuri - PE;1080;KHz;C;-7.8991666666667;-40.090833333333;7S53 57;40W05 27;-7.8991666666667;-40.090833333333;;55;
57dbac692b71c;Primário;OM;PE;Palmares;Palmares - PE;1450;KHz;C;-8.6833333333333;-35.583333333333;8S40 60;35W34 60;-8.6833333333333;-35.583333333333;;55;
57dbac692efdb;Primário;OM;PE;Parnamirim;Parnamirim - PE;1520;KHz;C;-8.0833333333333;-39.566666666667;8S04 60;39W34 00;-8.0833333333333;-39.566666666667;;55;
57dbac6931428;Primário;OM;PE;Paudalho;Paudalho - PE;1500;KHz;C;-7.9;-35.166666666667;7S54 00;35W10 00;-7.9;-35.166666666667;;55;
57dbac6933d4b;Primário;OM;PE;Paulista;Paulista - PE;1120;KHz;B;-8.006944;-34.879722;8S00 25;34W52 47;-8.006944;-34.879722;;93;
57dbac693838c;Primário;OM;PE;Pesqueira;Pesqueira - PE;1390;KHz;C;-8.3666666666667;-36.8;8S22 00;36W47 60;-8.3666666666667;-36.8;;64;
57dbac693c897;Primário;OM;PE;Petrolândia;Petrolândia - PE;1450;KHz;C;-9.0666666666667;-38.316666666667;9S04 00;38W19 00;-9.0666666666667;-38.316666666667;;55;
57dbac6940638;Primário;OM;PE;Petrolina;Petrolina - PE;680;KHz;B;-9.36993;-40.45257;9S22 12;40W27 09;-9.36993;-40.45257;;97;Principal
57dbac69442d7;Primário;OM;PE;Petrolina;Petrolina - PE;730;KHz;B;-9.4;-40.5;9S24 00;40W30 00;-9.4;-40.5;;99;
57dbac69482e1;Primário;OM;PE;Petrolina;Petrolina - PE;1270;KHz;B;-9.4;-40.5;9S24 00;40W30 00;-9.4;-40.5;;75;
57dbac694a9b8;Primário;OM;PE;Recife;Recife - PE;580;KHz;B;-7.95735;-34.87019;7S57 26;34W52 13;-7.95735;-34.87019;;93;Principal
57dbac694e953;Primário;OM;PE;Recife;Recife - PE;720;KHz;A;-8.078417;-35.033167;8S04 42;35W01 59;-8.078417;-35.033167;;210;
57dbac695352e;Primário;OM;PE;Recife;Recife - PE;780;KHz;B;-8.0266666666667;-34.952777777778;8S01 36;34W57 10;-8.0266666666667;-34.952777777778;;95;
57dbac69585da;Primário;OM;PE;Recife;Recife - PE;820;KHz;B;-8.05288;-34.9439;8S03 10;34W56 38;-8.05288;-34.9439;;91;Principal
57dbac695c58e;Primário;OM;PE;Recife;Recife - PE;890;KHz;B;-8.00689;-34.87972;8S00 25;34W52 47;-8.00689;-34.87972;;85;Principal
57dbac6960a24;Primário;OM;PE;Recife;Recife - PE;1240;KHz;B;-8.0166666666667;-34.873611111111;8S01 00;34W52 25;-8.0166666666667;-34.873611111111;;65;
57dbac6964bca;Primário;OM;PE;Recife;Recife - PE;1380;KHz;B;-8.08583;-34.94806;8S05 09;34W56 53;-8.08583;-34.94806;;79;
57dbac696ce16;Primário;OM;PE;Santa Cruz do Capibaribe;Santa Cruz do Capibaribe - PE;1370;KHz;C;-7.9666666666667;-36.2;7S58 00;36W12 00;-7.9666666666667;-36.2;;55;
57dbac6970f45;Primário;OM;PE;São Bento do Una;São Bento do Una - PE;1510;KHz;C;-8.5347222222222;-36.45;8S32 05;36W27 00;-8.5347222222222;-36.45;;55;
57dbac6973769;Primário;OM;PE;São José do Egito;São José do Egito - PE;1320;KHz;C;-7.49278;-37.27181;7S29 34;37W16 19;-7.49278;-37.27181;;57;Principal
57dbac697790b;Primário;OM;PE;São José do Egito;São José do Egito - PE;1580;KHz;C;-7.4666666666667;-37.283333333333;7S28 00;37W16 60;-7.4666666666667;-37.283333333333;;55;
57dbac697a521;Primário;OM;PE;São Lourenço da Mata;São Lourenço da Mata - PE;1300;KHz;C;-8;-35.05;8S00 00;35W02 60;-8;-35.05;;57;
57dbac697e3c5;Primário;OM;PE;Serra Talhada;Serra Talhada - PE;1480;KHz;C;-7.9888888888888;-38.295;7S59 20;38W17 42;-7.9888888888888;-38.295;;55;
57dbac69822ed;Primário;OM;PE;Surubim;Surubim - PE;1520;KHz;C;-7.8303888888888;-35.755361111111;7S49 49;35W45 19;-7.8303888888888;-35.755361111111;;55;
57dbac69861d6;Primário;OM;PE;Timbaúba;Timbaúba - PE;1000;KHz;B;-7.5141666666667;-35.323333333333;7S30 51;35W19 24;-7.5141666666667;-35.323333333333;;85;
57dbac698a0bc;Primário;OM;PE;Vitória de Santo Antão;Vitória de Santo Antão - PE;1180;KHz;C;-8.1172222222222;-35.286388888889;8S07 02;35W17 11;-8.1172222222222;-35.286388888889;;57;
57dbac698e180;Primário;OM;PI;Água Branca;Água Branca - PI;540;KHz;C;-5.8963888888888;-42.636666666667;5S53 47;42W38 12;-5.8963888888888;-42.636666666667;;88;
57dbac69919a7;Primário;OM;PI;Alto Longá;Alto Longá - PI;1310;KHz;C;-5.25;-42.2;5S15 00;42W12 00;-5.25;-42.2;;57;
57dbac69940a9;Primário;OM;PI;Altos;Altos - PI;1250;KHz;C;-4.9222222222222;-42.425;4S55 20;42W25 30;-4.9222222222222;-42.425;;70;
57dbac6997d32;Primário;OM;PI;Altos;Altos - PI;950;KHz;B;-5.038611111111;-42.460833333333;5S02 19;42W27 39;-5.038611111111;-42.460833333333;;57;
57dbac699c2fb;Primário;OM;PI;Amarante;Amarante - PI;1460;KHz;C;-6.23278;-42.85472;6S13 58;42W51 17;-6.23278;-42.85472;;50;Principal
57dbac699fb30;Primário;OM;PI;Baixa Grande do Ribeiro;Baixa Grande do Ribeiro - PI;630;KHz;C;-7.5166666666667;-45.133333333333;7S31 00;45W07 60;-7.5166666666667;-45.133333333333;;83;
57dbac69a2217;Primário;OM;PI;Barras;Barras - PI;630;KHz;C;-4.2522222222222;-42.303611111111;4S15 08;42W18 13;-4.2522222222222;-42.303611111111;;83;
57dbac69a6298;Primário;OM;PI;Barras;Barras - PI;710;KHz;C;-4.248611111111;-42.303888888889;4S14 55;42W18 14;-4.248611111111;-42.303888888889;;85;
57dbac69a9fc5;Primário;OM;PI;Batalha;Batalha - PI;840;KHz;C;-4.0308333333333;-42.078055555556;4S01 51;42W04 41;-4.0308333333333;-42.078055555556;;73;
57dbac69adcd0;Primário;OM;PI;Bocaina;Bocaina - PI;1160;KHz;C;-6.9491666666667;-41.324166666667;6S56 57;41W19 27;-6.9491666666667;-41.324166666667;;58;
57dbac69b1a97;Primário;OM;PI;Bom Jesus;Bom Jesus - PI;1450;KHz;C;-9.0777777777777;-44.376666666667;9S04 40;44W22 36;-9.0777777777777;-44.376666666667;;55;
57dbac69b5b12;Primário;OM;PI;Buriti dos Lopes;Buriti dos Lopes - PI;1490;KHz;C;-3.3708333333333;-41.666666666667;3S22 15;41W40 00;-3.3708333333333;-41.666666666667;;55;
57dbac69b828d;Primário;OM;PI;Campo Maior;Campo Maior - PI;750;KHz;C;-4.81811;-42.16028;4S49 05;42W09 37;-4.81811;-42.16028;;72;Principal
57dbac69bbcff;Primário;OM;PI;Campo Maior;Campo Maior - PI;1190;KHz;C;-4.8166666666667;-42.183333333333;4S49 00;42W10 60;-4.8166666666667;-42.183333333333;;57;
57dbac69be43f;Primário;OM;PI;Canto do Buriti;Canto do Buriti - PI;750;KHz;C;-8.1172222222222;-43.960277777778;8S07 02;43W57 37;-8.1172222222222;-43.960277777778;;76;
57dbac69c1b61;Primário;OM;PI;Canto do Buriti;Canto do Buriti - PI;870;KHz;C;-8.1122222222222;-42.941944444444;8S06 44;42W56 31;-8.1122222222222;-42.941944444444;;69;
57dbac69c4297;Primário;OM;PI;Castelo do Piauí;Castelo do Piauí - PI;1470;KHz;C;-5.3166666666667;-41.55;5S19 00;41W32 60;-5.3166666666667;-41.55;;55;
57dbac69c8173;Primário;OM;PI;Cocal;Cocal - PI;790;KHz;C;-3.4666666666667;-41.566666666667;3S28 00;41W34 00;-3.4666666666667;-41.566666666667;;74;
57dbac69ca86a;Primário;OM;PI;Corrente;Corrente - PI;1510;KHz;C;-10.436111111111;-45.152222222222;10S26 10;45W09 08;-10.436111111111;-45.152222222222;;50;
57dbac69ce3c8;Primário;OM;PI;Demerval Lobão;Demerval Lobão - PI;840;KHz;C;-5.345;-42.680833333333;5S20 42;42W40 51;-5.345;-42.680833333333;;73;
57dbac69d1fc5;Primário;OM;PI;Elesbão Veloso;Elesbão Veloso - PI;1480;KHz;C;-6.1908333333333;-42.155833333333;6S11 27;42W09 21;-6.1908333333333;-42.155833333333;;55;
57dbac69d5bb0;Primário;OM;PI;Esperantina;Esperantina - PI;1500;KHz;C;-3.90556;-42.24389;3S54 20;42W14 38;-3.90556;-42.24389;;55;Principal
57dbac69d9946;Primário;OM;PI;Floriano;Floriano - PI;1510;KHz;C;-6.7666666666667;-43.016666666667;6S46 00;43W01 00;-6.7666666666667;-43.016666666667;;48;
57dbac69de838;Primário;OM;PI;Floriano;Floriano - PI;1580;KHz;C;-6.78311;-43.0264;6S46 59;43W01 35;-6.78311;-43.0264;;55;Principal
57dbac69e255a;Primário;OM;PI;Inhuma;Inhuma - PI;1470;KHz;C;-6.6666666666667;-41.7;6S40 00;41W42 00;-6.6666666666667;-41.7;;55;
57dbac69e48bf;Primário;OM;PI;Itaueira;Itaueira - PI;600;KHz;C;-7.6;-43.033333333333;7S35 60;43W01 60;-7.6;-43.033333333333;;85;
57dbac69e7191;Primário;OM;PI;Jaicós;Jaicós - PI;1400;KHz;C;-7.3666666666667;-41.133333333333;7S22 00;41W07 60;-7.3666666666667;-41.133333333333;;56;
57dbac69eba0d;Primário;OM;PI;José de Freitas;José de Freitas - PI;670;KHz;C;-4.768611111111;-42.449166666667;4S46 07;42W26 57;-4.768611111111;-42.449166666667;;80;
57dbac69ef4df;Primário;OM;PI;Luís Correia;Luís Correia - PI;770;KHz;C;-2.8791666666667;-41.666944444444;2S52 45;41W40 01;-2.8791666666667;-41.666944444444;;74;
57dbac69f1d88;Primário;OM;PI;Luzilândia;Luzilândia - PI;970;KHz;B;-3.4347222222222;-42.365833333333;3S26 05;42W21 57;-3.4347222222222;-42.365833333333;;63;
57dbac6a01bec;Primário;OM;PI;Miguel Alves;Miguel Alves - PI;650;KHz;C;-4.1527777777777;-42.9;4S09 10;42W53 60;-4.1527777777777;-42.9;;83;
57dbac6a056d0;Primário;OM;PI;Monsenhor Gil;Monsenhor Gil - PI;990;KHz;C;-5.5833333333333;-42.616666666667;5S34 60;42W37 00;-5.5833333333333;-42.616666666667;;75;
57dbac6a07a3f;Primário;OM;PI;Nazaré do Piauí;Nazaré do Piauí - PI;1170;KHz;C;-6.9833333333333;-42.666666666667;6S58 60;42W40 00;-6.9833333333333;-42.666666666667;;58;
57dbac6a0a376;Primário;OM;PI;Oeiras;Oeiras - PI;830;KHz;C;-6.9972222222222;-42.139166666667;6S59 50;42W08 21;-6.9972222222222;-42.139166666667;;65;
57dbac6a0e43c;Primário;OM;PI;Oeiras;Oeiras - PI;990;KHz;C;-7.011111111111;-42.138888888889;7S00 40;42W08 20;-7.011111111111;-42.138888888889;;60;Principal
57dbac6a1211e;Primário;OM;PI;Padre Marcos;Padre Marcos - PI;600;KHz;C;-7.3666666666667;-40.9;7S22 00;40W53 60;-7.3666666666667;-40.9;;85;
57dbac6a14a51;Primário;OM;PI;Padre Marcos;Padre Marcos - PI;950;KHz;C;-7.3666666666667;-40.9;7S22 00;40W53 60;-7.3666666666667;-40.9;;69;
57dbac6a18967;Primário;OM;PI;Parnaíba;Parnaíba - PI;550;KHz;B;-2.938611111111;-41.786111111111;2S56 19;41W47 10;-2.938611111111;-41.786111111111;;90;
57dbac6a1d171;Primário;OM;PI;Parnaíba;Parnaíba - PI;920;KHz;B;-2.9347222222222;-41.702777777778;2S56 05;41W42 10;-2.9347222222222;-41.702777777778;;100;
57dbac6a216b6;Primário;OM;PI;Paulistana;Paulistana - PI;1470;KHz;C;-8.138611111111;-41.158333333333;8S08 19;41W09 30;-8.138611111111;-41.158333333333;;55;
57dbac6a25686;Primário;OM;PI;Pedro II;Pedro II - PI;640;KHz;C;-4.4519444444443;-41.449166666667;4S27 07;41W26 57;-4.4519444444443;-41.449166666667;;117;
57dbac6a295a9;Primário;OM;PI;Picos;Picos - PI;850;KHz;C;-7.08422;-41.44358;7S05 03;41W26 37;-7.08422;-41.44358;;90;Principal
57dbac6a2d830;Primário;OM;PI;Picos;Picos - PI;920;KHz;C;-7.0675;-41.46722;7S04 03;41W28 02;-7.0675;-41.46722;;69;Principal
57dbac6a321d7;Primário;OM;PI;Picos;Picos - PI;1510;KHz;C;-7.0738888888888;-41.461666666667;7S04 26;41W27 42;-7.0738888888888;-41.461666666667;;55;
57dbac6a361c8;Primário;OM;PI;Piracuruca;Piracuruca - PI;940;KHz;B;-3.925;-41.710555555556;3S55 30;41W42 38;-3.925;-41.710555555556;;80;
57dbac6a3a9fb;Primário;OM;PI;Piripiri;Piripiri - PI;580;KHz;B;-4.25;-41.803333333333;4S15 00;41W48 12;-4.25;-41.803333333333;;115;
57dbac6a3ee95;Primário;OM;PI;Piripiri;Piripiri - PI;990;KHz;C;-4.2727777777777;-41.777222222222;4S16 22;41W46 38;-4.2727777777777;-41.777222222222;;57;
57dbac6a4178e;Primário;OM;PI;Regeneração;Regeneração - PI;820;KHz;B;-6.2525;-42.683888888889;6S15 09;42W41 02;-6.2525;-42.683888888889;;73;
57dbac6a4536b;Primário;OM;PI;Santa Filomena;Santa Filomena - PI;1480;KHz;C;-9.1166666666667;-45.933333333333;9S07 00;45W55 60;-9.1166666666667;-45.933333333333;;51;
57dbac6a47bc8;Primário;OM;PI;São João do Piauí;São João do Piauí - PI;710;KHz;C;-8.3688888888888;-42.271111111111;8S22 08;42W16 16;-8.3688888888888;-42.271111111111;;90;
57dbac6a4ba8d;Primário;OM;PI;São Miguel do Tapuio;São Miguel do Tapuio - PI;660;KHz;C;-5.5;-41.333333333333;5S30 00;41W19 60;-5.5;-41.333333333333;;80;
57dbac6a4f5f8;Primário;OM;PI;São Pedro do Piauí;São Pedro do Piauí - PI;1500;KHz;C;-5.9333333333333;-42.733333333333;5S55 60;42W43 60;-5.9333333333333;-42.733333333333;;55;
57dbac6a51e64;Primário;OM;PI;São Raimundo Nonato;São Raimundo Nonato - PI;550;KHz;C;-9;-42.69;9S00 00;42W41 24;-9;-42.69;;80;Principal
57dbac6a56121;Primário;OM;PI;São Raimundo Nonato;São Raimundo Nonato - PI;650;KHz;C;-9.0166666666667;-42.683333333333;9S01 00;42W40 60;-9.0166666666667;-42.683333333333;;83;
57dbac6a589c6;Primário;OM;PI;Simplício Mendes;Simplício Mendes - PI;790;KHz;C;-7.8416666666667;-41.891666666667;7S50 30;41W53 30;-7.8416666666667;-41.891666666667;;67;
57dbac6a5c9f2;Primário;OM;PI;Teresina;Teresina - PI;610;KHz;B;-5.0783333333333;-42.606388888889;5S04 42;42W36 23;-5.0783333333333;-42.606388888889;;118;
57dbac6a60c4a;Primário;OM;PI;Teresina;Teresina - PI;700;KHz;B;-5.1516666666667;-42.764166666667;5S09 06;42W45 51;-5.1516666666667;-42.764166666667;;94;
57dbac6a6527f;Primário;OM;PI;Teresina;Teresina - PI;800;KHz;B;-5.0833333333333;-42.816666666667;5S04 60;42W49 00;-5.0833333333333;-42.816666666667;;85;
57dbac6a692e9;Primário;OM;PI;Teresina;Teresina - PI;910;KHz;B;-5.0847222222222;-42.75;5S05 05;42W45 00;-5.0847222222222;-42.75;;87;
57dbac6a6d221;Primário;OM;PI;Teresina;Teresina - PI;1050;KHz;C;-5.05611;-42.81694;5S03 22;42W49 01;-5.05611;-42.81694;;59;Principal
57dbac6a70bfe;Primário;OM;PI;Teresina;Teresina - PI;1100;KHz;C;-5.0833333333333;-42.816666666667;5S04 60;42W49 00;-5.0833333333333;-42.816666666667;;59;
57dbac6a73445;Primário;OM;PI;Teresina;Teresina - PI;1150;KHz;B;-5.1197222222222;-42.715555555556;5S07 11;42W42 56;-5.1197222222222;-42.715555555556;;75;
57dbac6a77564;Primário;OM;PI;Teresina;Teresina - PI;1370;KHz;C;-5.0891666666667;-42.801944444444;5S05 21;42W48 07;-5.0891666666667;-42.801944444444;;70;
57dbac6a7b3a8;Primário;OM;PI;União;União - PI;830;KHz;C;-4.5952777777777;-42.854722222222;4S35 43;42W51 17;-4.5952777777777;-42.854722222222;;105;
57dbac6a7f84b;Primário;OM;PI;Uruçuí;Uruçuí - PI;1470;KHz;C;-7.2727777777777;-44.551388888889;7S16 22;44W33 05;-7.2727777777777;-44.551388888889;;50;
57dbac6a83536;Primário;OM;PI;Valença do Piauí;Valença do Piauí - PI;1450;KHz;C;-6.4047222222222;-41.723055555556;6S24 17;41W43 23;-6.4047222222222;-41.723055555556;;55;
57dbac6a871dc;Primário;OM;PR;Almirante Tamandaré;Almirante Tamandaré - PR;1560;KHz;B;-25.29367;-49.30286;25S17 37;49W18 10;-25.29367;-49.30286;;55;
57dbac6a8b0de;Primário;OM;PR;Altônia;Altônia - PR;1450;KHz;C;-23.933333333333;-53.916666666667;23S55 60;53W55 00;-23.933333333333;-53.916666666667;;55;
57dbac6a8f7be;Primário;OM;PR;Ampére;Ampére - PR;1460;KHz;B;-25.93;-53.453333333333;25S55 48;53W27 12;-25.93;-53.453333333333;;50;
57dbac6a93746;Primário;OM;PR;Andirá;Andirá - PR;1590;KHz;C;-23.043055555556;-50.240833333333;23S02 35;50W14 27;-23.043055555556;-50.240833333333;;48;
57dbac6a98018;Primário;OM;PR;Antonina;Antonina - PR;1520;KHz;B;-25.467638888889;-48.685444444444;25S28 04;48W41 08;-25.467638888889;-48.685444444444;;48;
57dbac6a9bede;Primário;OM;PR;Apucarana;Apucarana - PR;910;KHz;C;-23.616388888889;-51.476388888889;23S36 59;51W28 35;-23.616388888889;-51.476388888889;;72;
57dbac6aa4064;Primário;OM;PR;Arapongas;Arapongas - PR;1240;KHz;C;-23.416388888889;-51.422222222222;23S24 59;51W25 20;-23.416388888889;-51.422222222222;;75;
57dbac6aa81a5;Primário;OM;PR;Arapongas;Arapongas - PR;1340;KHz;B;-23.423611111111;-51.4325;23S25 25;51W25 57;-23.423611111111;-51.4325;;56;
57dbac6aac399;Primário;OM;PR;Arapoti;Arapoti - PR;1570;KHz;C;-24.158055555556;-49.837777777778;24S09 29;49W50 16;-24.158055555556;-49.837777777778;;55;
57dbac6ab01d2;Primário;OM;PR;Araucária;Araucária - PR;830;KHz;B;-25.593333333333;-49.4075;25S35 36;49W24 27;-25.593333333333;-49.4075;;128;Principal
57dbac6ab461f;Primário;OM;PR;Assaí;Assaí - PR;1360;KHz;C;-23.381666666667;-50.856388888889;23S22 54;50W51 23;-23.381666666667;-50.856388888889;;55;
57dbac6ab8f4b;Primário;OM;PR;Assis Chateaubriand;Assis Chateaubriand - PR;1410;KHz;C;-24.4;-53.533333333333;24S23 60;53W31 60;-24.4;-53.533333333333;;56;
57dbac6abbd27;Primário;OM;PR;Assis Chateaubriand;Assis Chateaubriand - PR;1470;KHz;B;-24.416666666667;-53.533333333333;24S25 00;53W31 60;-24.416666666667;-53.533333333333;;52;
57dbac6ac0a02;Primário;OM;PR;Astorga;Astorga - PR;1480;KHz;C;-23.245555555556;-51.675833333333;23S14 44;51W40 33;-23.245555555556;-51.675833333333;;55;
57dbac6ac4b07;Primário;OM;PR;Balsa Nova;Balsa Nova - PR;1400;KHz;B;-25.49444;-49.46366;25S29 40;49W27 49;-25.49444;-49.46366;;72;Principal
57dbac6ac9504;Primário;OM;PR;Bandeirantes;Bandeirantes - PR;1450;KHz;C;-23.120833333333;-50.358333333333;23S07 15;50W21 30;-23.120833333333;-50.358333333333;;50;
57dbac6acd4d8;Primário;OM;PR;Bela Vista do Paraíso;Bela Vista do Paraíso - PR;1570;KHz;C;-23.002777777778;-51.184722222222;23S00 10;51W11 05;-23.002777777778;-51.184722222222;;55;
57dbac6ad16f7;Primário;OM;PR;Bituruna;Bituruna - PR;1510;KHz;C;-26.161388888889;-51.5525;26S09 41;51W33 09;-26.161388888889;-51.5525;;50;
57dbac6ad3dd0;Primário;OM;PR;Borrazópolis;Borrazópolis - PR;540;KHz;C;-23.933333333333;-51.5875;23S55 60;51W35 15;-23.933333333333;-51.5875;;88;
57dbac6ad83ea;Primário;OM;PR;Cambará;Cambará - PR;650;KHz;C;-23.044444444444;-50.068611111111;23S02 40;50W04 07;-23.044444444444;-50.068611111111;;83;Principal
57dbac6adc26a;Primário;OM;PR;Cambé;Cambé - PR;770;KHz;B;-23.26444;-51.27167;23S15 52;51W16 18;-23.26444;-51.27167;;94;Principal
57dbac6ae08ff;Primário;OM;PR;Cambé;Cambé - PR;1580;KHz;C;-23.283333333333;-51.283333333333;23S16 60;51W16 60;-23.283333333333;-51.283333333333;;55;
57dbac6ae467c;Primário;OM;PR;Campo Largo;Campo Largo - PR;730;KHz;B;-25.433791666667;-49.392344444444;25S26 02;49W23 32;-25.433791666667;-49.392344444444;;76;
57dbac6ae8a1e;Primário;OM;PR;Campo Mourão;Campo Mourão - PR;730;KHz;C;-24.054166666667;-52.378888888889;24S03 15;52W22 44;-24.054166666667;-52.378888888889;;76;
57dbac6aec90b;Primário;OM;PR;Campo Mourão;Campo Mourão - PR;850;KHz;B;-24.018055555556;-52.3875;24S01 05;52W23 15;-24.018055555556;-52.3875;;88;
57dbac6af0bc1;Primário;OM;PR;Cândido de Abreu;Cândido de Abreu - PR;710;KHz;C;-24.582777777778;-51.336944444444;24S34 58;51W20 13;-24.582777777778;-51.336944444444;;105;
57dbac6b00fca;Primário;OM;PR;Capanema;Capanema - PR;1560;KHz;C;-25.583333333333;-53.55;25S34 60;53W32 60;-25.583333333333;-53.55;;54;
57dbac6b04ece;Primário;OM;PR;Capitão Leônidas Marques;Capitão Leônidas Marques - PR;1590;KHz;C;-25.441111111111;-53.596388888889;25S26 28;53W35 47;-25.441111111111;-53.596388888889;;65;
57dbac6b08fe5;Primário;OM;PR;Cascavel;Cascavel - PR;650;KHz;B;-24.952222222222;-53.411666666667;24S57 08;53W24 42;-24.952222222222;-53.411666666667;;83;
57dbac6b0d40d;Primário;OM;PR;Cascavel;Cascavel - PR;1270;KHz;B;-24.946111111111;-53.417777777778;24S56 46;53W25 04;-24.946111111111;-53.417777777778;;57;
57dbac6b115a1;Primário;OM;PR;Cascavel;Cascavel - PR;1340;KHz;B;-24.923055555556;-53.473055555556;24S55 23;53W28 23;-24.923055555556;-53.473055555556;;56;
57dbac6b15715;Primário;OM;PR;Castro;Castro - PR;1130;KHz;C;-24.785555555556;-50.016388888889;24S47 08;50W00 59;-24.785555555556;-50.016388888889;;48;
57dbac6b19867;Primário;OM;PR;Céu Azul;Céu Azul - PR;1510;KHz;C;-25.133333333333;-53.841666666667;25S07 60;53W50 30;-25.133333333333;-53.841666666667;;55;
57dbac6b1deef;Primário;OM;PR;Chopinzinho;Chopinzinho - PR;780;KHz;B;-25.836944444444;-52.556666666667;25S50 13;52W33 24;-25.836944444444;-52.556666666667;;74;
57dbac6b26b1e;Primário;OM;PR;Cianorte;Cianorte - PR;780;KHz;C;-23.658055555556;-52.585833333333;23S39 29;52W35 09;-23.658055555556;-52.585833333333;;60;
57dbac6b2b088;Primário;OM;PR;Cianorte;Cianorte - PR;990;KHz;B;-23.634166666667;-52.58;23S38 03;52W34 48;-23.634166666667;-52.58;;75;
57dbac6b2f1d6;Primário;OM;PR;Clevelândia;Clevelândia - PR;830;KHz;C;-26.381944444444;-52.322777777778;26S22 55;52W19 22;-26.381944444444;-52.322777777778;;55;
57dbac6b33482;Primário;OM;PR;Clevelândia;Clevelândia - PR;1590;KHz;C;-26.4;-52.35;26S23 60;52W21 00;-26.4;-52.35;;55;
57dbac6b36296;Primário;OM;PR;Colombo;Colombo - PR;1020;KHz;B;-25.403611111111;-49.193888888889;25S24 13;49W11 38;-25.403611111111;-49.193888888889;;96;
57dbac6b3ec2b;Primário;OM;PR;Corbélia;Corbélia - PR;730;KHz;B;-24.784444444444;-53.301388888889;24S47 04;53W18 05;-24.784444444444;-53.301388888889;;103;
57dbac6b42e0f;Primário;OM;PR;Cornélio Procópio;Cornélio Procópio - PR;810;KHz;B;-23.174722222222;-50.646944444444;23S10 29;50W38 49;-23.174722222222;-50.646944444444;;104;
57dbac6b47005;Primário;OM;PR;Cornélio Procópio;Cornélio Procópio - PR;1490;KHz;C;-23.174722222222;-50.644444444444;23S10 29;50W38 40;-23.174722222222;-50.644444444444;;55;
57dbac6b4b383;Primário;OM;PR;Coronel Vivida;Coronel Vivida - PR;690;KHz;B;-25.958055555556;-52.561111111111;25S57 29;52W33 40;-25.958055555556;-52.561111111111;;87;
57dbac6b4f6bd;Primário;OM;PR;Coronel Vivida;Coronel Vivida - PR;1090;KHz;C;-25.982777777778;-52.573888888889;25S58 58;52W34 26;-25.982777777778;-52.573888888889;;59;
57dbac6b5366b;Primário;OM;PR;Cruzeiro do Oeste;Cruzeiro do Oeste - PR;590;KHz;C;-23.785;-53.073333333333;23S47 06;53W04 24;-23.785;-53.073333333333;;112;
57dbac6b582c2;Primário;OM;PR;Curitiba;Curitiba - PR;550;KHz;B;-25.486666666667;-49.132777777778;25S29 12;49W07 58;-25.486666666667;-49.132777777778;;125;
57dbac6b5c58d;Primário;OM;PR;Curitiba;Curitiba - PR;590;KHz;B;-25.401111111111;-49.053055555556;25S24 04;49W03 11;-25.401111111111;-49.053055555556;;123;
57dbac6b60c33;Primário;OM;PR;Curitiba;Curitiba - PR;630;KHz;B;-25.41619;-49.08553;25S24 58;49W05 08;-25.41619;-49.08553;;120;
57dbac6b6a015;Primário;OM;PR;Curitiba;Curitiba - PR;930;KHz;B;-25.341488888889;-49.292077777778;25S20 29;49W17 31;-25.341488888889;-49.292077777778;;96;Principal
57dbac6b6e79b;Primário;OM;PR;Curitiba;Curitiba - PR;1060;KHz;B;-25.502658333333;-49.130622222222;25S30 10;49W07 50;-25.502658333333;-49.130622222222;;72;Principal
57dbac6b72d97;Primário;OM;PR;Curitiba;Curitiba - PR;1170;KHz;B;-25.460833333333;-49.175;25S27 39;49W10 30;-25.460833333333;-49.175;;86;Principal
57dbac6b7756f;Primário;OM;PR;Curitiba;Curitiba - PR;1210;KHz;B;-25.448888888889;-49.125;25S26 56;49W07 30;-25.448888888889;-49.125;;80;
57dbac6b7be77;Primário;OM;PR;Curitiba;Curitiba - PR;1320;KHz;B;-25.48389;-49.17167;25S29 02;49W10 18;-25.48389;-49.17167;;62;
57dbac6b80cf6;Primário;OM;PR;Curitiba;Curitiba - PR;1370;KHz;B;-25.46917;-49.16472;25S28 09;49W09 53;-25.46917;-49.16472;;70;Principal
57dbac6b854d6;Primário;OM;PR;Curitiba;Curitiba - PR;1430;KHz;B;-25.39397;-49.17122;25S23 38;49W10 16;-25.39397;-49.17122;;76;Principal
57dbac6b897d4;Primário;OM;PR;Dois Vizinhos;Dois Vizinhos - PR;1300;KHz;B;-25.73889;-53.05139;25S44 20;53W03 05;-25.73889;-53.05139;;58;
57dbac6b8d75d;Primário;OM;PR;Faxinal;Faxinal - PR;790;KHz;B;-23.988611111111;-51.315833333333;23S59 19;51W18 57;-23.988611111111;-51.315833333333;;90;
57dbac6b91417;Primário;OM;PR;Floraí;Floraí - PR;1550;KHz;C;-23.3225;-52.303611111111;23S19 21;52W18 13;-23.3225;-52.303611111111;;55;
57dbac6b93bb8;Primário;OM;PR;Formosa do Oeste;Formosa do Oeste - PR;1550;KHz;C;-24.336111111111;-53.288888888889;24S20 10;53W17 20;-24.336111111111;-53.288888888889;;55;
57dbac6b97d6b;Primário;OM;PR;Formosa do Oeste;Formosa do Oeste - PR;1590;KHz;C;-24.3;-53.333333333333;24S18 00;53W19 60;-24.3;-53.333333333333;;55;
57dbac6b9a961;Primário;OM;PR;Foz do Iguaçu;Foz do Iguaçu - PR;820;KHz;B;-25.544444444444;-54.522777777778;25S32 40;54W31 22;-25.544444444444;-54.522777777778;;96;Principal
57dbac6b9eff8;Primário;OM;PR;Foz do Iguaçu;Foz do Iguaçu - PR;980;KHz;B;-25.533333333333;-54.583333333333;25S31 60;54W34 60;-25.533333333333;-54.583333333333;;94;
57dbac6ba2bb5;Primário;OM;PR;Foz do Iguaçu;Foz do Iguaçu - PR;1320;KHz;B;-25.52083;-54.51389;25S31 15;54W30 50;-25.52083;-54.51389;;64;
57dbac6ba738a;Primário;OM;PR;Francisco Beltrão;Francisco Beltrão - PR;930;KHz;B;-26.083333333333;-53.066666666667;26S04 60;53W04 00;-26.083333333333;-53.066666666667;;96;
57dbac6bafaf8;Primário;OM;PR;Goioerê;Goioerê - PR;740;KHz;C;-24.179722222222;-53.031666666667;24S10 47;53W01 54;-24.179722222222;-53.031666666667;;69;
57dbac6bb3d78;Primário;OM;PR;Guaíra;Guaíra - PR;1460;KHz;C;-24.097222222222;-54.279444444444;24S05 50;54W16 46;-24.097222222222;-54.279444444444;;55;
57dbac6bb7cc5;Primário;OM;PR;Guaraniaçu;Guaraniaçu - PR;1070;KHz;B;-25.091944444444;-52.886388888889;25S05 31;52W53 11;-25.091944444444;-52.886388888889;;59;
57dbac6bbbd23;Primário;OM;PR;Guarapuava;Guarapuava - PR;560;KHz;B;-25.348055555556;-51.482777777778;25S20 53;51W28 58;-25.348055555556;-51.482777777778;;107;
57dbac6bbff83;Primário;OM;PR;Guarapuava;Guarapuava - PR;760;KHz;B;-25.351388888889;-51.431111111111;25S21 05;51W25 52;-25.351388888889;-51.431111111111;;80;
57dbac6bc3e98;Primário;OM;PR;Guarapuava;Guarapuava - PR;1180;KHz;B;-25.4;-51.55;25S23 60;51W32 60;-25.4;-51.55;;64;
57dbac6bccd84;Primário;OM;PR;Guaratuba;Guaratuba - PR;1540;KHz;C;-25.911111111111;-48.569722222222;25S54 40;48W34 11;-25.911111111111;-48.569722222222;;55;
57dbac6bd17d2;Primário;OM;PR;Ibaiti;Ibaiti - PR;1470;KHz;C;-23.862777777778;-50.192222222222;23S51 46;50W11 32;-23.862777777778;-50.192222222222;;48;
57dbac6bd5a54;Primário;OM;PR;Ibiporã;Ibiporã - PR;1290;KHz;B;-23.300555555556;-51.179166666667;23S18 02;51W10 45;-23.300555555556;-51.179166666667;;104;
57dbac6bd9f6a;Primário;OM;PR;Icaraíma;Icaraíma - PR;1540;KHz;C;-23.383333333333;-53.633333333333;23S22 60;53W37 60;-23.383333333333;-53.633333333333;;55;
57dbac6bddfd8;Primário;OM;PR;Imbituva;Imbituva - PR;1540;KHz;C;-25.2429;-50.604627777778;25S14 34;50W36 17;-25.2429;-50.604627777778;;55;Principal
57dbac6be6525;Primário;OM;PR;Iporã;Iporã - PR;1580;KHz;C;-23.983333333333;-53.633333333333;23S58 60;53W37 60;-23.983333333333;-53.633333333333;;55;
57dbac6c01c07;Primário;OM;PR;Ivaiporã;Ivaiporã - PR;890;KHz;B;-24.225;-51.68;24S13 30;51W40 48;-24.225;-51.68;;72;Principal
57dbac6c05d6f;Primário;OM;PR;Jacarezinho;Jacarezinho - PR;1420;KHz;C;-23.122222222222;-49.944444444444;23S07 20;49W56 40;-23.122222222222;-49.944444444444;;56;
57dbac6c0e091;Primário;OM;PR;Jaguariaíva;Jaguariaíva - PR;1330;KHz;B;-24.25;-49.7;24S15 00;49W42 00;-24.25;-49.7;;54;
57dbac6c123a9;Primário;OM;PR;Jandaia do Sul;Jandaia do Sul - PR;620;KHz;B;-23.595277777778;-51.656944444444;23S35 43;51W39 25;-23.595277777778;-51.656944444444;;85;Principal
57dbac6c1a49c;Primário;OM;PR;Lapa;Lapa - PR;1490;KHz;C;-25.814444444444;-50.15;25S48 52;50W08 60;-25.814444444444;-50.15;;55;
57dbac6c1cded;Primário;OM;PR;Laranjeiras do Sul;Laranjeiras do Sul - PR;1020;KHz;C;-25.37;-52.385833333333;25S22 12;52W23 09;-25.37;-52.385833333333;;74;
57dbac6c20e38;Primário;OM;PR;Laranjeiras do Sul;Laranjeiras do Sul - PR;1120;KHz;B;-25.414166666667;-52.403055555556;25S24 51;52W24 11;-25.414166666667;-52.403055555556;;67;
57dbac6c251a4;Primário;OM;PR;Loanda;Loanda - PR;1460;KHz;C;-22.9;-53.166666666667;22S53 60;53W10 00;-22.9;-53.166666666667;;55;
57dbac6c292d6;Primário;OM;PR;Londrina;Londrina - PR;560;KHz;C;-23.439722222222;-51.134722222222;23S26 23;51W08 05;-23.439722222222;-51.134722222222;;75;Principal
57dbac6c2d7ca;Primário;OM;PR;Londrina;Londrina - PR;640;KHz;B;-23.235577777778;-51.160191666667;23S14 08;51W09 37;-23.235577777778;-51.160191666667;;116;Principal
57dbac6c319bf;Primário;OM;PR;Londrina;Londrina - PR;690;KHz;B;-23.337777777778;-51.221666666667;23S20 16;51W13 18;-23.337777777778;-51.221666666667;;107;
57dbac6c35e80;Primário;OM;PR;Londrina;Londrina - PR;830;KHz;B;-23.3;-51.133333333333;23S18 00;51W07 60;-23.3;-51.133333333333;;81;
57dbac6c3a314;Primário;OM;PR;Londrina;Londrina - PR;970;KHz;B;-23.404722222222;-51.155277777778;23S24 17;51W09 19;-23.404722222222;-51.155277777778;;94;
57dbac6c3f20e;Primário;OM;PR;Londrina;Londrina - PR;1030;KHz;B;-23.290791666667;-51.209872222222;23S17 27;51W12 36;-23.290791666667;-51.209872222222;;73;
57dbac6c437e0;Primário;OM;PR;Londrina;Londrina - PR;1110;KHz;B;-23.292222222222;-51.148055555556;23S17 32;51W08 53;-23.292222222222;-51.148055555556;;86;
57dbac6c4797e;Primário;OM;PR;Londrina;Londrina - PR;1160;KHz;B;-23.258411111111;-51.192388888889;23S15 30;51W11 33;-23.258411111111;-51.192388888889;;72;
57dbac6c4bc94;Primário;OM;PR;Londrina;Londrina - PR;1400;KHz;C;-23.283333333333;-51.162777777778;23S16 60;51W09 46;-23.283333333333;-51.162777777778;;55;
57dbac6c50643;Primário;OM;PR;Mallet;Mallet - PR;1450;KHz;C;-25.889722222222;-50.838333333333;25S53 23;50W50 18;-25.889722222222;-50.838333333333;;55;
57dbac6c54eee;Primário;OM;PR;Mandaguaçu;Mandaguaçu - PR;1170;KHz;B;-23.374444444444;-52.039722222222;23S22 28;52W02 23;-23.374444444444;-52.039722222222;;64;
57dbac6c591fa;Primário;OM;PR;Mandaguari;Mandaguari - PR;1270;KHz;B;-23.521355555556;-51.658636111111;23S31 17;51W39 31;-23.521355555556;-51.658636111111;;50;
57dbac6c5d75d;Primário;OM;PR;Mandirituba;Mandirituba - PR;790;KHz;B;-25.62864;-49.31594;25S37 43;49W18 57;-25.62864;-49.31594;;105;Principal
57dbac6c6221a;Primário;OM;PR;Mangueirinha;Mangueirinha - PR;1500;KHz;B;-25.944444444444;-52.180277777778;25S56 40;52W10 49;-25.944444444444;-52.180277777778;;55;
57dbac6c66250;Primário;OM;PR;Marechal Cândido Rondon;Marechal Cândido Rondon - PR;630;KHz;C;-24.554538888889;-54.037777777778;24S33 16;54W02 16;-24.554538888889;-54.037777777778;;83;Principal
57dbac6c6a4bd;Primário;OM;PR;Marechal Cândido Rondon;Marechal Cândido Rondon - PR;970;KHz;B;-24.54444;-54.07722;24S32 40;54W04 38;-24.54444;-54.07722;;63;Principal
57dbac6c6e7d4;Primário;OM;PR;Marialva;Marialva - PR;1130;KHz;B;-23.488333333333;-51.809444444444;23S29 18;51W48 34;-23.488333333333;-51.809444444444;;68;
57dbac6c72f00;Primário;OM;PR;Maringá;Maringá - PR;870;KHz;B;-23.466388888889;-51.957777777778;23S27 59;51W57 28;-23.466388888889;-51.957777777778;;72;
57dbac6c77045;Primário;OM;PR;Maringá;Maringá - PR;960;KHz;C;-23.423611111111;-52.008611111111;23S25 25;52W00 31;-23.423611111111;-52.008611111111;;69;
57dbac6c7b0c1;Primário;OM;PR;Maringá;Maringá - PR;1310;KHz;B;-23.363611111111;-51.9;23S21 49;51W53 60;-23.363611111111;-51.9;;57;
57dbac6c7f728;Primário;OM;PR;Maringá;Maringá - PR;1390;KHz;B;-23.45889;-51.94722;23S27 32;51W56 50;-23.45889;-51.94722;;60;Principal
57dbac6c83bdb;Primário;OM;PR;Marmeleiro;Marmeleiro - PR;1550;KHz;B;-26.139722222222;-53.027777777778;26S08 23;53W01 40;-26.139722222222;-53.027777777778;;55;
57dbac6c88439;Primário;OM;PR;Matelândia;Matelândia - PR;1240;KHz;B;-25.244230555556;-53.992063888889;25S14 39;53W59 31;-25.244230555556;-53.992063888889;;57;Principal
57dbac6c8c341;Primário;OM;PR;Medianeira;Medianeira - PR;1020;KHz;C;-25.2725;-54.064444444444;25S16 21;54W03 52;-25.2725;-54.064444444444;;55;
57dbac6c902c5;Primário;OM;PR;Nova Aurora;Nova Aurora - PR;1570;KHz;C;-24.530277777778;-53.248333333333;24S31 49;53W14 54;-24.530277777778;-53.248333333333;;48;Principal
57dbac6c94213;Primário;OM;PR;Nova Esperança;Nova Esperança - PR;670;KHz;B;-23.2102;-52.19012;23S12 37;52W11 24;-23.2102;-52.19012;;103;Principal
57dbac6c98080;Primário;OM;PR;Nova Londrina;Nova Londrina - PR;1190;KHz;C;-22.8;-52.983333333333;22S48 00;52W58 60;-22.8;-52.983333333333;;57;
57dbac6c9c0ec;Primário;OM;PR;Ortigueira;Ortigueira - PR;740;KHz;C;-24.205555555556;-50.915555555556;24S12 20;50W54 56;-24.205555555556;-50.915555555556;;81;
57dbac6c9feaf;Primário;OM;PR;Palmas;Palmas - PR;1050;KHz;B;-26.496944444444;-52.013333333333;26S29 49;52W00 48;-26.496944444444;-52.013333333333;;72;
57dbac6ca3ecf;Primário;OM;PR;Palmeira;Palmeira - PR;1550;KHz;C;-25.417222222222;-50.021388888889;25S25 02;50W01 17;-25.417222222222;-50.021388888889;;48;
57dbac6ca7d44;Primário;OM;PR;Palmital;Palmital - PR;1190;KHz;B;-24.888055555556;-52.200833333333;24S53 17;52W12 03;-24.888055555556;-52.200833333333;;60;
57dbac6cabcd6;Primário;OM;PR;Palotina;Palotina - PR;570;KHz;C;-24.263888888889;-53.817777777778;24S15 50;53W49 04;-24.263888888889;-53.817777777778;;93;Principal
57dbac6cb048e;Primário;OM;PR;Palotina;Palotina - PR;1520;KHz;C;-23.866666666667;-53.083333333333;23S52 00;53W04 60;-23.866666666667;-53.083333333333;;55;
57dbac6cb4300;Primário;OM;PR;Paranaguá;Paranaguá - PR;1460;KHz;B;-25.5175;-48.535;25S31 03;48W32 06;-25.5175;-48.535;;48;
57dbac6cb8a2e;Primário;OM;PR;Paranaguá;Paranaguá - PR;1570;KHz;C;-25.527777777778;-48.548888888889;25S31 40;48W32 56;-25.527777777778;-48.548888888889;;55;
57dbac6cbc67e;Primário;OM;PR;Paranavaí;Paranavaí - PR;1080;KHz;C;-23.075;-52.458333333333;23S04 30;52W27 30;-23.075;-52.458333333333;;59;
57dbac6cc57aa;Primário;OM;PR;Pato Branco;Pato Branco - PR;890;KHz;B;-26.254444444444;-52.681944444444;26S15 16;52W40 55;-26.254444444444;-52.681944444444;;84;
57dbac6ccdaf6;Primário;OM;PR;Pato Branco;Pato Branco - PR;1360;KHz;B;-26.224166666667;-52.690555555556;26S13 27;52W41 26;-26.224166666667;-52.690555555556;;85;
57dbac6cd1c7e;Primário;OM;PR;"Pérola d'Oeste";"Pérola d'Oeste - PR";1480;KHz;C;-25.826944444444;-53.729444444444;25S49 37;53W43 46;-25.826944444444;-53.729444444444;;55;Principal
57dbac6cd98bb;Primário;OM;PR;Piraquara;Piraquara - PR;1270;KHz;B;-25.486666666667;-49.132777777778;25S29 12;49W07 58;-25.486666666667;-49.132777777778;;125;
57dbac6cddba9;Primário;OM;PR;Pitanga;Pitanga - PR;580;KHz;C;-24.770277777778;-51.750555555556;24S46 13;51W45 02;-24.770277777778;-51.750555555556;;103;
57dbac6ce246b;Primário;OM;PR;Pitanga;Pitanga - PR;680;KHz;B;-24.779722222222;-51.793888888889;24S46 47;51W47 38;-24.779722222222;-51.793888888889;;110;
57dbac6ce656f;Primário;OM;PR;Planalto;Planalto - PR;1500;KHz;C;-25.716666666667;-53.783333333333;25S43 00;53W46 60;-25.716666666667;-53.783333333333;;55;
57dbac6ce8c6f;Primário;OM;PR;Ponta Grossa;Ponta Grossa - PR;690;KHz;C;-25.051666666667;-50.1975;25S03 06;50W11 51;-25.051666666667;-50.1975;;78;
57dbac6cf0724;Primário;OM;PR;Ponta Grossa;Ponta Grossa - PR;970;KHz;B;-25.1;-50.166666666667;25S06 00;50W10 00;-25.1;-50.166666666667;;63;
57dbac6d02d6c;Primário;OM;PR;Ponta Grossa;Ponta Grossa - PR;1300;KHz;C;-25.099444444444;-50.118055555556;25S05 58;50W07 05;-25.099444444444;-50.118055555556;;57;
57dbac6d06c83;Primário;OM;PR;Ponta Grossa;Ponta Grossa - PR;1460;KHz;C;-25.144444444444;-50.157222222222;25S08 40;50W09 26;-25.144444444444;-50.157222222222;;55;
57dbac6d0ac51;Primário;OM;PR;Porecatu;Porecatu - PR;1210;KHz;C;-22.75;-51.4;22S45 00;51W23 60;-22.75;-51.4;;55;
57dbac6d0f4e7;Primário;OM;PR;Prudentópolis;Prudentópolis - PR;810;KHz;B;-25.230833333333;-50.980555555556;25S13 51;50W58 50;-25.230833333333;-50.980555555556;;74;
57dbac6d13b0f;Primário;OM;PR;Quedas do Iguaçu;Quedas do Iguaçu - PR;1520;KHz;C;-25.456111111111;-52.927777777778;25S27 22;52W55 40;-25.456111111111;-52.927777777778;;55;
57dbac6d17b14;Primário;OM;PR;Realeza;Realeza - PR;1030;KHz;B;-25.784444444444;-53.540277777778;25S47 04;53W32 25;-25.784444444444;-53.540277777778;;61;Principal
57dbac6d1c083;Primário;OM;PR;Rebouças;Rebouças - PR;850;KHz;B;-25.601172222222;-50.691686111111;25S36 04;50W41 30;-25.601172222222;-50.691686111111;;96;
57dbac6d2025a;Primário;OM;PR;Ribeirão do Pinhal;Ribeirão do Pinhal - PR;1560;KHz;C;-23.398055555556;-50.355277777778;23S23 53;50W21 19;-23.398055555556;-50.355277777778;;55;
57dbac6d2423e;Primário;OM;PR;Rio Branco do Sul;Rio Branco do Sul - PR;1470;KHz;B;-25.19;-49.314166666667;25S11 24;49W18 51;-25.19;-49.314166666667;;55;
57dbac6d2826f;Primário;OM;PR;Rio Negro;Rio Negro - PR;1340;KHz;B;-26.088027777778;-49.795416666667;26S05 17;49W47 44;-26.088027777778;-49.795416666667;;56;
57dbac6d2c4f6;Primário;OM;PR;Rolândia;Rolândia - PR;930;KHz;C;-23.316666666667;-51.383333333333;23S19 00;51W22 60;-23.316666666667;-51.383333333333;;69;
57dbac6d30938;Primário;OM;PR;Roncador;Roncador - PR;820;KHz;C;-24.592222222222;-52.2925;24S35 32;52W17 33;-24.592222222222;-52.2925;;92;
57dbac6d34e2d;Primário;OM;PR;Salto do Lontra;Salto do Lontra - PR;1390;KHz;C;-25.779166666667;-53.303611111111;25S46 45;53W18 13;-25.779166666667;-53.303611111111;;48;
57dbac6d3909a;Primário;OM;PR;Santa Helena;Santa Helena - PR;580;KHz;B;-24.879352777778;-54.349152777778;24S52 46;54W20 57;-24.879352777778;-54.349152777778;;105;Principal
57dbac6d3d03e;Primário;OM;PR;Santa Izabel do Oeste;Santa Izabel do Oeste - PR;1250;KHz;B;-25.815;-53.475555555556;25S48 54;53W28 32;-25.815;-53.475555555556;;55;
57dbac6d41148;Primário;OM;PR;Santa Maria do Oeste;Santa Maria do Oeste - PR;1550;KHz;B;-24.939166666667;-51.8625;24S56 21;51W51 45;-24.939166666667;-51.8625;;55;
57dbac6d433ba;Primário;OM;PR;Santa Mariana;Santa Mariana - PR;1530;KHz;C;-23.15;-50.533333333333;23S08 60;50W31 60;-23.15;-50.533333333333;;55;
57dbac6d45ad7;Primário;OM;PR;Santo Antônio da Platina;Santo Antônio da Platina - PR;1050;KHz;B;-23.283333333333;-50.083333333333;23S16 60;50W04 60;-23.283333333333;-50.083333333333;;72;
57dbac6d4a323;Primário;OM;PR;Santo Antônio do Sudoeste;Santo Antônio do Sudoeste - PR;1170;KHz;B;-26.041388888889;-53.716388888889;26S02 29;53W42 59;-26.041388888889;-53.716388888889;;65;Principal
57dbac6d4e660;Primário;OM;PR;São João;São João - PR;1580;KHz;B;-25.819722222222;-52.7175;25S49 11;52W43 03;-25.819722222222;-52.7175;;55;
57dbac6d52e41;Primário;OM;PR;São João do Ivaí;São João do Ivaí - PR;1180;KHz;B;-23.989444444444;-51.823611111111;23S59 22;51W49 25;-23.989444444444;-51.823611111111;;72;
57dbac6d56f32;Primário;OM;PR;São Jorge d Oeste;São Jorge d Oeste - PR;1490;KHz;C;-25.693611111111;-52.909166666667;25S41 37;52W54 33;-25.693611111111;-52.909166666667;;55;
57dbac6d5b0e5;Primário;OM;PR;São José dos Pinhais;São José dos Pinhais - PR;1120;KHz;B;-25.553333333333;-49.2225;25S33 12;49W13 21;-25.553333333333;-49.2225;;65;
57dbac6d5f966;Primário;OM;PR;São Mateus do Sul;São Mateus do Sul - PR;1030;KHz;C;-25.881944444444;-50.400277777778;25S52 55;50W24 01;-25.881944444444;-50.400277777778;;63;
57dbac6d63a3c;Primário;OM;PR;São Miguel do Iguaçu;São Miguel do Iguaçu - PR;1400;KHz;C;-25.358583333333;-54.205166666667;25S21 31;54W12 19;-25.358583333333;-54.205166666667;;55;Principal
57dbac6d67c98;Primário;OM;PR;Sarandi;Sarandi - PR;1090;KHz;B;-23.465416666667;-51.876055555556;23S27 56;51W52 34;-23.465416666667;-51.876055555556;;69;Principal
57dbac6d6bd6a;Primário;OM;PR;Siqueira Campos;Siqueira Campos - PR;1380;KHz;B;-23.685277777778;-49.822222222222;23S41 07;49W49 20;-23.685277777778;-49.822222222222;;55;
57dbac6d6f983;Primário;OM;PR;Teixeira Soares;Teixeira Soares - PR;1520;KHz;B;-25.368333333333;-50.460555555556;25S22 06;50W27 38;-25.368333333333;-50.460555555556;;50;
57dbac6d72253;Primário;OM;PR;Telêmaco Borba;Telêmaco Borba - PR;700;KHz;B;-24.355833333333;-50.605833333333;24S21 21;50W36 21;-24.355833333333;-50.605833333333;;120;
57dbac6d765d8;Primário;OM;PR;Telêmaco Borba;Telêmaco Borba - PR;1230;KHz;C;-24.356944444444;-50.608055555556;24S21 25;50W36 29;-24.356944444444;-50.608055555556;;120;
57dbac6d7e66a;Primário;OM;PR;Tibagi;Tibagi - PR;840;KHz;C;-24.514166666667;-50.423055555556;24S30 51;50W25 23;-24.514166666667;-50.423055555556;;89;
57dbac6d83082;Primário;OM;PR;Toledo;Toledo - PR;900;KHz;B;-24.71415;-53.70615;24S42 51;53W42 22;-24.71415;-53.70615;;72;Principal
57dbac6d875f3;Primário;OM;PR;Toledo;Toledo - PR;810;KHz;B;-24.7;-53.766944444444;24S41 60;53W46 01;-24.7;-53.766944444444;;92;
57dbac6d8b9f3;Primário;OM;PR;Toledo;Toledo - PR;1380;KHz;B;-24.705833333333;-53.75;24S42 21;53W45 00;-24.705833333333;-53.75;;56;
57dbac6d90359;Primário;OM;PR;Ubiratã;Ubiratã - PR;1110;KHz;C;-24.553055555556;-52.993333333333;24S33 11;52W59 36;-24.553055555556;-52.993333333333;;81;
57dbac6d94dfd;Primário;OM;PR;Ubiratã;Ubiratã - PR;1450;KHz;C;-24.559166666667;-53.020555555556;24S33 33;53W01 14;-24.559166666667;-53.020555555556;;48;
57dbac6d99652;Primário;OM;PR;Umuarama;Umuarama - PR;840;KHz;B;-23.736666666667;-53.297222222222;23S44 12;53W17 50;-23.736666666667;-53.297222222222;;90;
57dbac6d9d923;Primário;OM;PR;Umuarama;Umuarama - PR;1420;KHz;B;-23.857777777778;-53.195555555556;23S51 28;53W11 44;-23.857777777778;-53.195555555556;;48;
57dbac6da1ab1;Primário;OM;PR;União da Vitória;União da Vitória - PR;1070;KHz;B;-26.2075;-51.078333333333;26S12 27;51W04 42;-26.2075;-51.078333333333;;70;
57dbac6da66cc;Primário;OM;PR;União da Vitória;União da Vitória - PR;1480;KHz;B;-26.203888888889;-51.051111111111;26S12 14;51W03 04;-26.203888888889;-51.051111111111;;48;
57dbac6dab31b;Primário;OM;PR;Verê;Verê - PR;1530;KHz;C;-25.873611111111;-52.903611111111;25S52 25;52W54 13;-25.873611111111;-52.903611111111;;55;
57dbac6db33f1;Primário;OM;RJ;Angra dos Reis;Angra dos Reis - RJ;1050;KHz;B;-22.984166666667;-44.2875;22S59 03;44W17 15;-22.984166666667;-44.2875;;18;
57dbac6db7495;Primário;OM;RJ;Araruama;Araruama - RJ;560;KHz;B;-22.864722222222;-42.339166666667;22S51 53;42W20 21;-22.864722222222;-42.339166666667;;88;
57dbac6dbbd38;Primário;OM;RJ;Barra do Piraí;Barra do Piraí - RJ;1470;KHz;C;-22.48194;-43.83556;22S28 55;43W50 08;-22.48194;-43.83556;;55;Principal
57dbac6dc0097;Primário;OM;RJ;Barra do Piraí;Barra do Piraí - RJ;1530;KHz;C;-22.466666666667;-43.833333333333;22S28 00;43W49 60;-22.466666666667;-43.833333333333;;55;
57dbac6dc28eb;Primário;OM;RJ;Barra Mansa;Barra Mansa - RJ;1390;KHz;B;-22.537833333333;-44.148027777778;22S32 16;44W08 53;-22.537833333333;-44.148027777778;;79;Principal
57dbac6dc6a01;Primário;OM;RJ;Barra Mansa;Barra Mansa - RJ;1450;KHz;B;-22.563888888889;-44.116666666667;22S33 50;44W07 00;-22.563888888889;-44.116666666667;;50;
57dbac6dcb466;Primário;OM;RJ;Bom Jesus do Itabapoana;Bom Jesus do Itabapoana - RJ;1170;KHz;B;-21.153055555556;-41.668333333333;21S09 11;41W40 06;-21.153055555556;-41.668333333333;;66;
57dbac6dcf4b1;Primário;OM;RJ;Cabo Frio;Cabo Frio - RJ;1530;KHz;C;-22.816388888889;-41.983888888889;22S48 59;41W59 02;-22.816388888889;-41.983888888889;;55;
57dbac6dd3e0d;Primário;OM;RJ;Campos dos Goytacazes;Campos dos Goytacazes - RJ;850;KHz;B;-21.747222222222;-41.314444444444;21S44 50;41W18 52;-21.747222222222;-41.314444444444;;100;
57dbac6dd88c0;Primário;OM;RJ;Campos dos Goytacazes;Campos dos Goytacazes - RJ;1020;KHz;B;-21.752777777778;-41.281944444444;21S45 10;41W16 55;-21.752777777778;-41.281944444444;;66;
57dbac6ddd44d;Primário;OM;RJ;Campos dos Goytacazes;Campos dos Goytacazes - RJ;1070;KHz;B;-21.794166666667;-41.287777777778;21S47 39;41W17 16;-21.794166666667;-41.287777777778;;51;
57dbac6de1617;Primário;OM;RJ;Campos dos Goytacazes;Campos dos Goytacazes - RJ;1110;KHz;B;-21.78566;-41.28124;21S47 08;41W16 52;-21.78566;-41.28124;;65;
57dbac6de5ef8;Primário;OM;RJ;Campos dos Goytacazes;Campos dos Goytacazes - RJ;1270;KHz;B;-20.805;-41.346944444444;20S48 18;41W20 49;-20.805;-41.346944444444;;75;
57dbac6dea1fc;Primário;OM;RJ;Campos dos Goytacazes;Campos dos Goytacazes - RJ;1330;KHz;B;-21.754166666667;-41.324444444444;21S45 15;41W19 28;-21.754166666667;-41.324444444444;;57;
57dbac6decb9e;Primário;OM;RJ;Campos dos Goytacazes;Campos dos Goytacazes - RJ;1470;KHz;C;-21.785555555556;-41.320555555556;21S47 08;41W19 14;-21.785555555556;-41.320555555556;;65;Principal
57dbac6df0e7d;Primário;OM;RJ;Cantagalo;Cantagalo - RJ;890;KHz;B;-21.991666666667;-42.355555555556;21S59 30;42W21 20;-21.991666666667;-42.355555555556;;68;
57dbac6e00d4d;Primário;OM;RJ;Casimiro de Abreu;Casimiro de Abreu - RJ;1250;KHz;B;-22.475;-42.191666666667;22S28 30;42W11 30;-22.475;-42.191666666667;;60;
57dbac6e0570d;Primário;OM;RJ;Conceição de Macabu;Conceição de Macabu - RJ;1580;KHz;C;-22.069722222222;-41.869444444444;22S04 11;41W52 10;-22.069722222222;-41.869444444444;;48;
57dbac6e09919;Primário;OM;RJ;Cordeiro;Cordeiro - RJ;1480;KHz;C;-22.033333333333;-42.366666666667;22S01 60;42W22 00;-22.033333333333;-42.366666666667;;55;
57dbac6e0c13e;Primário;OM;RJ;Duque de Caxias;Duque de Caxias - RJ;1480;KHz;B;-22.783333333333;-43.316666666667;22S46 60;43W19 00;-22.783333333333;-43.316666666667;;55;
57dbac6e10b96;Primário;OM;RJ;Itaguaí;Itaguaí - RJ;1460;KHz;B;-22.852222222222;-43.775277777778;22S51 08;43W46 31;-22.852222222222;-43.775277777778;;55;
57dbac6e1359c;Primário;OM;RJ;Itaguaí;Itaguaí - RJ;1560;KHz;B;-22.8775;-43.810277777778;22S52 39;43W48 37;-22.8775;-43.810277777778;;55;
57dbac6e17602;Primário;OM;RJ;Italva;Italva - RJ;700;KHz;B;-21.43726;-41.68253;21S26 14;41W40 57;-21.43726;-41.68253;;95;Principal
57dbac6e1bf48;Primário;OM;RJ;Itaperuna;Itaperuna - RJ;1410;KHz;B;-21.1975;-41.92;21S11 51;41W55 12;-21.1975;-41.92;;54;
57dbac6e20be7;Primário;OM;RJ;Macaé;Macaé - RJ;820;KHz;B;-22.418055555556;-41.786666666667;22S25 05;41W47 12;-22.418055555556;-41.786666666667;;66;
57dbac6e246f8;Primário;OM;RJ;Maricá;Maricá - RJ;1570;KHz;B;-22.919444444444;-42.818611111111;22S55 10;42W49 07;-22.919444444444;-42.818611111111;;55;
57dbac6e270cc;Primário;OM;RJ;Miguel Pereira;Miguel Pereira - RJ;1060;KHz;B;-22.455277777778;-43.478055555556;22S27 19;43W28 41;-22.455277777778;-43.478055555556;;100;
57dbac6e2bd77;Primário;OM;RJ;Miracema;Miracema - RJ;1530;KHz;C;-21.403611111111;-42.186388888889;21S24 13;42W11 11;-21.403611111111;-42.186388888889;;52;
57dbac6e3075f;Primário;OM;RJ;Niterói;Niterói - RJ;540;KHz;B;-22.77667;-43.04556;22S46 36;43W02 44;-22.77667;-43.04556;;100;Principal
57dbac6e352ea;Primário;OM;RJ;Niterói;Niterói - RJ;760;KHz;B;-22.81767;-43.07636;22S49 04;43W04 35;-22.81767;-43.07636;;108;Principal
57dbac6e39b73;Primário;OM;RJ;Nova Friburgo;Nova Friburgo - RJ;660;KHz;B;-22.289166666667;-42.526388888889;22S17 21;42W31 35;-22.289166666667;-42.526388888889;;100;
57dbac6e3de6b;Primário;OM;RJ;Nova Iguaçu;Nova Iguaçu - RJ;830;KHz;B;-22.760555555556;-43.448055555556;22S45 38;43W26 53;-22.760555555556;-43.448055555556;;100;
57dbac6e42ab9;Primário;OM;RJ;Paraíba do Sul;Paraíba do Sul - RJ;1540;KHz;C;-22.15128;-43.27425;22S09 05;43W16 27;-22.15128;-43.27425;;55;Principal
57dbac6e469f0;Primário;OM;RJ;Petrópolis;Petrópolis - RJ;1320;KHz;B;-22.53013;-43.17537;22S31 48;43W10 31;-22.53013;-43.17537;;82;Principal
57dbac6e4b649;Primário;OM;RJ;Petrópolis;Petrópolis - RJ;1550;KHz;C;-22.533333333333;-43.184444444444;22S31 60;43W11 04;-22.533333333333;-43.184444444444;;48;Principal
57dbac6e4f6bc;Primário;OM;RJ;Resende;Resende - RJ;640;KHz;B;-22.46528;-44.37833;22S27 55;44W22 42;-22.46528;-44.37833;;83;
57dbac6e53f38;Primário;OM;RJ;Resende;Resende - RJ;1580;KHz;B;-22.469444444444;-44.491111111111;22S28 10;44W29 28;-22.469444444444;-44.491111111111;;55;Principal
57dbac6e580b6;Primário;OM;RJ;Rio Bonito;Rio Bonito - RJ;1340;KHz;B;-22.722777777778;-42.691944444444;22S43 22;42W41 31;-22.722777777778;-42.691944444444;;55;Principal
57dbac6e5c27f;Primário;OM;RJ;Rio Claro;Rio Claro - RJ;1500;KHz;C;-22.723055555556;-44.135555555556;22S43 23;44W08 08;-22.723055555556;-44.135555555556;;55;
57dbac6e5eb62;Primário;OM;RJ;Rio de Janeiro;Rio de Janeiro - RJ;580;KHz;B;-22.7785;-42.993638888889;22S46 43;42W59 37;-22.7785;-42.993638888889;;108;Principal
57dbac6e63a72;Primário;OM;RJ;Rio de Janeiro;Rio de Janeiro - RJ;630;KHz;B;-22.833333333333;-43.25;22S49 60;43W15 00;-22.833333333333;-43.25;;69;
57dbac6e6822c;Primário;OM;RJ;Rio de Janeiro;Rio de Janeiro - RJ;710;KHz;B;-22.794722222222;-43.053888888889;22S47 41;43W03 14;-22.794722222222;-43.053888888889;;85;
57dbac6e6d3fa;Primário;OM;RJ;Rio de Janeiro;Rio de Janeiro - RJ;800;KHz;A;-22.8;-43.0625;22S48 00;43W03 45;-22.8;-43.0625;;76;
57dbac6e7131e;Primário;OM;RJ;Rio de Janeiro;Rio de Janeiro - RJ;860;KHz;A;-22.8225;-43.096388888889;22S49 21;43W05 47;-22.8225;-43.096388888889;;132;
57dbac6e7563b;Primário;OM;RJ;Rio de Janeiro;Rio de Janeiro - RJ;900;KHz;B;-22.773333333333;-43.066555555556;22S46 24;43W03 60;-22.773333333333;-43.066555555556;;117;
57dbac6e7a248;Primário;OM;RJ;Rio de Janeiro;Rio de Janeiro - RJ;940;KHz;A;-22.674694444444;-43.029611111111;22S40 29;43W01 47;-22.674694444444;-43.029611111111;;145;Principal
57dbac6e7ef9f;Primário;OM;RJ;Rio de Janeiro;Rio de Janeiro - RJ;990;KHz;A;-22.7625;-43.008333333333;22S45 45;43W00 30;-22.7625;-43.008333333333;;87;Principal
57dbac6e83f42;Primário;OM;RJ;Rio de Janeiro;Rio de Janeiro - RJ;1030;KHz;B;-22.69614;-43.116;22S41 46;43W06 58;-22.69614;-43.116;;80;Principal
57dbac6e8833b;Primário;OM;RJ;Rio de Janeiro;Rio de Janeiro - RJ;1090;KHz;B;-22.86675;-43.28996;22S52 00;43W17 24;-22.86675;-43.28996;;91;Principal
57dbac6e8d145;Primário;OM;RJ;Rio de Janeiro;Rio de Janeiro - RJ;1130;KHz;A;-22.8;-43.0625;22S48 00;43W03 45;-22.8;-43.0625;;76;
57dbac6e91156;Primário;OM;RJ;Rio de Janeiro;Rio de Janeiro - RJ;1180;KHz;B;-22.8384;-43.09629;22S50 18;43W05 47;-22.8384;-43.09629;;75;
57dbac6e95c37;Primário;OM;RJ;Rio de Janeiro;Rio de Janeiro - RJ;1220;KHz;A;-22.8225;-43.096388888889;22S49 21;43W05 47;-22.8225;-43.096388888889;;132;
57dbac6e99fb6;Primário;OM;RJ;Rio de Janeiro;Rio de Janeiro - RJ;1280;KHz;A;-22.773333333333;-43.066555555556;22S46 24;43W03 60;-22.773333333333;-43.066555555556;;117;Principal
57dbac6e9ee56;Primário;OM;RJ;Rio de Janeiro;Rio de Janeiro - RJ;860;KHz;B;-22.77833;-43.01611;22S46 42;43W00 58;-22.77833;-43.01611;0;79;Principal
57dbac6ea343c;Primário;OM;RJ;Rio de Janeiro;Rio de Janeiro - RJ;1400;KHz;B;-22.721388888889;-43.188611111111;22S43 17;43W11 19;-22.721388888889;-43.188611111111;;79;Principal
57dbac6ea796a;Primário;OM;RJ;Rio de Janeiro;Rio de Janeiro - RJ;1440;KHz;B;-22.833333333333;-43.1;22S49 60;43W06 00;-22.833333333333;-43.1;;62;
57dbac6eabb2d;Primário;OM;RJ;Santo Antônio de Pádua;Santo Antônio de Pádua - RJ;1450;KHz;C;-21.552222222222;-42.172777777778;21S33 08;42W10 22;-21.552222222222;-42.172777777778;;55;
57dbac6eafe5b;Primário;OM;RJ;São Fidélis;São Fidélis - RJ;1310;KHz;C;-21.61778;-41.76639;21S37 04;41W45 59;-21.61778;-41.76639;;55;Principal
57dbac6eb3f2a;Primário;OM;RJ;São Fidélis;São Fidélis - RJ;1550;KHz;C;-21.65;-41.75;21S38 60;41W45 00;-21.65;-41.75;;55;
57dbac6eb6c79;Primário;OM;RJ;São Gonçalo;São Gonçalo - RJ;680;KHz;B;-22.779722222222;-43.025555555555;22S46 47;43W01 32;-22.779722222222;-43.025555555555;;87;Principal
57dbac6ebafc5;Primário;OM;RJ;São Gonçalo;São Gonçalo - RJ;1500;KHz;B;-22.826944444444;-43.053888888889;22S49 37;43W03 14;-22.826944444444;-43.053888888889;;60;
57dbac6ebd787;Primário;OM;RJ;São João de Meriti;São João de Meriti - RJ;1520;KHz;B;-22.8;-43.333333333333;22S48 00;43W19 60;-22.8;-43.333333333333;;60;
57dbac6ec16f5;Primário;OM;RJ;Teresópolis;Teresópolis - RJ;1510;KHz;C;-22.428330555556;-42.973330555555;22S25 42;42W58 24;-22.428330555556;-42.973330555555;;54;Principal
57dbac6ec53b8;Primário;OM;RJ;Teresópolis;Teresópolis - RJ;1580;KHz;C;-22.41992;-42.98642;22S25 12;42W59 11;-22.41992;-42.98642;;55;Principal
57dbac6ec919e;Primário;OM;RJ;Três Rios;Três Rios - RJ;1150;KHz;B;-22.128888888889;-43.2275;22S07 44;43W13 39;-22.128888888889;-43.2275;;107;
57dbac6ecd758;Primário;OM;RJ;Valença;Valença - RJ;1570;KHz;C;-22.230277777778;-43.728611111111;22S13 49;43W43 43;-22.230277777778;-43.728611111111;;55;Principal
57dbac6ed298a;Primário;OM;RJ;Vassouras;Vassouras - RJ;1420;KHz;C;-22.416666666667;-43.666666666667;22S25 00;43W40 00;-22.416666666667;-43.666666666667;;56;
57dbac6ed574f;Primário;OM;RJ;Volta Redonda;Volta Redonda - RJ;920;KHz;B;-22.476388888889;-44.058888888889;22S28 35;44W03 32;-22.476388888889;-44.058888888889;;136;
57dbac6eda3e8;Primário;OM;RN;Açu;Açu - RN;1480;KHz;C;-5.5833333333333;-36.916666666667;5S34 60;36W55 00;-5.5833333333333;-36.916666666667;;55;
57dbac6ede541;Primário;OM;RN;Alexandria;Alexandria - RN;1420;KHz;C;-6.4119444444443;-38.0175;6S24 43;38W01 03;-6.4119444444443;-38.0175;;55;
57dbac6ee273c;Primário;OM;RN;Angicos;Angicos - RN;1570;KHz;C;-5.6666666666667;-36.6;5S40 00;36W36 00;-5.6666666666667;-36.6;;55;
57dbac6ee52c7;Primário;OM;RN;Apodi;Apodi - RN;1030;KHz;C;-5.6655555555555;-37.791666666667;5S39 56;37W47 30;-5.6655555555555;-37.791666666667;;73;
57dbac6ee8fee;Primário;OM;RN;Areia Branca;Areia Branca - RN;1550;KHz;C;-4.95;-37.133333333333;4S57 00;37W07 60;-4.95;-37.133333333333;;55;
57dbac6eecfe4;Primário;OM;RN;Caicó;Caicó - RN;830;KHz;C;-6.4666666666667;-37.1;6S28 00;37W06 00;-6.4666666666667;-37.1;;78;
57dbac6ef0eba;Primário;OM;RN;Caicó;Caicó - RN;1100;KHz;C;-6.45;-37.1;6S27 00;37W06 00;-6.45;-37.1;;59;
57dbac6f011b9;Primário;OM;RN;Caicó;Caicó - RN;1290;KHz;C;-6.443611111111;-37.079444444444;6S26 37;37W04 46;-6.443611111111;-37.079444444444;;58;
57dbac6f04f2d;Primário;OM;RN;Caraúbas;Caraúbas - RN;1510;KHz;C;-5.8;-37.55;5S47 60;37W32 60;-5.8;-37.55;;55;
57dbac6f08c76;Primário;OM;RN;Ceará-Mirim;Ceará-Mirim - RN;1580;KHz;C;-5.6347222222222;-35.377777777778;5S38 05;35W22 40;-5.6347222222222;-35.377777777778;;55;
57dbac6f0c7fe;Primário;OM;RN;Currais Novos;Currais Novos - RN;920;KHz;C;-6.261111111111;-36.509722222222;6S15 40;36W30 35;-6.261111111111;-36.509722222222;;60;
57dbac6f10dd6;Primário;OM;RN;Currais Novos;Currais Novos - RN;1360;KHz;C;-6.2666666666667;-36.516666666667;6S16 00;36W31 00;-6.2666666666667;-36.516666666667;;56;
57dbac6f14c1a;Primário;OM;RN;Jardim do Seridó;Jardim do Seridó - RN;1150;KHz;B;-6.59547;-36.77794;6S35 44;36W46 41;-6.59547;-36.77794;;58;Principal
57dbac6f189ae;Primário;OM;RN;João Câmara;João Câmara - RN;1540;KHz;C;-5.5305555555555;-35.805555555556;5S31 50;35W48 20;-5.5305555555555;-35.805555555556;;55;
57dbac6f1c618;Primário;OM;RN;Macau;Macau - RN;1520;KHz;C;-5.1169444444443;-36.625277777778;5S07 01;36W37 31;-5.1169444444443;-36.625277777778;;55;
57dbac6f20608;Primário;OM;RN;Mossoró;Mossoró - RN;990;KHz;B;-5.23972;-37.31417;5S14 23;37W18 51;-5.23972;-37.31417;;75;Principal
57dbac6f24e53;Primário;OM;RN;Mossoró;Mossoró - RN;1060;KHz;B;-5.2072222222222;-37.320833333333;5S12 26;37W19 15;-5.2072222222222;-37.320833333333;;72;
57dbac6f28f7d;Primário;OM;RN;Mossoró;Mossoró - RN;1170;KHz;B;-5.2333333333333;-37.316666666667;5S13 60;37W19 00;-5.2333333333333;-37.316666666667;;65;
57dbac6f2d582;Primário;OM;RN;Mossoró;Mossoró - RN;1430;KHz;B;-5.2194444444443;-37.333333333333;5S13 10;37W19 60;-5.2194444444443;-37.333333333333;;64;
57dbac6f31671;Primário;OM;RN;Natal;Natal - RN;640;KHz;B;-5.785;-35.278055555556;5S47 06;35W16 41;-5.785;-35.278055555556;;111;
57dbac6f35f16;Primário;OM;RN;Natal;Natal - RN;900;KHz;B;-5.7969444444443;-35.244444444444;5S47 49;35W14 40;-5.7969444444443;-35.244444444444;;85;
57dbac6f39db4;Primário;OM;RN;Natal;Natal - RN;1090;KHz;B;-5.8213888888888;-35.246111111111;5S49 17;35W14 46;-5.8213888888888;-35.246111111111;;91;
57dbac6f3e5b6;Primário;OM;RN;Natal;Natal - RN;1190;KHz;B;-5.8169916666667;-35.250211111111;5S49 01;35W15 01;-5.8169916666667;-35.250211111111;;84;
57dbac6f42704;Primário;OM;RN;Natal;Natal - RN;1270;KHz;C;-5.7805555555555;-35.248611111111;5S46 50;35W14 55;-5.7805555555555;-35.248611111111;;62;
57dbac6f470e6;Primário;OM;RN;Natal;Natal - RN;1330;KHz;B;-5.7563888888888;-35.270833333333;5S45 23;35W16 15;-5.7563888888888;-35.270833333333;;82;
57dbac6f4b0cb;Primário;OM;RN;Nova Cruz;Nova Cruz - RN;1530;KHz;C;-6.4666666666667;-35.433333333333;6S28 00;35W25 60;-6.4666666666667;-35.433333333333;;55;
57dbac6f4f006;Primário;OM;RN;Parelhas;Parelhas - RN;1470;KHz;C;-6.6833333333333;-36.666666666667;6S40 60;36W40 00;-6.6833333333333;-36.666666666667;;55;
57dbac6f533b3;Primário;OM;RN;Pau dos Ferros;Pau dos Ferros - RN;1560;KHz;C;-6.1083333333333;-38.186111111111;6S06 30;38W11 10;-6.1083333333333;-38.186111111111;;55;
57dbac6f57974;Primário;OM;RN;Santa Cruz;Santa Cruz - RN;1410;KHz;B;-6.2269444444443;-36.013333333333;6S13 37;36W00 48;-6.2269444444443;-36.013333333333;;55;
57dbac6f5c020;Primário;OM;RN;Santo Antônio;Santo Antônio - RN;1460;KHz;B;-6.3077777777777;-35.477777777778;6S18 28;35W28 40;-6.3077777777777;-35.477777777778;;55;
57dbac6f5febf;Primário;OM;RN;São Miguel;São Miguel - RN;1370;KHz;B;-6.2166666666667;-38.5;6S13 00;38W30 00;-6.2166666666667;-38.5;;55;
57dbac6f63b06;Primário;OM;RN;São Paulo do Potengi;São Paulo do Potengi - RN;1210;KHz;B;-5.8916666666667;-35.761111111111;5S53 30;35W45 40;-5.8916666666667;-35.761111111111;;90;
57dbac6f6801e;Primário;OM;RN;Touros;Touros - RN;1390;KHz;C;-5.2033333333333;-35.461111111111;5S12 12;35W27 40;-5.2033333333333;-35.461111111111;;55;
57dbac6f6bc19;Primário;OM;RO;Ariquemes;Ariquemes - RO;850;KHz;C;-9.916111111111;-63.029722222222;9S54 58;63W01 47;-9.916111111111;-63.029722222222;;103;
57dbac6f6f958;Primário;OM;RO;Ariquemes;Ariquemes - RO;1030;KHz;C;-9.9205555555555;-63.045277777778;9S55 14;63W02 43;-9.9205555555555;-63.045277777778;;94;
57dbac6f731dd;Primário;OM;RO;Ariquemes;Ariquemes - RO;1520;KHz;C;-9.9333333333333;-63.05;9S55 60;63W02 60;-9.9333333333333;-63.05;;55;
57dbac6f75866;Primário;OM;RO;Cacoal;Cacoal - RO;1470;KHz;C;-11,45528;-61,4725;11S27 19;61W28 21;-11,45528;-61,4725;;51;Principal
57dbac6f794e6;Primário;OM;RO;Cacoal;Cacoal - RO;1550;KHz;C;-11.466666666667;-61.4;11S28 00;61W23 60;-11.466666666667;-61.4;;55;
57dbac6f7cdd6;Primário;OM;RO;Colorado do Oeste;Colorado do Oeste - RO;1480;KHz;C;-13.116666666667;-60.5;13S07 00;60W30 00;-13.116666666667;-60.5;;55;
57dbac6f7f4f3;Primário;OM;RO;"Espigão D'Oeste";"Espigão D'Oeste - RO";1570;KHz;C;-11.521666666667;-61.018055555556;11S31 18;61W01 05;-11.521666666667;-61.018055555556;;55;
57dbac6f83b25;Primário;OM;RO;Guajará-Mirim;Guajará-Mirim - RO;1260;KHz;B;-10.753055555556;-65.333055555556;10S45 11;65W19 59;-10.753055555556;-65.333055555556;;63;
57dbac6f881b4;Primário;OM;RO;Jaru;Jaru - RO;1240;KHz;C;-10.433333333333;-62.483333333333;10S25 60;62W28 60;-10.433333333333;-62.483333333333;;84;
57dbac6f8bc6f;Primário;OM;RO;Jaru;Jaru - RO;1510;KHz;C;-10.433333333333;-62.483333333333;10S25 60;62W28 60;-10.433333333333;-62.483333333333;;55;
57dbac6f8f9bc;Primário;OM;RO;Ji-Paraná;Ji-Paraná - RO;900;KHz;C;-10.8625;-61.965277777778;10S51 45;61W57 55;-10.8625;-61.965277777778;;85;
57dbac6f939cf;Primário;OM;RO;Ji-Paraná;Ji-Paraná - RO;1130;KHz;C;-10.890556;-61.901111;10S53 26;61W54 04;-10.890556;-61.901111;;55;
57dbac6f97771;Primário;OM;RO;Ji-Paraná;Ji-Paraná - RO;1200;KHz;C;-10.883333333333;-61.966666666667;10S52 60;61W58 00;-10.883333333333;-61.966666666667;;84;
57dbac6f9b268;Primário;OM;RO;Ji-Paraná;Ji-Paraná - RO;1390;KHz;C;-10.863888888889;-61.894444444444;10S51 50;61W53 40;-10.863888888889;-61.894444444444;;84;
57dbac6f9f88c;Primário;OM;RO;Ouro Preto do Oeste;Ouro Preto do Oeste - RO;1490;KHz;C;-10.747222222222;-62.215277777778;10S44 50;62W12 55;-10.747222222222;-62.215277777778;;55;Principal
57dbac6fa35f9;Primário;OM;RO;Pimenta Bueno;Pimenta Bueno - RO;1480;KHz;C;-11.68778;-61.17333;11S41 16;61W10 24;-11.68778;-61.17333;;55;Principal
57dbac6fa710c;Primário;OM;RO;Pimenta Bueno;Pimenta Bueno - RO;1530;KHz;C;-11.67546;-61.19343;11S40 32;61W11 36;-11.67546;-61.19343;;55;Principal
57dbac6faade6;Primário;OM;RO;Porto Velho;Porto Velho - RO;660;KHz;B;-8.8047222222222;-63.891666666667;8S48 17;63W53 30;-8.8047222222222;-63.891666666667;;115;
57dbac6faf821;Primário;OM;RO;Porto Velho;Porto Velho - RO;800;KHz;B;-8.81472;-63.87417;8S48 53;63W52 27;-8.81472;-63.87417;;105;Principal
57dbac6fb1f87;Primário;OM;RO;Porto Velho;Porto Velho - RO;840;KHz;B;-8.75;-63.916666666667;8S45 00;63W55 00;-8.75;-63.916666666667;;103;
57dbac6fb4718;Primário;OM;RO;Porto Velho;Porto Velho - RO;1310;KHz;B;-8.7669444444443;-63.787777777778;8S46 01;63W47 16;-8.7669444444443;-63.787777777778;;75;
57dbac6fb85b6;Primário;OM;RO;Porto Velho;Porto Velho - RO;1430;KHz;B;-8.75;-63.916666666667;8S45 00;63W55 00;-8.75;-63.916666666667;;63;
57dbac6fbc508;Primário;OM;RO;Rolim de Moura;Rolim de Moura - RO;1020;KHz;C;-11.566666666667;-61.783333333333;11S34 00;61W46 60;-11.566666666667;-61.783333333333;;74;
57dbac6fc02e0;Primário;OM;RO;Vilhena;Vilhena - RO;1530;KHz;C;-12.75;-60.116666666667;12S45 00;60W07 00;-12.75;-60.116666666667;;55;
57dbac6fc3f48;Primário;OM;RO;Vilhena;Vilhena - RO;1450;KHz;C;-12.716666666667;-60.15;12S43 00;60W08 60;-12.716666666667;-60.15;;55;
57dbac6fc7ae0;Primário;OM;RR;Alto Alegre;Alto Alegre - RR;1450;KHz;C;3.0125;-61.275277777778;4N-60 45;61W16 31;3.0125;-61.275277777778;;52;
57dbac6fcb6e8;Primário;OM;RR;Boa Vista;Boa Vista - RR;590;KHz;C;2.8166666666667;-60.666666666667;3N-11 00;60W40 00;2.8166666666667;-60.666666666667;;93;
57dbac6fcf33a;Primário;OM;RR;Boa Vista;Boa Vista - RR;1020;KHz;B;2.7202777777777;-60.8275;3N-17 13;60W49 39;2.7202777777777;-60.8275;;88;
57dbac6fd31a4;Primário;OM;RR;Bonfim;Bonfim - RR;1470;KHz;C;3.35;-59.833333333333;4N-39 00;59W49 60;3.35;-59.833333333333;;51;
57dbac6fd6f28;Primário;OM;RR;Caracaraí;Caracaraí - RR;1390;KHz;B;1.8166666666667;-61.133333333333;2N-11 00;61W07 60;1.8166666666667;-61.133333333333;;65;
57dbac6fdaca2;Primário;OM;RR;São Luiz;São Luiz - RR;1320;KHz;C;-0.9;-61.683333333333;0S54 00;61W40 60;-0.9;-61.683333333333;;62;
57dbac6fdd89c;Primário;OM;RS;Agudo;Agudo - RS;1350;KHz;B;-29.650244444444;-53.254825;29S39 01;53W15 17;-29.650244444444;-53.254825;;55;
57dbac6fe1628;Primário;OM;RS;Alegrete;Alegrete - RS;590;KHz;B;-29.791666666667;-55.769444444444;29S47 30;55W46 10;-29.791666666667;-55.769444444444;;87;
57dbac6fe63a7;Primário;OM;RS;Alegrete;Alegrete - RS;1370;KHz;C;-29.79631;-55.79211;29S47 47;55W47 32;-29.79631;-55.79211;;56;Principal
57dbac6feab72;Primário;OM;RS;Antônio Prado;Antônio Prado - RS;1110;KHz;B;-28.861666666667;-51.281111111111;28S51 42;51W16 52;-28.861666666667;-51.281111111111;;65;
57dbac6feeae0;Primário;OM;RS;Aratiba;Aratiba - RS;900;KHz;B;-27.39069;-52.30175;27S23 26;52W18 06;-27.39069;-52.30175;;75;Principal
57dbac6ff29b3;Primário;OM;RS;Arroio Grande;Arroio Grande - RS;1580;KHz;C;-32.246666666667;-53.079166666667;32S14 48;53W04 45;-32.246666666667;-53.079166666667;;48;
57dbac700278f;Primário;OM;RS;Arvorezinha;Arvorezinha - RS;1450;KHz;C;-28.858055555556;-52.183888888889;28S51 29;52W11 02;-28.858055555556;-52.183888888889;;56;
57dbac7006f72;Primário;OM;RS;Bagé;Bagé - RS;1170;KHz;B;-31.346111111111;-54.106388888889;31S20 46;54W06 23;-31.346111111111;-54.106388888889;;86;
57dbac700aead;Primário;OM;RS;Bagé;Bagé - RS;1460;KHz;C;-31.316666666667;-54.116666666667;31S19 00;54W07 00;-31.316666666667;-54.116666666667;;51;
57dbac700ecf1;Primário;OM;RS;Bagé;Bagé - RS;1590;KHz;C;-31.333333333333;-54.1;31S19 60;54W06 00;-31.333333333333;-54.1;;55;
57dbac7012bb0;Primário;OM;RS;Bento Gonçalves;Bento Gonçalves - RS;890;KHz;B;-29.17843;-51.53954;29S10 42;51W32 22;-29.17843;-51.53954;;125;Principal
57dbac7016d34;Primário;OM;RS;Bento Gonçalves;Bento Gonçalves - RS;1070;KHz;B;-29.195555555556;-51.534722222222;29S11 44;51W32 05;-29.195555555556;-51.534722222222;;125;Principal
57dbac701ae56;Primário;OM;RS;Bom Jesus;Bom Jesus - RS;1240;KHz;C;-28.669722222222;-50.440555555556;28S40 11;50W26 26;-28.669722222222;-50.440555555556;;57;
57dbac701f5c6;Primário;OM;RS;Bom Retiro do Sul;Bom Retiro do Sul - RS;1460;KHz;C;-29.6;-51.933333333333;29S36 00;51W55 60;-29.6;-51.933333333333;;56;
57dbac70234af;Primário;OM;RS;Butiá;Butiá - RS;1140;KHz;B;-30.13;-51.9625;30S07 48;51W57 45;-30.13;-51.9625;;74;Principal
57dbac70272bd;Primário;OM;RS;Caçapava do Sul;Caçapava do Sul - RS;1070;KHz;B;-30.521388888889;-53.483333333333;30S31 17;53W28 60;-30.521388888889;-53.483333333333;;70;
57dbac702ba0d;Primário;OM;RS;Cacequi;Cacequi - RS;1470;KHz;C;-29.868055555556;-54.816666666667;29S52 05;54W49 00;-29.868055555556;-54.816666666667;;48;
57dbac70301c7;Primário;OM;RS;Cachoeira do Sul;Cachoeira do Sul - RS;1090;KHz;B;-30.047222222222;-52.904166666667;30S02 50;52W54 15;-30.047222222222;-52.904166666667;;20;
57dbac70340fa;Primário;OM;RS;Cachoeira do Sul;Cachoeira do Sul - RS;1260;KHz;B;-30.016666666667;-52.897777777778;30S01 00;52W53 52;-30.016666666667;-52.897777777778;;57;
57dbac7037d13;Primário;OM;RS;Cachoeira do Sul;Cachoeira do Sul - RS;1470;KHz;C;-30.039166666667;-52.893888888889;30S02 21;52W53 38;-30.039166666667;-52.893888888889;;100;
57dbac703a4ce;Primário;OM;RS;Cachoeira do Sul;Cachoeira do Sul - RS;1520;KHz;C;-30.039166666667;-52.911388888889;30S02 21;52W54 41;-30.039166666667;-52.911388888889;;48;
57dbac703eba0;Primário;OM;RS;Caibaté;Caibaté - RS;1440;KHz;B;-28.314444444444;-54.658611111111;28S18 52;54W39 31;-28.314444444444;-54.658611111111;;52;
57dbac70429d6;Primário;OM;RS;Camaquã;Camaquã - RS;1060;KHz;B;-30.855277777778;-51.809166666667;30S51 19;51W48 33;-30.855277777778;-51.809166666667;;59;
57dbac70471f2;Primário;OM;RS;Campinas do Sul;Campinas do Sul - RS;1460;KHz;C;-27.71831;-52.61614;27S43 06;52W36 58;-27.71831;-52.61614;;55;Principal
57dbac704b8fb;Primário;OM;RS;Campo Bom;Campo Bom - RS;810;KHz;B;-29.65204;-51.08012;29S39 07;51W04 48;-29.65204;-51.08012;;88;Principal
57dbac704fad2;Primário;OM;RS;Candelária;Candelária - RS;760;KHz;C;-29.666666666667;-52.783333333333;29S40 00;52W46 60;-29.666666666667;-52.783333333333;;76;
57dbac7053b15;Primário;OM;RS;Canela;Canela - RS;1320;KHz;C;-29.352222222222;-50.795;29S21 08;50W47 42;-29.352222222222;-50.795;;52;
57dbac70578f9;Primário;OM;RS;Canguçu;Canguçu - RS;1030;KHz;C;-31.408888888889;-52.673611111111;31S24 32;52W40 25;-31.408888888889;-52.673611111111;;85;
57dbac705c029;Primário;OM;RS;Canguçu;Canguçu - RS;1500;KHz;B;-31.384444444444;-52.711111111111;31S23 04;52W42 40;-31.384444444444;-52.711111111111;;48;
57dbac705fe99;Primário;OM;RS;Canoas;Canoas - RS;540;KHz;C;-29.912777777778;-51.206388888889;29S54 46;51W12 23;-29.912777777778;-51.206388888889;;69;
57dbac7064a2d;Primário;OM;RS;Canoas;Canoas - RS;1020;KHz;B;-29.99333;-51.26306;29S59 36;51W15 47;-29.99333;-51.26306;;69;Principal
57dbac70694f6;Primário;OM;RS;Canoas;Canoas - RS;1340;KHz;B;-29.96611;-51.20111;29S57 58;51W12 04;-29.96611;-51.20111;;63;Principal
57dbac706e67b;Primário;OM;RS;Capão da Canoa;Capão da Canoa - RS;1310;KHz;B;-29.700277777778;-50.007222222222;29S42 01;50W00 26;-29.700277777778;-50.007222222222;;97;
57dbac70729bc;Primário;OM;RS;Capão do Leão;Capão do Leão - RS;1550;KHz;C;-31.759444444444;-52.408055555556;31S45 34;52W24 29;-31.759444444444;-52.408055555556;;55;
57dbac7076803;Primário;OM;RS;Carazinho;Carazinho - RS;670;KHz;B;-28.29478;-52.81547;28S17 41;52W48 56;-28.29478;-52.81547;;115;Principal
57dbac707a650;Primário;OM;RS;Carazinho;Carazinho - RS;780;KHz;B;-28.2855;-52.82253;28S17 08;52W49 21;-28.2855;-52.82253;;74;Principal
57dbac707ece6;Primário;OM;RS;Catuípe;Catuípe - RS;1250;KHz;B;-28.256944444444;-54.02;28S15 25;54W01 12;-28.256944444444;-54.02;;108;
57dbac7082a62;Primário;OM;RS;Caxias do Sul;Caxias do Sul - RS;560;KHz;B;-29.13009;-51.19743;29S07 48;51W11 51;-29.13009;-51.19743;;125;Principal
57dbac70868a1;Primário;OM;RS;Caxias do Sul;Caxias do Sul - RS;930;KHz;B;-29.14156;-51.13981;29S08 30;51W08 23;-29.14156;-51.13981;;96;Principal
57dbac708ae65;Primário;OM;RS;Caxias do Sul;Caxias do Sul - RS;1010;KHz;B;-29.12592;-51.15158;29S07 33;51W09 06;-29.12592;-51.15158;;129;Principal
57dbac708ec9c;Primário;OM;RS;Caxias do Sul;Caxias do Sul - RS;1250;KHz;B;-29.136944444444;-51.173055555556;29S08 13;51W10 23;-29.136944444444;-51.173055555556;;82;
57dbac7092cf2;Primário;OM;RS;Cerro Largo;Cerro Largo - RS;1190;KHz;B;-28.15542;-54.74024;28S09 20;54W44 25;-28.15542;-54.74024;;86;Principal
57dbac7096d1e;Primário;OM;RS;Chapada;Chapada - RS;1500;KHz;B;-28.058055555556;-53.059722222222;28S03 29;53W03 35;-28.058055555556;-53.059722222222;;70;
57dbac709a619;Primário;OM;RS;Chuí;Chuí - RS;1240;KHz;C;-33.691111111111;-53.456666666667;33S41 28;53W27 24;-33.691111111111;-53.456666666667;;109;
57dbac709c7f8;Primário;OM;RS;Ciríaco;Ciríaco - RS;1570;KHz;C;-28.35;-51.866666666667;28S21 00;51W52 00;-28.35;-51.866666666667;;55;
57dbac709eee9;Primário;OM;RS;Constantina;Constantina - RS;810;KHz;B;-27.730777777778;-52.980416666667;27S43 51;52W58 50;-27.730777777778;-52.980416666667;;108;
57dbac70a2e8f;Primário;OM;RS;Coronel Bicaco;Coronel Bicaco - RS;1430;KHz;C;-27.713888888889;-53.709444444444;27S42 50;53W42 34;-27.713888888889;-53.709444444444;;56;
57dbac70a678d;Primário;OM;RS;Coxilha;Coxilha - RS;1430;KHz;C;-28.127222222222;-52.296111111111;28S07 38;52W17 46;-28.127222222222;-52.296111111111;;53;
57dbac70a8f73;Primário;OM;RS;Crissiumal;Crissiumal - RS;1070;KHz;C;-27.513683333333;-54.093730555556;27S30 49;54W05 37;-27.513683333333;-54.093730555556;;79;Principal
57dbac70acd65;Primário;OM;RS;Cruz Alta;Cruz Alta - RS;830;KHz;B;-28.625972222222;-53.62875;28S37 33;53W37 43;-28.625972222222;-53.62875;;99;Principal
57dbac70b0c2b;Primário;OM;RS;Cruz Alta;Cruz Alta - RS;1140;KHz;B;-28.626061111111;-53.607905555555;28S37 34;53W36 28;-28.626061111111;-53.607905555555;;50;Principal
57dbac70b4475;Primário;OM;RS;Dom Feliciano;Dom Feliciano - RS;1400;KHz;B;-30.704166666667;-52.1075;30S42 15;52W06 27;-30.704166666667;-52.1075;;60;
57dbac70b6c37;Primário;OM;RS;Dom Pedrito;Dom Pedrito - RS;1330;KHz;C;-30.95997;-54.68194;30S57 36;54W40 55;-30.95997;-54.68194;;49;Principal
57dbac70ba84c;Primário;OM;RS;Dom Pedrito;Dom Pedrito - RS;1530;KHz;C;-30.97496;-54.6468;30S58 30;54W38 48;-30.97496;-54.6468;;57;Principal
57dbac70be5dc;Primário;OM;RS;Encantado;Encantado - RS;1580;KHz;B;-29.239166666667;-51.881944444444;29S14 21;51W52 55;-29.239166666667;-51.881944444444;;48;
57dbac70c2b40;Primário;OM;RS;Encruzilhada do Sul;Encruzilhada do Sul - RS;1230;KHz;C;-30.547777777778;-52.52;30S32 52;52W31 12;-30.547777777778;-52.52;;57;
57dbac70c68c8;Primário;OM;RS;Erechim;Erechim - RS;650;KHz;B;-27.62556;-52.24861;27S37 32;52W14 55;-27.62556;-52.24861;;88;Principal
57dbac70cac96;Primário;OM;RS;Erechim;Erechim - RS;1200;KHz;B;-27.7016;-52.22992;27S42 06;52W13 48;-27.7016;-52.22992;;57;Principal
57dbac70cee0c;Primário;OM;RS;Erechim;Erechim - RS;1590;KHz;C;-27.633333333333;-52.283333333333;27S37 60;52W16 60;-27.633333333333;-52.283333333333;;55;
57dbac70d14f0;Primário;OM;RS;Espumoso;Espumoso - RS;1290;KHz;B;-28.738333333333;-52.821388888889;28S44 18;52W49 17;-28.738333333333;-52.821388888889;;59;
57dbac70d4de7;Primário;OM;RS;Estação;Estação - RS;1510;KHz;C;-27.910833333333;-52.26;27S54 39;52W15 36;-27.910833333333;-52.26;;66;
57dbac70d74ce;Primário;OM;RS;Esteio;Esteio - RS;1210;KHz;B;-29.896944444444;-51.227777777778;29S53 49;51W13 40;-29.896944444444;-51.227777777778;;75;Principal
57dbac70dca43;Primário;OM;RS;Esteio;Esteio - RS;1300;KHz;A;-29.86844;-51.10311;29S52 06;51W06 11;-29.86844;-51.10311;;60;Principal
57dbac70e12eb;Primário;OM;RS;Estrela;Estrela - RS;820;KHz;C;-29.51581;-51.97575;29S30 57;51W58 33;-29.51581;-51.97575;;60;Principal
57dbac70e5c00;Primário;OM;RS;Estrela;Estrela - RS;1500;KHz;C;-29.50647;-51.95417;29S30 23;51W57 15;-29.50647;-51.95417;;55;Principal
57dbac70e9c1c;Primário;OM;RS;Farroupilha;Farroupilha - RS;1160;KHz;B;-29.17611;-51.33389;29S10 34;51W20 02;-29.17611;-51.33389;;129;
57dbac70f2c91;Primário;OM;RS;Flores da Cunha;Flores da Cunha - RS;1370;KHz;B;-29.106388888889;-51.181111111111;29S06 23;51W10 52;-29.106388888889;-51.181111111111;;111;Principal
57dbac7102cc1;Primário;OM;RS;Frederico Westphalen;Frederico Westphalen - RS;1160;KHz;B;-27.378055555556;-53.396388888889;27S22 41;53W23 47;-27.378055555556;-53.396388888889;;117;
57dbac7106d2f;Primário;OM;RS;Garibaldi;Garibaldi - RS;1410;KHz;B;-29.23;-51.533333333333;29S13 48;51W31 60;-29.23;-51.533333333333;;54;
57dbac710ad45;Primário;OM;RS;Gaurama;Gaurama - RS;1260;KHz;C;-27.590277777778;-52.098611111111;27S35 25;52W05 55;-27.590277777778;-52.098611111111;;55;
57dbac710ecef;Primário;OM;RS;Getúlio Vargas;Getúlio Vargas - RS;700;KHz;C;-27.899444444444;-52.246111111111;27S53 58;52W14 46;-27.899444444444;-52.246111111111;;112;
57dbac7113673;Primário;OM;RS;Giruá;Giruá - RS;1090;KHz;C;-28.025;-54.32861;28S01 30;54W19 43;-28.025;-54.32861;;59;
57dbac7117f78;Primário;OM;RS;Gramado;Gramado - RS;1440;KHz;C;-29.383333333333;-50.883333333333;29S22 60;50W52 60;-29.383333333333;-50.883333333333;;54;
57dbac711bd83;Primário;OM;RS;Gravataí;Gravataí - RS;840;KHz;B;-29.926666666667;-51.041388888889;29S55 36;51W02 29;-29.926666666667;-51.041388888889;;86;Principal
57dbac7120cd0;Primário;OM;RS;Gravataí;Gravataí - RS;1570;KHz;B;-29.941944444444;-51.065;29S56 31;51W03 54;-29.941944444444;-51.065;;55;
57dbac7125465;Primário;OM;RS;Guaíba;Guaíba - RS;880;KHz;B;-29.991166666667;-51.324888888889;29S59 28;51W19 30;-29.991166666667;-51.324888888889;;85;Principal
57dbac7129861;Primário;OM;RS;Guaporé;Guaporé - RS;1350;KHz;B;-28.837222222222;-51.891944444444;28S50 14;51W53 31;-28.837222222222;-51.891944444444;;56;
57dbac712e106;Primário;OM;RS;Guarani das Missões;Guarani das Missões - RS;1480;KHz;C;-28.150555555556;-54.563055555556;28S09 02;54W33 47;-28.150555555556;-54.563055555556;;55;
57dbac71321df;Primário;OM;RS;Horizontina;Horizontina - RS;1270;KHz;B;-27.6375;-54.313055555556;27S38 15;54W18 47;-27.6375;-54.313055555556;;83;
57dbac7136c09;Primário;OM;RS;Humaitá;Humaitá - RS;970;KHz;C;-27.55;-53.833333333333;27S33 00;53W49 60;-27.55;-53.833333333333;;85;
57dbac713acb4;Primário;OM;RS;Ibirubá;Ibirubá - RS;1240;KHz;B;-28.649702777778;-53.1003;28S38 59;53W06 01;-28.649702777778;-53.1003;;72;Principal
57dbac713ed71;Primário;OM;RS;Ijuí;Ijuí - RS;690;KHz;B;-28.367777777778;-53.915;28S22 04;53W54 54;-28.367777777778;-53.915;;91;
57dbac7142fc3;Primário;OM;RS;Ijuí;Ijuí - RS;1030;KHz;B;-28.3875;-53.897222222222;28S23 15;53W53 50;-28.3875;-53.897222222222;;94;
57dbac71478a9;Primário;OM;RS;Ijuí;Ijuí - RS;1340;KHz;B;-28.40959;-53.94774;28S24 35;53W56 52;-28.40959;-53.94774;;58;Principal
57dbac714b991;Primário;OM;RS;Imbé;Imbé - RS;1460;KHz;C;-29.935833333333;-50.122777777778;29S56 09;50W07 22;-29.935833333333;-50.122777777778;;51;
57dbac714f98a;Primário;OM;RS;Iraí;Iraí - RS;1080;KHz;B;-27.18945;-53.25725;27S11 22;53W15 26;-27.18945;-53.25725;;55;Principal
57dbac7153426;Primário;OM;RS;Itacurubi;Itacurubi - RS;1450;KHz;C;-28.795277777778;-55.235277777778;28S47 43;55W14 07;-28.795277777778;-55.235277777778;;51;
57dbac7155d49;Primário;OM;RS;Itaqui;Itaqui - RS;1110;KHz;B;-29.147222222222;-56.571111111111;29S08 50;56W34 16;-29.147222222222;-56.571111111111;;58;
57dbac7159ccb;Primário;OM;RS;Itaqui;Itaqui - RS;1170;KHz;B;-29.13564;-56.53756;29S08 08;56W32 15;-29.13564;-56.53756;;77;Principal
57dbac715dcba;Primário;OM;RS;Jaguarão;Jaguarão - RS;1110;KHz;B;-32.548333333333;-53.39;32S32 54;53W23 24;-32.548333333333;-53.39;;58;
57dbac7161d80;Primário;OM;RS;Jaguari;Jaguari - RS;1160;KHz;B;-29.506583333333;-54.707916666667;29S30 24;54W42 29;-29.506583333333;-54.707916666667;;65;
57dbac7165ef8;Primário;OM;RS;Júlio de Castilhos;Júlio de Castilhos - RS;1420;KHz;B;-29.245277777778;-53.675833333333;29S14 43;53W40 33;-29.245277777778;-53.675833333333;;72;
57dbac716a006;Primário;OM;RS;Lagoa Vermelha;Lagoa Vermelha - RS;630;KHz;C;-28.223888888889;-51.526666666667;28S13 26;51W31 36;-28.223888888889;-51.526666666667;;83;
57dbac716e414;Primário;OM;RS;Lagoa Vermelha;Lagoa Vermelha - RS;1490;KHz;C;-28.2;-51.533333333333;28S11 60;51W31 60;-28.2;-51.533333333333;;50;
57dbac7170d6f;Primário;OM;RS;Lajeado;Lajeado - RS;950;KHz;B;-29.445;-52.01278;29S26 42;52W00 46;-29.445;-52.01278;;100;Principal
57dbac71757c8;Primário;OM;RS;Lajeado;Lajeado - RS;1540;KHz;C;-29.433333333333;-51.966666666667;29S25 60;51W58 00;-29.433333333333;-51.966666666667;;55;
57dbac71792e1;Primário;OM;RS;Machadinho;Machadinho - RS;870;KHz;B;-27.566944444444;-51.667777777778;27S34 01;51W40 04;-27.566944444444;-51.667777777778;;86;
57dbac717bb3f;Primário;OM;RS;Marau;Marau - RS;1360;KHz;B;-28.452777777778;-52.207777777778;28S27 10;52W12 28;-28.452777777778;-52.207777777778;;77;
57dbac717fbc8;Primário;OM;RS;Marcelino Ramos;Marcelino Ramos - RS;1090;KHz;C;-27.469166666667;-51.903055555556;27S28 09;51W54 11;-27.469166666667;-51.903055555556;;59;
57dbac718334d;Primário;OM;RS;Miraguaí;Miraguaí - RS;1520;KHz;C;-27.466666666667;-53.733333333333;27S28 00;53W43 60;-27.466666666667;-53.733333333333;;55;
57dbac7185a39;Primário;OM;RS;Montenegro;Montenegro - RS;1270;KHz;C;-29.724166666667;-51.445833333333;29S43 27;51W26 45;-29.724166666667;-51.445833333333;;56;
57dbac718a1b3;Primário;OM;RS;Mostardas;Mostardas - RS;1460;KHz;C;-31.091666666667;-50.910555555556;31S05 30;50W54 38;-31.091666666667;-50.910555555556;;55;
57dbac718e003;Primário;OM;RS;Nonoai;Nonoai - RS;1230;KHz;B;-27.341944444444;-52.78;27S20 31;52W46 48;-27.341944444444;-52.78;;54;
57dbac71925aa;Primário;OM;RS;Nova Prata;Nova Prata - RS;1230;KHz;B;-28.78083;-51.61972;28S46 51;51W37 11;-28.78083;-51.61972;;80;
57dbac71969c3;Primário;OM;RS;Nova Prata;Nova Prata - RS;1520;KHz;C;-28.783888888889;-51.61;28S47 02;51W36 36;-28.783888888889;-51.61;;53;
57dbac71990b4;Primário;OM;RS;Novo Hamburgo;Novo Hamburgo - RS;900;KHz;B;-29.718055555556;-51.106666666667;29S43 05;51W06 24;-29.718055555556;-51.106666666667;;80;
57dbac719d162;Primário;OM;RS;Osório;Osório - RS;750;KHz;B;-29.903333333333;-50.277222222222;29S54 12;50W16 38;-29.903333333333;-50.277222222222;;85;
57dbac71a1480;Primário;OM;RS;Palmares do Sul;Palmares do Sul - RS;1520;KHz;C;-30.257777777778;-50.509722222222;30S15 28;50W30 35;-30.257777777778;-50.509722222222;;70;
57dbac71a3bbd;Primário;OM;RS;Palmeira das Missões;Palmeira das Missões - RS;740;KHz;B;-27.90833;-53.29472;27S54 30;53W17 41;-27.90833;-53.29472;;75;Principal
57dbac71a7b91;Primário;OM;RS;Palmeira das Missões;Palmeira das Missões - RS;1580;KHz;C;-27.90806;-53.32347;27S54 29;53W19 24;-27.90806;-53.32347;;55;Principal
57dbac71ab67c;Primário;OM;RS;Palmitinho;Palmitinho - RS;1380;KHz;B;-27.35;-53.547777777778;27S21 00;53W32 52;-27.35;-53.547777777778;;56;
57dbac71afcf6;Primário;OM;RS;Panambi;Panambi - RS;1320;KHz;B;-28.28208;-53.48994;28S16 55;53W29 24;-28.28208;-53.48994;;57;Principal
57dbac71b3a84;Primário;OM;RS;Passo Fundo;Passo Fundo - RS;570;KHz;C;-28.27194;-52.37358;28S16 19;52W22 25;-28.27194;-52.37358;;66;Principal
57dbac71b781e;Primário;OM;RS;Passo Fundo;Passo Fundo - RS;730;KHz;B;-28.292222222222;-52.451666666667;28S17 32;52W27 06;-28.292222222222;-52.451666666667;;108;
57dbac71bb7db;Primário;OM;RS;Passo Fundo;Passo Fundo - RS;1170;KHz;B;-28.2425;-52.406388888889;28S14 33;52W24 23;-28.2425;-52.406388888889;;75;
57dbac71bf689;Primário;OM;RS;Pedro Osório;Pedro Osório - RS;990;KHz;C;-31.855444444444;-52.808438888889;31S51 20;52W48 30;-31.855444444444;-52.808438888889;;55;
57dbac71c32ee;Primário;OM;RS;Pelotas;Pelotas - RS;620;KHz;B;-31.759211111111;-52.247733333333;31S45 33;52W14 52;-31.759211111111;-52.247733333333;;97;Principal
57dbac71c7014;Primário;OM;RS;Pelotas;Pelotas - RS;1160;KHz;C;-31.766666666667;-52.333333333333;31S46 00;52W19 60;-31.766666666667;-52.333333333333;;75;
57dbac71cafb0;Primário;OM;RS;Pelotas;Pelotas - RS;1250;KHz;C;-31.75094;-52.30694;31S45 03;52W18 25;-31.75094;-52.30694;;62;Principal
57dbac71cee5a;Primário;OM;RS;Pelotas;Pelotas - RS;1320;KHz;B;-31.761944444444;-52.35;31S45 43;52W21 00;-31.761944444444;-52.35;;64;
57dbac71d26ab;Primário;OM;RS;Pinhal;Pinhal - RS;1470;KHz;C;-27.510833333333;-53.215;27S30 39;53W12 54;-27.510833333333;-53.215;;51;
57dbac71d4d1a;Primário;OM;RS;Planalto;Planalto - RS;760;KHz;B;-27.323888888889;-53.072777777778;27S19 26;53W04 22;-27.323888888889;-53.072777777778;;76;
57dbac71d8bd3;Primário;OM;RS;Portão;Portão - RS;1430;KHz;B;-29.709166666667;-51.258611111111;29S42 33;51W15 31;-29.709166666667;-51.258611111111;;54;
57dbac71dc82d;Primário;OM;RS;Porto Alegre;Porto Alegre - RS;600;KHz;A;-30.092222222222;-51.311388888889;30S05 32;51W18 41;-30.092222222222;-51.311388888889;;250;
57dbac71e1179;Primário;OM;RS;Porto Alegre;Porto Alegre - RS;640;KHz;B;-29.997222222222;-51.285555555556;29S59 50;51W17 08;-29.997222222222;-51.285555555556;;100;
57dbac71e538c;Primário;OM;RS;Porto Alegre;Porto Alegre - RS;680;KHz;B;-29.997222222222;-51.285555555556;29S59 50;51W17 08;-29.997222222222;-51.285555555556;;102;
57dbac71e9850;Primário;OM;RS;Porto Alegre;Porto Alegre - RS;720;KHz;A;-30.026444444444;-51.258888888889;30S01 35;51W15 32;-30.026444444444;-51.258888888889;;90;Principal
57dbac71ee22b;Primário;OM;RS;Porto Alegre;Porto Alegre - RS;780;KHz;B;-29.96306;-51.28556;29S57 47;51W17 08;-29.96306;-51.28556;;96;Principal
57dbac71f2c86;Primário;OM;RS;Porto Alegre;Porto Alegre - RS;970;KHz;B;-30.016389;-51.261667;30S00 59;51W15 42;-30.016389;-51.261667;;94;
57dbac7203867;Primário;OM;RS;Porto Alegre;Porto Alegre - RS;1080;KHz;B;-30.005555555556;-51.335833333333;30S00 20;51W20 09;-30.005555555556;-51.335833333333;;75;
57dbac7207f21;Primário;OM;RS;Porto Alegre;Porto Alegre - RS;1120;KHz;B;-30.01606;-51.31012;30S00 58;51W18 36;-30.01606;-51.31012;;67;Principal
57dbac720c177;Primário;OM;RS;Porto Alegre;Porto Alegre - RS;1390;KHz;B;-29.992041666667;-51.229658333333;29S59 31;51W13 47;-29.992041666667;-51.229658333333;;69;
57dbac72109a3;Primário;OM;RS;Porto Lucena;Porto Lucena - RS;1360;KHz;B;-27.858055555556;-55.006111111111;27S51 29;55W00 22;-27.858055555556;-55.006111111111;;52;Principal
57dbac7215366;Primário;OM;RS;Quaraí;Quaraí - RS;1540;KHz;C;-30.364444444444;-56.446111111111;30S21 52;56W26 46;-30.364444444444;-56.446111111111;;48;
57dbac7219379;Primário;OM;RS;Quinze de Novembro;Quinze de Novembro - RS;1490;KHz;B;-28.748333333333;-53.093611111111;28S44 54;53W05 37;-28.748333333333;-53.093611111111;;55;
57dbac721ba46;Primário;OM;RS;Restinga Seca;Restinga Seca - RS;1310;KHz;B;-29.813333333333;-53.375833333333;29S48 48;53W22 33;-29.813333333333;-53.375833333333;;72;
57dbac7220086;Primário;OM;RS;Rio Grande;Rio Grande - RS;740;KHz;B;-32.02433;-52.19381;32S01 28;52W11 38;-32.02433;-52.19381;;64;Principal
57dbac7223ffd;Primário;OM;RS;Rio Grande;Rio Grande - RS;1410;KHz;C;-32.047222222222;-52.119166666667;32S02 50;52W07 09;-32.047222222222;-52.119166666667;;56;
57dbac7227f04;Primário;OM;RS;Rio Grande;Rio Grande - RS;830;KHz;C;-32.064444444444;-52.09;32S03 52;52W05 24;-32.064444444444;-52.09;;88;
57dbac722c025;Primário;OM;RS;Rio Pardo;Rio Pardo - RS;790;KHz;C;-29.969458333333;-52.394919444444;29S58 10;52W23 42;-29.969458333333;-52.394919444444;;74;
57dbac72300bf;Primário;OM;RS;Rosário do Sul;Rosário do Sul - RS;660;KHz;C;-30.2375;-54.922777777778;30S14 15;54W55 22;-30.2375;-54.922777777778;;80;
57dbac7233a21;Primário;OM;RS;Sananduva;Sananduva - RS;770;KHz;C;-27.949722222222;-51.806666666667;27S56 59;51W48 24;-27.949722222222;-51.806666666667;;97;
57dbac723612e;Primário;OM;RS;Sananduva;Sananduva - RS;990;KHz;B;-27.955833333333;-51.803611111111;27S57 21;51W48 13;-27.955833333333;-51.803611111111;;65;
57dbac7239e5d;Primário;OM;RS;Santa Bárbara do Sul;Santa Bárbara do Sul - RS;1210;KHz;C;-28.358611111111;-53.2475;28S21 31;53W14 51;-28.358611111111;-53.2475;;84;
57dbac723e343;Primário;OM;RS;Santa Cruz do Sul;Santa Cruz do Sul - RS;550;KHz;B;-29.730555555556;-52.45;29S43 50;52W27 00;-29.730555555556;-52.45;;88;
57dbac7242b8f;Primário;OM;RS;Santa Cruz do Sul;Santa Cruz do Sul - RS;1180;KHz;B;-29.706944444444;-52.452777777778;29S42 25;52W27 10;-29.706944444444;-52.452777777778;;70;
57dbac72469d1;Primário;OM;RS;Santa Maria;Santa Maria - RS;630;KHz;C;-29.70401;-53.8138;29S42 14;53W48 50;-29.70401;-53.8138;;83;Principal
57dbac724a9da;Primário;OM;RS;Santa Maria;Santa Maria - RS;800;KHz;C;-29.735;-53.806111111111;29S44 06;53W48 22;-29.735;-53.806111111111;;105;
57dbac724e629;Primário;OM;RS;Santa Maria;Santa Maria - RS;860;KHz;B;-29.713888888889;-53.858333333333;29S42 50;53W51 30;-29.713888888889;-53.858333333333;;73;
57dbac7256ab7;Primário;OM;RS;Santa Maria;Santa Maria - RS;1130;KHz;B;-29.703055555556;-53.810833333333;29S42 11;53W48 39;-29.703055555556;-53.810833333333;;86;
57dbac725a7d1;Primário;OM;RS;Santa Rosa;Santa Rosa - RS;890;KHz;C;-27.8505;-54.498416666667;27S51 02;54W29 54;-27.8505;-54.498416666667;;75;
57dbac725e70e;Primário;OM;RS;Santa Rosa;Santa Rosa - RS;1410;KHz;B;-27.868055555556;-54.502777777778;27S52 05;54W30 10;-27.868055555556;-54.502777777778;;79;
57dbac7262466;Primário;OM;RS;Santa Vitória do Palmar;Santa Vitória do Palmar - RS;670;KHz;B;-33.510277777778;-53.363888888889;33S30 37;53W21 50;-33.510277777778;-53.363888888889;;80;
57dbac726650f;Primário;OM;RS;Santana do Livramento;Santana do Livramento - RS;1300;KHz;B;-30.866666666667;-55.541944444444;30S52 00;55W32 31;-30.866666666667;-55.541944444444;;82;
57dbac726ae21;Primário;OM;RS;Sant Ana do Livramento;Sant Ana do Livramento - RS;1380;KHz;C;-30.870277777778;-55.506944444444;30S52 13;55W30 25;-30.870277777778;-55.506944444444;;54;
57dbac726ee49;Primário;OM;RS;Santiago;Santiago - RS;1230;KHz;B;-29.194444444444;-54.840277777778;29S11 40;54W50 25;-29.194444444444;-54.840277777778;;100;
57dbac727313b;Primário;OM;RS;Santiago;Santiago - RS;1460;KHz;C;-29.204722222222;-54.850277777778;29S12 17;54W51 01;-29.204722222222;-54.850277777778;;55;
57dbac727717b;Primário;OM;RS;Santo Ângelo;Santo Ângelo - RS;540;KHz;B;-28.28108;-54.27867;28S16 52;54W16 43;-28.28108;-54.27867;;100;Principal
57dbac727bb8f;Primário;OM;RS;Santo Ângelo;Santo Ângelo - RS;930;KHz;B;-28.31156;-54.2755;28S18 42;54W16 32;-28.31156;-54.2755;;69;Principal
57dbac72805b5;Primário;OM;RS;Santo Antônio da Patrulha;Santo Antônio da Patrulha - RS;1170;KHz;C;-29.849444444444;-50.523055555556;29S50 58;50W31 23;-29.849444444444;-50.523055555556;;90;
57dbac72847ae;Primário;OM;RS;Santo Augusto;Santo Augusto - RS;1120;KHz;B;-27.86;-53.78;27S51 36;53W46 48;-27.86;-53.78;;94;
57dbac72887bc;Primário;OM;RS;Santo Cristo;Santo Cristo - RS;1300;KHz;C;-27.826666666667;-54.655555555556;27S49 36;54W39 20;-27.826666666667;-54.655555555556;;56;
57dbac728c694;Primário;OM;RS;São Borja;São Borja - RS;1260;KHz;C;-28.67833;-56.00147;28S40 42;56W00 05;-28.67833;-56.00147;;57;Principal
57dbac7290813;Primário;OM;RS;São Francisco de Assis;São Francisco de Assis - RS;1470;KHz;C;-29.55;-55.133333333333;29S33 00;55W07 60;-29.55;-55.133333333333;;51;
57dbac729466e;Primário;OM;RS;São Gabriel;São Gabriel - RS;580;KHz;C;-30.3;-54.366666666667;30S18 00;54W22 00;-30.3;-54.366666666667;;68;
57dbac7299196;Primário;OM;RS;São Gabriel;São Gabriel - RS;700;KHz;C;-30.32264;-54.30764;30S19 22;54W18 28;-30.32264;-54.30764;;107;Principal
57dbac729d872;Primário;OM;RS;São Jerônimo;São Jerônimo - RS;1240;KHz;C;-29.955277777778;-51.707777777778;29S57 19;51W42 28;-29.955277777778;-51.707777777778;;57;
57dbac72a2007;Primário;OM;RS;São João da Urtiga;São João da Urtiga - RS;1400;KHz;C;-27.771111111111;-51.799166666667;27S46 16;51W47 57;-27.771111111111;-51.799166666667;;55;
57dbac72aa5ec;Primário;OM;RS;São Leopoldo;São Leopoldo - RS;1530;KHz;B;-29.741388888889;-51.160277777778;29S44 29;51W09 37;-29.741388888889;-51.160277777778;;122;
57dbac72ae6c8;Primário;OM;RS;São Lourenço do Sul;São Lourenço do Sul - RS;1190;KHz;B;-31.37439;-51.98026;31S22 28;51W58 49;-31.37439;-51.98026;;75;Principal
57dbac72b25d8;Primário;OM;RS;São Luiz Gonzaga;São Luiz Gonzaga - RS;1010;KHz;C;-28.422222222222;-54.985833333333;28S25 20;54W59 09;-28.422222222222;-54.985833333333;;63;
57dbac72b6a5f;Primário;OM;RS;São Luiz Gonzaga;São Luiz Gonzaga - RS;1060;KHz;C;-28.407777777778;-54.926944444444;28S24 28;54W55 37;-28.407777777778;-54.926944444444;;55;
57dbac72bb220;Primário;OM;RS;São Marcos;São Marcos - RS;1330;KHz;B;-28.933888888889;-51.083611111111;28S56 02;51W05 01;-28.933888888889;-51.083611111111;;62;
57dbac72bfb72;Primário;OM;RS;São Martinho;São Martinho - RS;1570;KHz;C;-27.683333333333;-53.966666666667;27S40 60;53W58 00;-27.683333333333;-53.966666666667;;55;
57dbac72c3264;Primário;OM;RS;São Miguel das Missões;São Miguel das Missões - RS;1330;KHz;B;-28.562777777778;-54.554166666667;28S33 46;54W33 15;-28.562777777778;-54.554166666667;;70;
57dbac72c540d;Primário;OM;RS;São Pedro do Butiá;São Pedro do Butiá - RS;1590;KHz;C;-28.124444444444;-54.887222222222;28S07 28;54W53 14;-28.124444444444;-54.887222222222;;85;
57dbac72c7bbf;Primário;OM;RS;São Pedro do Sul;São Pedro do Sul - RS;900;KHz;C;-29.60474;-54.17112;29S36 17;54W10 16;-29.60474;-54.17112;;72;Principal
57dbac72cc211;Primário;OM;RS;São Sepé;São Sepé - RS;1200;KHz;C;-30.17792;-53.57297;30S10 41;53W34 23;-30.17792;-53.57297;;70;Principal
57dbac72d2536;Primário;OM;RS;São Valério do Sul;São Valério do Sul - RS;1540;KHz;C;-27.787222222222;-53.936944444444;27S47 14;53W56 13;-27.787222222222;-53.936944444444;;55;
57dbac72d4ccb;Primário;OM;RS;Sarandi;Sarandi - RS;1310;KHz;B;-27.926667;-52.915556;27S55 36;52W54 56;-27.926667;-52.915556;;82;
57dbac72d9302;Primário;OM;RS;Seberi;Seberi - RS;880;KHz;B;-27.486666666667;-53.395833333333;27S29 12;53W23 45;-27.486666666667;-53.395833333333;;90;
57dbac72dcd50;Primário;OM;RS;Sentinela do Sul;Sentinela do Sul - RS;1360;KHz;B;-30.611388888889;-51.578888888889;30S36 41;51W34 44;-30.611388888889;-51.578888888889;;112;
57dbac72df3e8;Primário;OM;RS;Serafina Corrêa;Serafina Corrêa - RS;1190;KHz;B;-28.708333333333;-51.938888888889;28S42 30;51W56 20;-28.708333333333;-51.938888888889;;70;
57dbac72e2c41;Primário;OM;RS;Sertão;Sertão - RS;1600;KHz;C;-27.983333333333;-52.25;27S58 60;52W15 00;-27.983333333333;-52.25;;47;
57dbac72e4e95;Primário;OM;RS;Severiano de Almeida;Severiano de Almeida - RS;1520;KHz;C;-27.433055555556;-52.116111111111;27S25 59;52W06 58;-27.433055555556;-52.116111111111;;55;
57dbac72e82b1;Primário;OM;RS;Sobradinho;Sobradinho - RS;1110;KHz;B;-29.44492;-53.03175;29S26 42;53W01 54;-29.44492;-53.03175;;75;Principal
57dbac72ec19d;Primário;OM;RS;Soledade;Soledade - RS;1060;KHz;B;-28.796111111111;-52.507222222222;28S47 46;52W30 26;-28.796111111111;-52.507222222222;;85;
57dbac72f06e9;Primário;OM;RS;Soledade;Soledade - RS;850;KHz;B;-28.83492;-52.50027;28S50 06;52W30 01;-28.83492;-52.50027;;67;Principal
57dbac73002ce;Primário;OM;RS;Tapejara;Tapejara - RS;1530;KHz;B;-28.083888888889;-51.996111111111;28S05 02;51W59 46;-28.083888888889;-51.996111111111;;55;
57dbac73041e6;Primário;OM;RS;Tapera;Tapera - RS;1380;KHz;B;-28.64281;-52.86819;28S38 34;52W52 05;-28.64281;-52.86819;;55;Principal
57dbac7308a24;Primário;OM;RS;Tapes;Tapes - RS;1420;KHz;B;-30.676388888889;-51.406666666667;30S40 35;51W24 24;-30.676388888889;-51.406666666667;;48;
57dbac730c841;Primário;OM;RS;Taquara;Taquara - RS;1490;KHz;B;-29.673888888889;-50.778333333333;29S40 26;50W46 42;-29.673888888889;-50.778333333333;;71;
57dbac73107d4;Primário;OM;RS;Taquari;Taquari - RS;1560;KHz;B;-29.778055555556;-51.845;29S46 41;51W50 42;-29.778055555556;-51.845;;48;
57dbac7314758;Primário;OM;RS;Tenente Portela;Tenente Portela - RS;620;KHz;C;-27.333333333333;-53.766666666667;27S19 60;53W46 00;-27.333333333333;-53.766666666667;;81;
57dbac731c267;Primário;OM;RS;Tramandaí;Tramandaí - RS;920;KHz;B;-29.985;-50.190833333333;29S59 06;50W11 27;-29.985;-50.190833333333;;96;
57dbac7320783;Primário;OM;RS;Três de Maio;Três de Maio - RS;1460;KHz;C;-27.780697222222;-54.227727777778;27S46 51;54W13 40;-27.780697222222;-54.227727777778;;50;
57dbac7324e08;Primário;OM;RS;Três Passos;Três Passos - RS;1350;KHz;B;-27.45314;-53.90947;27S27 11;53W54 34;-27.45314;-53.90947;;61;Principal
57dbac7328aa8;Primário;OM;RS;Três Passos;Três Passos - RS;1550;KHz;C;-27.466666666667;-53.95;27S28 00;53W57 00;-27.466666666667;-53.95;;55;
57dbac732b196;Primário;OM;RS;Tupanciretã;Tupanciretã - RS;990;KHz;B;-29.0775;-53.858055555556;29S04 39;53W51 29;-29.0775;-53.858055555556;;82;
57dbac732efe8;Primário;OM;RS;Uruguaiana;Uruguaiana - RS;880;KHz;B;-29.763888888889;-57.099166666667;29S45 50;57W05 57;-29.763888888889;-57.099166666667;;100;
57dbac733336f;Primário;OM;RS;Uruguaiana;Uruguaiana - RS;1140;KHz;B;-29.758888888889;-57.084722222222;29S45 32;57W05 05;-29.758888888889;-57.084722222222;;58;
57dbac7337aa5;Primário;OM;RS;Uruguaiana;Uruguaiana - RS;1460;KHz;C;-29.75;-57.083333333333;29S45 00;57W04 60;-29.75;-57.083333333333;;55;
57dbac733a851;Primário;OM;RS;Vacaria;Vacaria - RS;580;KHz;B;-28.4725;-50.926944444444;28S28 21;50W55 37;-28.4725;-50.926944444444;;123;
57dbac733f0c6;Primário;OM;RS;Vacaria;Vacaria - RS;660;KHz;B;-28.474444444444;-50.963333333333;28S28 28;50W57 48;-28.474444444444;-50.963333333333;;114;
57dbac7343370;Primário;OM;RS;Venâncio Aires;Venâncio Aires - RS;910;KHz;B;-29.5993;-52.18369;29S35 57;52W11 01;-29.5993;-52.18369;;75;Principal
57dbac734b8ff;Primário;OM;RS;Vila Flores;Vila Flores - RS;1590;KHz;B;-28.862777777778;-51.533333333333;28S51 46;51W31 60;-28.862777777778;-51.533333333333;;55;
57dbac734e23c;Primário;OM;SC;Abelardo Luz;Abelardo Luz - SC;910;KHz;C;-26.598333333333;-52.342777777778;26S35 54;52W20 34;-26.598333333333;-52.342777777778;;70;
57dbac73525df;Primário;OM;SC;Araranguá;Araranguá - SC;1290;KHz;B;-28.93225;-49.46438;28S55 56;49W27 52;-28.93225;-49.46438;;70;Principal
57dbac7356b4d;Primário;OM;SC;Balneário Camboriú;Balneário Camboriú - SC;1290;KHz;B;-27.02;-48.65833;27S01 12;48W39 30;-27.02;-48.65833;;81;
57dbac735b294;Primário;OM;SC;Balneário Camboriú;Balneário Camboriú - SC;1500;KHz;C;-27.019444444444;-48.612777777778;27S01 10;48W36 46;-27.019444444444;-48.612777777778;;55;
57dbac735f3c3;Primário;OM;SC;Blumenau;Blumenau - SC;760;KHz;B;-26.852777777778;-49.087222222222;26S51 10;49W05 14;-26.852777777778;-49.087222222222;;84;
57dbac7363f42;Primário;OM;SC;Blumenau;Blumenau - SC;820;KHz;B;-26.895;-48.998888888889;26S53 42;48W59 56;-26.895;-48.998888888889;;93;
57dbac7368864;Primário;OM;SC;Blumenau;Blumenau - SC;1160;KHz;B;-26.942;-49.05967;26S56 31;49W03 35;-26.942;-49.05967;;79.5;Principal
57dbac736ca2a;Primário;OM;SC;Blumenau;Blumenau - SC;1260;KHz;B;-26.867777777778;-49.086944444444;26S52 04;49W05 13;-26.867777777778;-49.086944444444;;78;
57dbac7370d5b;Primário;OM;SC;Blumenau;Blumenau - SC;1330;KHz;B;-26.883888888889;-49.068611111111;26S53 02;49W04 07;-26.883888888889;-49.068611111111;;82;Principal
57dbac73791ab;Primário;OM;SC;Braço do Norte;Braço do Norte - SC;1570;KHz;B;-28.275;-49.165555555556;28S16 30;49W09 56;-28.275;-49.165555555556;;48;
57dbac737ba95;Primário;OM;SC;Brusque;Brusque - SC;850;KHz;B;-27.11194;-48.94139;27S06 43;48W56 29;-27.11194;-48.94139;;96;
57dbac73803d7;Primário;OM;SC;Brusque;Brusque - SC;970;KHz;B;-27.10778;-48.91667;27S06 28;48W55 00;-27.10778;-48.91667;;77;
57dbac73845cf;Primário;OM;SC;Caçador;Caçador - SC;1110;KHz;B;-26.747786111111;-50.991258333333;26S44 52;50W59 29;-26.747786111111;-50.991258333333;;83;
57dbac738877c;Primário;OM;SC;Caibi;Caibi - SC;1480;KHz;B;-27.067777777778;-53.263333333333;27S04 04;53W15 48;-27.067777777778;-53.263333333333;;55;
57dbac738ceca;Primário;OM;SC;Campo Erê;Campo Erê - SC;850;KHz;C;-26.404305555555;-53.0956;26S24 15;53W05 44;-26.404305555555;-53.0956;;88;Principal
57dbac7399331;Primário;OM;SC;Capinzal;Capinzal - SC;1380;KHz;B;-27.34825;-51.586155555556;27S20 54;51W35 10;-27.34825;-51.586155555556;;56;
57dbac739d477;Primário;OM;SC;Capinzal;Capinzal - SC;1540;KHz;C;-27.363055555556;-51.556944444444;27S21 47;51W33 25;-27.363055555556;-51.556944444444;;48;
57dbac73a21e1;Primário;OM;SC;Chapecó;Chapecó - SC;610;KHz;B;-27.08;-52.648611111111;27S04 48;52W38 55;-27.08;-52.648611111111;;90;
57dbac73a6b4f;Primário;OM;SC;Chapecó;Chapecó - SC;1330;KHz;B;-27.125555555556;-52.619444444444;27S07 32;52W37 10;-27.125555555556;-52.619444444444;;57;
57dbac73ab011;Primário;OM;SC;Concórdia;Concórdia - SC;750;KHz;B;-27.233611111111;-52.051111111111;27S14 01;52W03 04;-27.233611111111;-52.051111111111;;100;
57dbac73af2eb;Primário;OM;SC;Concórdia;Concórdia - SC;840;KHz;B;-27.223055555556;-52.011388888889;27S13 23;52W00 41;-27.223055555556;-52.011388888889;;93;
57dbac73b3a5f;Primário;OM;SC;Coronel Freitas;Coronel Freitas - SC;1020;KHz;B;-26.898888888889;-52.694722222222;26S53 56;52W41 41;-26.898888888889;-52.694722222222;;63;
57dbac73b81fc;Primário;OM;SC;Criciúma;Criciúma - SC;570;KHz;B;-28.63878;-49.42417;28S38 20;49W25 27;-28.63878;-49.42417;;125;Principal
57dbac73bc920;Primário;OM;SC;Criciúma;Criciúma - SC;1450;KHz;B;-28.63889;-49.42417;28S38 20;49W25 27;-28.63889;-49.42417;;125;
57dbac73c0d2e;Primário;OM;SC;Cunha Porã;Cunha Porã - SC;1240;KHz;B;-26.90417;-53.18917;26S54 15;53W11 21;-26.90417;-53.18917;;55;Principal
57dbac73c92fa;Primário;OM;SC;Descanso;Descanso - SC;590;KHz;B;-26.8175;-53.513333333333;26S49 03;53W30 48;-26.8175;-53.513333333333;;93;
57dbac73cd6a2;Primário;OM;SC;Dionísio Cerqueira;Dionísio Cerqueira - SC;570;KHz;C;-26.262222222222;-53.62;26S15 44;53W37 12;-26.262222222222;-53.62;;87;Principal
57dbac73d2164;Primário;OM;SC;Florianópolis;Florianópolis - SC;740;KHz;B;-27.491111111111;-48.645833333333;27S29 28;48W38 45;-27.491111111111;-48.645833333333;;124;
57dbac73d6c67;Primário;OM;SC;Florianópolis;Florianópolis - SC;890;KHz;C;-27.533888888889;-48.627777777778;27S32 02;48W37 40;-27.533888888889;-48.627777777778;;55;
57dbac73dba16;Primário;OM;SC;Florianópolis;Florianópolis - SC;1060;KHz;C;-27.689166666667;-48.541111111111;27S41 21;48W32 28;-27.689166666667;-48.541111111111;;62;
57dbac73df7d7;Primário;OM;SC;Florianópolis;Florianópolis - SC;1110;KHz;C;-27.57319;-48.52675;27S34 23;48W31 36;-27.57319;-48.52675;;84;Principal
57dbac73e3c51;Primário;OM;SC;Florianópolis;Florianópolis - SC;1420;KHz;B;-27.60294;-48.59504;27S36 11;48W35 42;-27.60294;-48.59504;;74;Principal
57dbac73e90ce;Primário;OM;SC;Fraiburgo;Fraiburgo - SC;710;KHz;C;-27.010833333333;-50.906944444444;27S00 39;50W54 25;-27.010833333333;-50.906944444444;;78;
57dbac73eda99;Primário;OM;SC;Garopaba;Garopaba - SC;1380;KHz;C;-28.041666666667;-48.636666666667;28S02 30;48W38 12;-28.041666666667;-48.636666666667;;56;
57dbac73f196b;Primário;OM;SC;Gaspar;Gaspar - SC;1460;KHz;B;-26.921083333333;-48.96425;26S55 16;48W57 51;-26.921083333333;-48.96425;;55;
57dbac7401402;Primário;OM;SC;Guaraciaba;Guaraciaba - SC;1500;KHz;C;-26.6;-53.516666666667;26S36 00;53W31 00;-26.6;-53.516666666667;;55;
57dbac74036b0;Primário;OM;SC;Guaramirim;Guaramirim - SC;910;KHz;B;-26.466666666667;-49;26S28 00;49W00 00;-26.466666666667;-49;;72;
57dbac74059c1;Primário;OM;SC;Guarujá do Sul;Guarujá do Sul - SC;1450;KHz;C;-26.385277777778;-53.527777777778;26S23 07;53W31 40;-26.385277777778;-53.527777777778;;55;
57dbac7408112;Primário;OM;SC;"Herval d'Oeste";"Herval d'Oeste - SC";1470;KHz;C;-27.172888888889;-51.48575;27S10 22;51W29 09;-27.172888888889;-51.48575;;55;
57dbac740c4e9;Primário;OM;SC;Ibirama;Ibirama - SC;1360;KHz;B;-27.045836111111;-49.562194444444;27S02 45;49W33 44;-27.045836111111;-49.562194444444;;71;
57dbac7410afa;Primário;OM;SC;Içara;Içara - SC;910;KHz;B;-28.698611111111;-49.311944444444;28S41 55;49W18 43;-28.698611111111;-49.311944444444;;78;
57dbac74150af;Primário;OM;SC;Imaruí;Imaruí - SC;1320;KHz;B;-28.35;-48.816666666667;28S21 00;48W49 00;-28.35;-48.816666666667;;73;
57dbac741a4d3;Primário;OM;SC;Imbituba;Imbituba - SC;1010;KHz;C;-28.221111111111;-48.675555555556;28S13 16;48W40 32;-28.221111111111;-48.675555555556;;74;
57dbac741e7f7;Primário;OM;SC;Indaial;Indaial - SC;1080;KHz;B;-26.874722222222;-49.255833333333;26S52 29;49W15 21;-26.874722222222;-49.255833333333;;96;
57dbac74226c2;Primário;OM;SC;Iporã do Oeste;Iporã do Oeste - SC;1590;KHz;C;-26.988333333333;-53.535277777778;26S59 18;53W32 07;-26.988333333333;-53.535277777778;;55;
57dbac7424a51;Primário;OM;SC;Ipumirim;Ipumirim - SC;1580;KHz;B;-27.083333333333;-52.133333333333;27S04 60;52W07 60;-27.083333333333;-52.133333333333;;55;
57dbac7426e35;Primário;OM;SC;Itá;Itá - SC;1300;KHz;C;-27.290555555556;-52.323888888889;27S17 26;52W19 26;-27.290555555556;-52.323888888889;;58;
57dbac7429700;Primário;OM;SC;Itaiópolis;Itaiópolis - SC;1380;KHz;B;-26.360944444444;-49.908916666667;26S21 39;49W54 32;-26.360944444444;-49.908916666667;;56;
57dbac742d8e3;Primário;OM;SC;Itajaí;Itajaí - SC;1350;KHz;C;-26.909166666667;-48.695833333333;26S54 33;48W41 45;-26.909166666667;-48.695833333333;;52;
57dbac7431cb4;Primário;OM;SC;Itajaí;Itajaí - SC;1530;KHz;C;-26.885;-48.73389;26S53 06;48W44 02;-26.885;-48.73389;;48;
57dbac7436b1c;Primário;OM;SC;Itapiranga;Itapiranga - SC;990;KHz;C;-27.157777777778;-53.695833333333;27S09 28;53W41 45;-27.157777777778;-53.695833333333;;75;
57dbac743b768;Primário;OM;SC;Ituporanga;Ituporanga - SC;1310;KHz;B;-27.424166666667;-49.603611111111;27S25 27;49W36 13;-27.424166666667;-49.603611111111;;114;
57dbac744067b;Primário;OM;SC;Jacinto Machado;Jacinto Machado - SC;1190;KHz;B;-29.00225;-49.73119;29S00 08;49W43 52;-29.00225;-49.73119;;66;Principal
57dbac7443458;Primário;OM;SC;Jaraguá do Sul;Jaraguá do Sul - SC;780;KHz;C;-26.479722222222;-49.040277777778;26S28 47;49W02 25;-26.479722222222;-49.040277777778;;90;
57dbac744774b;Primário;OM;SC;Jaraguá do Sul;Jaraguá do Sul - SC;1010;KHz;B;-26.487183333333;-49.035227777778;26S29 14;49W02 07;-26.487183333333;-49.035227777778;;90;
57dbac744bc8c;Primário;OM;SC;Joaçaba;Joaçaba - SC;1270;KHz;B;-27.180555555556;-51.509166666667;27S10 50;51W30 33;-27.180555555556;-51.509166666667;;118;
57dbac744ffe8;Primário;OM;SC;Joinville;Joinville - SC;1090;KHz;C;-26.314722222222;-48.8125;26S18 53;48W48 45;-26.314722222222;-48.8125;;57;
57dbac7454328;Primário;OM;SC;Joinville;Joinville - SC;1250;KHz;B;-26.303333333333;-48.823055555556;26S18 12;48W49 23;-26.303333333333;-48.823055555556;;57;
57dbac7458861;Primário;OM;SC;Joinville;Joinville - SC;1480;KHz;C;-26.320555555556;-48.834722222222;26S19 14;48W50 05;-26.320555555556;-48.834722222222;;50;
57dbac745cc94;Primário;OM;SC;Joinville;Joinville - SC;1590;KHz;B;-26.275805555556;-48.780388888889;26S16 33;48W46 49;-26.275805555556;-48.780388888889;;55;
57dbac7460bd2;Primário;OM;SC;Lages;Lages - SC;690;KHz;B;-27.782777777778;-50.38;27S46 58;50W22 48;-27.782777777778;-50.38;;108;
57dbac7464eff;Primário;OM;SC;Lages;Lages - SC;1030;KHz;B;-27.8195;-50.350444444444;27S49 10;50W21 02;-27.8195;-50.350444444444;;73;
57dbac7469387;Primário;OM;SC;Lages;Lages - SC;1180;KHz;C;-27.852530555556;-50.346080555556;27S51 09;50W20 46;-27.852530555556;-50.346080555556;;66;
57dbac746d566;Primário;OM;SC;Lages;Lages - SC;1390;KHz;B;-27.7775;-50.308055555556;27S46 39;50W18 29;-27.7775;-50.308055555556;;56;
57dbac7475b03;Primário;OM;SC;Laguna;Laguna - SC;1270;KHz;B;-28.472222222222;-48.786111111111;28S28 20;48W47 10;-28.472222222222;-48.786111111111;;57;
57dbac747a333;Primário;OM;SC;Lauro Muller;Lauro Muller - SC;830;KHz;C;-28.394166666667;-49.388888888889;28S23 39;49W23 20;-28.394166666667;-49.388888888889;;73;
57dbac747e5bc;Primário;OM;SC;Mafra;Mafra - SC;1240;KHz;B;-26.119444444444;-49.806944444444;26S07 10;49W48 25;-26.119444444444;-49.806944444444;;57;
57dbac7482648;Primário;OM;SC;Major Vieira;Major Vieira - SC;1190;KHz;C;-26.35;-50.3325;26S21 00;50W19 57;-26.35;-50.3325;;55;
57dbac748690b;Primário;OM;SC;Maravilha;Maravilha - SC;1440;KHz;B;-26.755555555556;-53.173611111111;26S45 20;53W10 25;-26.755555555556;-53.173611111111;;55;
57dbac748ac6b;Primário;OM;SC;Modelo;Modelo - SC;1570;KHz;C;-26.775833333333;-53.063611111111;26S46 33;53W03 49;-26.775833333333;-53.063611111111;;55;
57dbac748f5f7;Primário;OM;SC;Mondaí;Mondaí - SC;1530;KHz;B;-27.105;-53.41417;27S06 18;53W24 51;-27.105;-53.41417;;55;Principal
57dbac7493a96;Primário;OM;SC;Orleans;Orleans - SC;960;KHz;B;-28.354166666667;-49.231944444444;28S21 15;49W13 55;-28.354166666667;-49.231944444444;;69;
57dbac7497afa;Primário;OM;SC;Palma Sola;Palma Sola - SC;1410;KHz;C;-26.3475;-53.278333333333;26S20 51;53W16 42;-26.3475;-53.278333333333;;50;
57dbac749a412;Primário;OM;SC;Palmitos;Palmitos - SC;1400;KHz;C;-27.0675;-53.161111111111;27S04 03;53W09 40;-27.0675;-53.161111111111;;50;
57dbac749efc6;Primário;OM;SC;Pinhalzinho;Pinhalzinho - SC;1510;KHz;C;-26.863333333333;-52.965833333333;26S51 48;52W57 57;-26.863333333333;-52.965833333333;;48;
57dbac74a31c9;Primário;OM;SC;Pomerode;Pomerode - SC;1410;KHz;B;-26.698333333333;-49.156388888889;26S41 54;49W09 23;-26.698333333333;-49.156388888889;;55;
57dbac74a6d00;Primário;OM;SC;Ponte Alta;Ponte Alta - SC;1500;KHz;C;-27.483333333333;-50.383333333333;27S28 60;50W22 60;-27.483333333333;-50.383333333333;;55;
57dbac74aceb3;Primário;OM;SC;Porto Belo;Porto Belo - SC;1560;KHz;B;-27.157777777778;-48.553055555556;27S09 28;48W33 11;-27.157777777778;-48.553055555556;;48;
57dbac74b389d;Primário;OM;SC;Rio do Sul;Rio do Sul - SC;540;KHz;B;-27.2508;-49.69782;27S15 03;49W41 52;-27.2508;-49.69782;;139;Principal
57dbac74b85ea;Primário;OM;SC;Rio do Sul;Rio do Sul - SC;620;KHz;B;-27.186111111111;-49.661666666667;27S11 10;49W39 42;-27.186111111111;-49.661666666667;;85;
57dbac74bca21;Primário;OM;SC;Rio do Sul;Rio do Sul - SC;1540;KHz;C;-27.216666666667;-49.5;27S13 00;49W30 00;-27.216666666667;-49.5;;55;
57dbac74bf2bd;Primário;OM;SC;Rio Negrinho;Rio Negrinho - SC;1570;KHz;C;-26.253333333333;-49.519444444444;26S15 12;49W31 10;-26.253333333333;-49.519444444444;;55;
57dbac74c363e;Primário;OM;SC;Santa Cecília;Santa Cecília - SC;1300;KHz;B;-26.97155;-50.4027;26S58 18;50W24 10;-26.97155;-50.4027;;55;
57dbac74c74e7;Primário;OM;SC;São Bento do Sul;São Bento do Sul - SC;1200;KHz;B;-26.25;-49.383333333333;26S15 00;49W22 60;-26.25;-49.383333333333;;57;
57dbac74c9df2;Primário;OM;SC;São Bento do Sul;São Bento do Sul - SC;1450;KHz;C;-26.216666666667;-49.416666666667;26S13 00;49W25 00;-26.216666666667;-49.416666666667;;53;
57dbac74ce14b;Primário;OM;SC;São Carlos;São Carlos - SC;1110;KHz;B;-27.077777777778;-53.019444444444;27S04 40;53W01 10;-27.077777777778;-53.019444444444;;50;
57dbac74d2ab0;Primário;OM;SC;São Domingos;São Domingos - SC;1190;KHz;B;-26.562222222222;-52.52;26S33 44;52W31 12;-26.562222222222;-52.52;;57;
57dbac74d6bf8;Primário;OM;SC;São Francisco do Sul;São Francisco do Sul - SC;870;KHz;B;-26.266666666667;-48.6455;26S16 00;48W38 44;-26.266666666667;-48.6455;;86;
57dbac74db178;Primário;OM;SC;São João Batista;São João Batista - SC;1190;KHz;C;-27.283611111111;-48.848333333333;27S17 01;48W50 54;-27.283611111111;-48.848333333333;;55;
57dbac74dfcad;Primário;OM;SC;São Joaquim;São Joaquim - SC;1530;KHz;B;-28.285;-49.945833333333;28S17 06;49W56 45;-28.285;-49.945833333333;;48;
57dbac74e41cb;Primário;OM;SC;São José;São José - SC;1230;KHz;B;-27.548194444444;-48.626138888889;27S32 53;48W37 34;-27.548194444444;-48.626138888889;;84;
57dbac74e888e;Primário;OM;SC;São José;São José - SC;1470;KHz;B;-27.6225;-48.640833333333;27S37 21;48W38 27;-27.6225;-48.640833333333;;55;
57dbac74ee5e3;Primário;OM;SC;São José do Cedro;São José do Cedro - SC;1180;KHz;B;-26.460277777778;-53.478611111111;26S27 37;53W28 43;-26.460277777778;-53.478611111111;;51;Principal
57dbac74f2daa;Primário;OM;SC;São Lourenço do Oeste;São Lourenço do Oeste - SC;630;KHz;C;-26.380833333333;-52.837222222222;26S22 51;52W50 14;-26.380833333333;-52.837222222222;;115;
57dbac750423c;Primário;OM;SC;São Miguel do Oeste;São Miguel do Oeste - SC;1370;KHz;B;-26.741111111111;-53.551666666667;26S44 28;53W33 06;-26.741111111111;-53.551666666667;;55;
57dbac75084dc;Primário;OM;SC;São Miguel do Oeste;São Miguel do Oeste - SC;1560;KHz;C;-26.743680555556;-53.516213888889;26S44 37;53W30 58;-26.743680555556;-53.516213888889;;55;
57dbac750c72a;Primário;OM;SC;Seara;Seara - SC;1450;KHz;B;-27.158333333333;-52.300555555556;27S09 30;52W18 02;-27.158333333333;-52.300555555556;;52;
57dbac75104b1;Primário;OM;SC;Siderópolis;Siderópolis - SC;1490;KHz;C;-28.583333333333;-49.416666666667;28S34 60;49W25 00;-28.583333333333;-49.416666666667;;55;
57dbac75177b6;Primário;OM;SC;Tangará;Tangará - SC;1570;KHz;C;-27.104727777778;-51.230769444444;27S06 17;51W13 51;-27.104727777778;-51.230769444444;;60;Principal
57dbac751b4ea;Primário;OM;SC;Tijucas;Tijucas - SC;950;KHz;C;-27.243611111111;-48.625555555556;27S14 37;48W37 32;-27.243611111111;-48.625555555556;;65;
57dbac751f3e8;Primário;OM;SC;Timbó;Timbó - SC;1520;KHz;B;-26.803333333333;-49.279444444444;26S48 12;49W16 46;-26.803333333333;-49.279444444444;;48;
57dbac752343c;Primário;OM;SC;Tubarão;Tubarão - SC;730;KHz;B;-28.51;-48.986944444444;28S30 36;48W59 13;-28.51;-48.986944444444;;103;Principal
57dbac752757a;Primário;OM;SC;Tubarão;Tubarão - SC;1090;KHz;B;-28.508888888889;-49.006944444444;28S30 32;49W00 25;-28.508888888889;-49.006944444444;;59;
57dbac752b8e7;Primário;OM;SC;Tubarão;Tubarão - SC;1210;KHz;B;-28.528611111111;-49.041666666667;28S31 43;49W02 30;-28.528611111111;-49.041666666667;;57;
57dbac752f9fd;Primário;OM;SC;Tunápolis;Tunápolis - SC;1260;KHz;C;-26.968888888889;-53.639166666667;26S58 08;53W38 21;-26.968888888889;-53.639166666667;;55;
57dbac75337b3;Primário;OM;SC;Turvo;Turvo - SC;1550;KHz;B;-28.932777777778;-49.681666666667;28S55 58;49W40 54;-28.932777777778;-49.681666666667;;55;
57dbac753786f;Primário;OM;SC;Urubici;Urubici - SC;1070;KHz;C;-27.995;-49.586111111111;27S59 42;49W35 10;-27.995;-49.586111111111;;59;
57dbac753b6e2;Primário;OM;SC;Urussanga;Urussanga - SC;780;KHz;B;-28.516247222222;-49.308605555556;28S30 58;49W18 31;-28.516247222222;-49.308605555556;;105;
57dbac753f809;Primário;OM;SC;Videira;Videira - SC;790;KHz;C;-26.997222222222;-51.193611111111;26S59 50;51W11 37;-26.997222222222;-51.193611111111;;74;
57dbac7543ea8;Primário;OM;SC;Videira;Videira - SC;1320;KHz;C;-26.99782;-51.18987;26S59 52;51W11 24;-26.99782;-51.18987;;74;Principal
57dbac7547c54;Primário;OM;SC;Xanxerê;Xanxerê - SC;960;KHz;B;-26.88778;-52.38333;26S53 16;52W22 60;-26.88778;-52.38333;;78;Principal
57dbac754bcab;Primário;OM;SC;Xanxerê;Xanxerê - SC;1130;KHz;B;-26.87361;-52.38861;26S52 25;52W23 19;-26.87361;-52.38861;;75;Principal
57dbac754fce0;Primário;OM;SC;Xaxim;Xaxim - SC;1490;KHz;B;-26.961944444444;-52.549722222222;26S57 43;52W32 59;-26.961944444444;-52.549722222222;;52;
57dbac7553dfb;Primário;OM;SE;Aracaju;Aracaju - SE;540;KHz;B;-10.8425;-37.133333333333;10S50 33;37W07 60;-10.8425;-37.133333333333;;99;
57dbac755808a;Primário;OM;SE;Aracaju;Aracaju - SE;630;KHz;B;-10.91167;-37.10472;10S54 42;37W06 17;-10.91167;-37.10472;;99;Principal
57dbac755c3aa;Primário;OM;SE;Aracaju;Aracaju - SE;670;KHz;B;-10.918888888889;-37.128888888889;10S55 08;37W07 44;-10.918888888889;-37.128888888889;;93;
57dbac75644bf;Primário;OM;SE;Aracaju;Aracaju - SE;930;KHz;B;-10.894444444444;-37.169444444444;10S53 40;37W10 10;-10.894444444444;-37.169444444444;;96;
57dbac7568e6e;Primário;OM;SE;Capela;Capela - SE;1580;KHz;C;-10.5;-37.066666666667;10S30 00;37W04 00;-10.5;-37.066666666667;;55;
57dbac756b665;Primário;OM;SE;Estância;Estância - SE;1250;KHz;B;-11.285;-37.44;11S17 06;37W26 24;-11.285;-37.44;;62;
57dbac756f8eb;Primário;OM;SE;Estância;Estância - SE;1460;KHz;B;-11.234083333333;-37.426777777778;11S14 03;37W25 36;-11.234083333333;-37.426777777778;;55;
57dbac7573681;Primário;OM;SE;Frei Paulo;Frei Paulo - SE;1160;KHz;C;-10.543333333333;-37.526944444444;10S32 36;37W31 37;-10.543333333333;-37.526944444444;;56;
57dbac75772ea;Primário;OM;SE;Itabaiana;Itabaiana - SE;830;KHz;B;-10.74389;-37.41139;10S44 38;37W24 41;-10.74389;-37.41139;;99;Principal
57dbac757b9ae;Primário;OM;SE;Itabaiana;Itabaiana - SE;1370;KHz;B;-10.673055555556;-37.415277777778;10S40 23;37W24 55;-10.673055555556;-37.415277777778;;55;
57dbac757fbf0;Primário;OM;SE;Itabaianinha;Itabaianinha - SE;1570;KHz;C;-11.266666666667;-37.816666666667;11S16 00;37W49 00;-11.266666666667;-37.816666666667;;55;
57dbac7582285;Primário;OM;SE;Lagarto;Lagarto - SE;750;KHz;B;-10.877205555556;-37.761327777778;10S52 38;37W45 41;-10.877205555556;-37.761327777778;;80;
57dbac7585f70;Primário;OM;SE;Propriá;Propriá - SE;810;KHz;C;-10.216666666667;-36.866666666667;10S13 00;36W52 00;-10.216666666667;-36.866666666667;;74;
57dbac758c6b4;Primário;OM;SE;Tobias Barreto;Tobias Barreto - SE;1520;KHz;B;-11.166666666667;-38.004444444444;11S10 00;38W00 16;-11.166666666667;-38.004444444444;;55;
57dbac7590468;Primário;OM;SP;Adamantina;Adamantina - SP;790;KHz;C;-21.703888888889;-51.064444444444;21S42 14;51W03 52;-21.703888888889;-51.064444444444;;76;
57dbac75943ab;Primário;OM;SP;Adamantina;Adamantina - SP;930;KHz;B;-21.685277777778;-51.0725;21S41 07;51W04 21;-21.685277777778;-51.0725;;85;
57dbac7598acd;Primário;OM;SP;Agudos;Agudos - SP;930;KHz;B;-22.420277777778;-49.038888888889;22S25 13;49W02 20;-22.420277777778;-49.038888888889;;66;
57dbac759dc13;Primário;OM;SP;Altinópolis;Altinópolis - SP;1480;KHz;C;-21.016666666667;-47.366666666667;21S01 00;47W22 00;-21.016666666667;-47.366666666667;;55;
57dbac75a1784;Primário;OM;SP;Álvares Machado;Álvares Machado - SP;1590;KHz;C;-22.083333333333;-51.466666666667;22S04 60;51W28 00;-22.083333333333;-51.466666666667;;54;
57dbac75a40d0;Primário;OM;SP;Americana;Americana - SP;580;KHz;C;-22.775833333333;-47.2475;22S46 33;47W14 51;-22.775833333333;-47.2475;;90;Principal
57dbac75a822b;Primário;OM;SP;Americana;Americana - SP;1440;KHz;C;-22.74917;-47.29833;22S44 57;47W17 54;-22.74917;-47.29833;;56;Principal
57dbac75acc1c;Primário;OM;SP;Amparo;Amparo - SP;1580;KHz;C;-22.71619;-46.79459;22S42 58;46W47 41;-22.71619;-46.79459;;48;Principal
57dbac75b0d71;Primário;OM;SP;Andradina;Andradina - SP;650;KHz;C;-20.916666666667;-51.366666666667;20S55 00;51W22 00;-20.916666666667;-51.366666666667;;70;
57dbac75b4fb4;Primário;OM;SP;Andradina;Andradina - SP;760;KHz;C;-20.896388888889;-51.376388888889;20S53 47;51W22 35;-20.896388888889;-51.376388888889;;70;
57dbac75b912a;Primário;OM;SP;Aparecida;Aparecida - SP;820;KHz;B;-22.845;-45.249166666667;22S50 42;45W14 57;-22.845;-45.249166666667;;103;
57dbac75bd4c1;Primário;OM;SP;Aparecida;Aparecida - SP;1080;KHz;C;-22.95;-45.233333333333;22S56 60;45W13 60;-22.95;-45.233333333333;;52;
57dbac75c199c;Primário;OM;SP;Apiaí;Apiaí - SP;1500;KHz;C;-24.491944444444;-48.765277777778;24S29 31;48W45 55;-24.491944444444;-48.765277777778;;55;
57dbac75c5b21;Primário;OM;SP;Araçatuba;Araçatuba - SP;1110;KHz;B;-21.19;-50.486666666667;21S11 24;50W29 12;-21.19;-50.486666666667;;57;
57dbac75ce70e;Primário;OM;SP;Araçatuba;Araçatuba - SP;1340;KHz;B;-21.2;-50.433333333333;21S11 60;50W25 60;-21.2;-50.433333333333;;63;
57dbac75d245f;Primário;OM;SP;Araçatuba;Araçatuba - SP;1540;KHz;B;-21.208888888889;-50.432777777778;21S12 32;50W25 58;-21.208888888889;-50.432777777778;;55;
57dbac75d4de7;Primário;OM;SP;Araraquara;Araraquara - SP;640;KHz;B;-21.766666666667;-48.15;21S46 00;48W08 60;-21.766666666667;-48.15;;110;
57dbac75d8e4d;Primário;OM;SP;Araraquara;Araraquara - SP;790;KHz;B;-21.82;-48.208888888889;21S49 12;48W12 32;-21.82;-48.208888888889;;105;
57dbac75dd12d;Primário;OM;SP;Araras;Araras - SP;1460;KHz;C;-22.35989;-47.34511;22S21 36;47W20 42;-22.35989;-47.34511;;70;Principal
57dbac75e1cef;Primário;OM;SP;Araras;Araras - SP;1500;KHz;B;-22.38861;-47.39861;22S23 19;47W23 55;-22.38861;-47.39861;;55;Principal
57dbac75e665b;Primário;OM;SP;Assis;Assis - SP;1020;KHz;B;-22.6775;-50.41222;22S40 39;50W24 44;-22.6775;-50.41222;;59;Principal
57dbac75ef7a3;Primário;OM;SP;Atibaia;Atibaia - SP;1480;KHz;C;-23.10233;-46.58631;23S06 08;46W35 11;-23.10233;-46.58631;;49;
57dbac7600142;Primário;OM;SP;Auriflama;Auriflama - SP;1550;KHz;C;-20.694444444444;-50.554722222222;20S41 40;50W33 17;-20.694444444444;-50.554722222222;;55;
57dbac7604443;Primário;OM;SP;Avaré;Avaré - SP;1570;KHz;C;-23.11806;-48.93556;23S07 05;48W56 08;-23.11806;-48.93556;;55;
57dbac7608887;Primário;OM;SP;Bariri;Bariri - SP;570;KHz;C;-22.084166666667;-48.742222222222;22S05 03;48W44 32;-22.084166666667;-48.742222222222;;83;
57dbac760d5a0;Primário;OM;SP;Bariri;Bariri - SP;740;KHz;C;-22.06508;-48.754;22S03 54;48W45 14;-22.06508;-48.754;;75;Principal
57dbac7611f48;Primário;OM;SP;Barra Bonita;Barra Bonita - SP;1030;KHz;C;-22.484166666667;-48.539722222222;22S29 03;48W32 23;-22.484166666667;-48.539722222222;;73;Principal
57dbac761610c;Primário;OM;SP;Barretos;Barretos - SP;1010;KHz;C;-20.5425;-48.540833333333;20S32 33;48W32 27;-20.5425;-48.540833333333;;63;
57dbac761a30e;Primário;OM;SP;Barretos;Barretos - SP;1070;KHz;C;-20.557222222222;-48.567777777778;20S33 26;48W34 04;-20.557222222222;-48.567777777778;;89;
57dbac76227f3;Primário;OM;SP;Bastos;Bastos - SP;1470;KHz;C;-21.928055555556;-50.725277777778;21S55 41;50W43 31;-21.928055555556;-50.725277777778;;55;
57dbac7626793;Primário;OM;SP;Batatais;Batatais - SP;1080;KHz;B;-20.915277777778;-47.579444444444;20S54 55;47W34 46;-20.915277777778;-47.579444444444;;59;
57dbac762b2b1;Primário;OM;SP;Bauru;Bauru - SP;710;KHz;B;-22.3175;-49.092777777778;22S19 03;49W05 34;-22.3175;-49.092777777778;;78;
57dbac762f40f;Primário;OM;SP;Bauru;Bauru - SP;760;KHz;B;-22.291666666667;-49.062777777778;22S17 30;49W03 46;-22.291666666667;-49.062777777778;;100;
57dbac76335c1;Primário;OM;SP;Bauru;Bauru - SP;1160;KHz;B;-22.321944444444;-49.070833333333;22S19 19;49W04 15;-22.321944444444;-49.070833333333;;84;
57dbac7637f27;Primário;OM;SP;Bebedouro;Bebedouro - SP;690;KHz;C;-20.941666666667;-48.462222222222;20S56 30;48W27 44;-20.941666666667;-48.462222222222;;76;
57dbac763c815;Primário;OM;SP;Bebedouro;Bebedouro - SP;1180;KHz;B;-20.936388888889;-48.488611111111;20S56 11;48W29 19;-20.936388888889;-48.488611111111;;58;
57dbac76408bf;Primário;OM;SP;Bilac;Bilac - SP;890;KHz;C;-21.383333333333;-50.45;21S22 60;50W27 00;-21.383333333333;-50.45;;70;
57dbac7648cb9;Primário;OM;SP;Birigui;Birigui - SP;850;KHz;B;-21.233055555556;-50.345555555556;21S13 59;50W20 44;-21.233055555556;-50.345555555556;;103;
57dbac764c9b1;Primário;OM;SP;Bocaina;Bocaina - SP;1550;KHz;C;-22.136111111111;-48.518055555556;22S08 10;48W31 05;-22.136111111111;-48.518055555556;;55;
57dbac764f2fb;Primário;OM;SP;Boituva;Boituva - SP;1480;KHz;C;-23.305555555556;-47.671944444444;23S18 20;47W40 19;-23.305555555556;-47.671944444444;;55;
57dbac7653391;Primário;OM;SP;Botucatu;Botucatu - SP;1240;KHz;B;-22.887222222222;-48.426944444444;22S53 14;48W25 37;-22.887222222222;-48.426944444444;;53;
57dbac765726b;Primário;OM;SP;Botucatu;Botucatu - SP;1290;KHz;B;-22.866666666667;-48.45;22S52 00;48W27 00;-22.866666666667;-48.45;;57;
57dbac7659ba6;Primário;OM;SP;Botucatu;Botucatu - SP;1540;KHz;B;-22.88708;-48.42714;22S53 13;48W25 38;-22.88708;-48.42714;;53;Principal
57dbac765dcc2;Primário;OM;SP;Bragança Paulista;Bragança Paulista - SP;1310;KHz;B;-22.928222222222;-46.543444444444;22S55 42;46W32 36;-22.928222222222;-46.543444444444;;57;
57dbac76620f1;Primário;OM;SP;Brotas;Brotas - SP;1180;KHz;C;-22.276111111111;-48.125;22S16 34;48W07 30;-22.276111111111;-48.125;;55;
57dbac7666193;Primário;OM;SP;Buritama;Buritama - SP;1520;KHz;C;-21.066666666667;-50.133333333333;21S04 00;50W07 60;-21.066666666667;-50.133333333333;;48;
57dbac766a148;Primário;OM;SP;Cabreúva;Cabreúva - SP;1590;KHz;C;-23.2475;-47.067202777778;23S14 51;47W04 02;-23.2475;-47.067202777778;;62;
57dbac766eba7;Primário;OM;SP;Caçapava;Caçapava - SP;1250;KHz;B;-23.079166666667;-45.71;23S04 45;45W42 36;-23.079166666667;-45.71;;82;
57dbac7673743;Primário;OM;SP;Cachoeira Paulista;Cachoeira Paulista - SP;1020;KHz;B;-22.647222222222;-45.079166666667;22S38 50;45W04 45;-22.647222222222;-45.079166666667;;63;
57dbac767762e;Primário;OM;SP;Cafelândia;Cafelândia - SP;1590;KHz;C;-21.8;-49.6;21S48 00;49W36 00;-21.8;-49.6;;55;
57dbac7679f1d;Primário;OM;SP;Cajuru;Cajuru - SP;1440;KHz;C;-21.275833333333;-47.3075;21S16 33;47W18 27;-21.275833333333;-47.3075;;48;Principal
57dbac767e1dc;Primário;OM;SP;Campinas;Campinas - SP;870;KHz;B;-22.957944444444;-47.081777777778;22S57 29;47W04 54;-22.957944444444;-47.081777777778;;85;Principal
57dbac768244e;Primário;OM;SP;Campinas;Campinas - SP;1170;KHz;B;-22.94778;-47.01806;22S56 52;47W01 05;-22.94778;-47.01806;;72;Principal
57dbac7686691;Primário;OM;SP;Campinas;Campinas - SP;1230;KHz;B;-22.991388888889;-47.086111111111;22S59 29;47W05 10;-22.991388888889;-47.086111111111;;70;
57dbac768a99b;Primário;OM;SP;Campinas;Campinas - SP;1390;KHz;B;-22.948333333333;-47.042777777778;22S56 54;47W02 34;-22.948333333333;-47.042777777778;;75;Principal
57dbac768f393;Primário;OM;SP;Campos do Jordão;Campos do Jordão - SP;1340;KHz;B;-22.759722222222;-45.61;22S45 35;45W36 36;-22.759722222222;-45.61;;51;
57dbac7693710;Primário;OM;SP;Cândido Mota;Cândido Mota - SP;1500;KHz;C;-22.75;-50.383333333333;22S45 00;50W22 60;-22.75;-50.383333333333;;55;
57dbac7696007;Primário;OM;SP;Capão Bonito;Capão Bonito - SP;1230;KHz;C;-24.009444444444;-48.33;24S00 34;48W19 48;-24.009444444444;-48.33;;75;
57dbac769a5b8;Primário;OM;SP;Capão Bonito;Capão Bonito - SP;1590;KHz;C;-24.005833333333;-48.349444444444;24S00 21;48W20 58;-24.005833333333;-48.349444444444;;55;
57dbac769d32a;Primário;OM;SP;Capivari;Capivari - SP;1550;KHz;C;-23.00072;-47.51175;23S00 03;47W30 42;-23.00072;-47.51175;;55;Principal
57dbac76a1cde;Primário;OM;SP;Caraguatatuba;Caraguatatuba - SP;670;KHz;C;-23.611666666667;-45.4125;23S36 42;45W24 45;-23.611666666667;-45.4125;;115;
57dbac76a5ec8;Primário;OM;SP;Cardoso;Cardoso - SP;1080;KHz;C;-20.074208333333;-49.920341666667;20S04 27;49W55 13;-20.074208333333;-49.920341666667;;56;
57dbac76a9cff;Primário;OM;SP;Casa Branca;Casa Branca - SP;720;KHz;C;-21.777833333333;-47.098777777778;21S46 40;47W05 56;-21.777833333333;-47.098777777778;;76;
57dbac76ada81;Primário;OM;SP;Catanduva;Catanduva - SP;610;KHz;C;-21.107222222222;-48.949444444444;21S06 26;48W56 58;-21.107222222222;-48.949444444444;;85;
57dbac76b192d;Primário;OM;SP;Catanduva;Catanduva - SP;680;KHz;C;-21.126666666667;-49.010277777778;21S07 36;49W00 37;-21.126666666667;-49.010277777778;;80;
57dbac76b54f3;Primário;OM;SP;Cerqueira César;Cerqueira César - SP;1490;KHz;C;-23.033333333333;-49.166666666667;23S01 60;49W10 00;-23.033333333333;-49.166666666667;;55;
57dbac76b7725;Primário;OM;SP;Colina;Colina - SP;1340;KHz;C;-20.716666666667;-48.55;20S43 00;48W32 60;-20.716666666667;-48.55;;56;
57dbac76b989a;Primário;OM;SP;Conchas;Conchas - SP;1580;KHz;C;-23.016666666667;-48;23S01 00;48W00 00;-23.016666666667;-48;;55;
57dbac76bbef0;Primário;OM;SP;Cotia;Cotia - SP;920;KHz;B;-23.60778;-46.82361;23S36 28;46W49 25;-23.60778;-46.82361;;102;
57dbac76c018f;Primário;OM;SP;Cruzeiro;Cruzeiro - SP;550;KHz;B;-22.556094444444;-44.932958333333;22S33 22;44W55 59;-22.556094444444;-44.932958333333;;75;
57dbac76c3f52;Primário;OM;SP;Cruzeiro;Cruzeiro - SP;720;KHz;C;-22.57216;-44.97383;22S34 20;44W58 26;-22.57216;-44.97383;;76;Principal
57dbac76c891b;Primário;OM;SP;Dois Córregos;Dois Córregos - SP;990;KHz;B;-22.37433;-48.38594;22S22 28;48W23 09;-22.37433;-48.38594;;70;Principal
57dbac76cc346;Primário;OM;SP;Dourado;Dourado - SP;1590;KHz;C;-22.1;-48.3175;22S06 00;48W19 03;-22.1;-48.3175;;55;
57dbac76cea7c;Primário;OM;SP;Dracena;Dracena - SP;1360;KHz;C;-21.483888888889;-51.523055555556;21S29 02;51W31 23;-21.483888888889;-51.523055555556;;54;
57dbac76d2873;Primário;OM;SP;Dracena;Dracena - SP;1490;KHz;C;-21.491111111111;-51.529722222222;21S29 28;51W31 47;-21.491111111111;-51.529722222222;;52;
57dbac76d62fb;Primário;OM;SP;Duartina;Duartina - SP;1560;KHz;C;-22.416666666667;-49.4;22S25 00;49W23 60;-22.416666666667;-49.4;;55;
57dbac76d8a4e;Primário;OM;SP;Espírito Santo do Pinhal;Espírito Santo do Pinhal - SP;1520;KHz;C;-22.199444444444;-46.779444444444;22S11 58;46W46 46;-22.199444444444;-46.779444444444;;51;
57dbac76e1264;Primário;OM;SP;Fernandópolis;Fernandópolis - SP;1160;KHz;B;-20.278888888889;-50.264166666667;20S16 44;50W15 51;-20.278888888889;-50.264166666667;;48;
57dbac76e9d1b;Primário;OM;SP;Fernandópolis;Fernandópolis - SP;1490;KHz;C;-20.2875;-50.26142;20S17 15;50W15 41;-20.2875;-50.26142;;49;Principal
57dbac76edebd;Primário;OM;SP;Franca;Franca - SP;920;KHz;B;-20.563333333333;-47.393333333333;20S33 48;47W23 36;-20.563333333333;-47.393333333333;;80;
57dbac76f206d;Primário;OM;SP;Franca;Franca - SP;970;KHz;B;-20.58278;-47.35278;20S34 58;47W21 10;-20.58278;-47.35278;;54;
57dbac77029b0;Primário;OM;SP;Franca;Franca - SP;1030;KHz;B;-20.495805555555;-47.401194444444;20S29 45;47W24 04;-20.495805555555;-47.401194444444;;55;Principal
57dbac77069a9;Primário;OM;SP;Franca;Franca - SP;1460;KHz;B;-20.538611111111;-47.400833333333;20S32 19;47W24 03;-20.538611111111;-47.400833333333;;55;
57dbac77092bc;Primário;OM;SP;Garça;Garça - SP;670;KHz;C;-22.229722222222;-49.624166666667;22S13 47;49W37 27;-22.229722222222;-49.624166666667;;61;
57dbac770ea00;Primário;OM;SP;Garça;Garça - SP;1060;KHz;B;-22.249166666667;-49.687222222222;22S14 57;49W41 14;-22.249166666667;-49.687222222222;;71;
57dbac7712d5e;Primário;OM;SP;Guaíra;Guaíra - SP;1470;KHz;C;-20.319444444444;-48.296666666667;20S19 10;48W17 48;-20.319444444444;-48.296666666667;;55;
57dbac772023f;Primário;OM;SP;Guaratinguetá;Guaratinguetá - SP;690;KHz;C;-22.8;-45.2;22S48 00;45W12 00;-22.8;-45.2;;78;
57dbac7724cff;Primário;OM;SP;Guarujá;Guarujá - SP;1550;KHz;B;-23.998466666667;-46.277383333333;23S59 54;46W16 39;-23.998466666667;-46.277383333333;;54;
57dbac77291d4;Primário;OM;SP;Guarulhos;Guarulhos - SP;1450;KHz;B;-23.437694444444;-46.543944444444;23S26 16;46W32 38;-23.437694444444;-46.543944444444;;60;Principal
57dbac772d636;Primário;OM;SP;Guarulhos;Guarulhos - SP;1500;KHz;C;-23.473333333333;-46.396111111111;23S28 24;46W23 46;-23.473333333333;-46.396111111111;;55;Principal
57dbac77316da;Primário;OM;SP;Ibaté;Ibaté - SP;1520;KHz;C;-21.966666666667;-47.983333333333;21S58 00;47W58 60;-21.966666666667;-47.983333333333;;55;
57dbac7733ffe;Primário;OM;SP;Ibitinga;Ibitinga - SP;1110;KHz;C;-21.774194444444;-48.835861111111;21S46 27;48W50 09;-21.774194444444;-48.835861111111;;87;
57dbac7738a33;Primário;OM;SP;Ibiúna;Ibiúna - SP;1350;KHz;B;-23.644166666667;-47.133055555556;23S38 39;47W07 59;-23.644166666667;-47.133055555556;;65;
57dbac773d320;Primário;OM;SP;Igaraçu do Tietê;Igaraçu do Tietê - SP;1340;KHz;C;-22.515;-48,54722;22S30 54;48W32 50;-22.515;-48,54722;;56;
57dbac7741409;Primário;OM;SP;Igarapava;Igarapava - SP;1560;KHz;C;-20.038333333333;-47.74;20S02 18;47W44 24;-20.038333333333;-47.74;;55;
57dbac774583c;Primário;OM;SP;Iguape;Iguape - SP;1490;KHz;C;-24.716666666667;-47.55;24S43 00;47W32 60;-24.716666666667;-47.55;;55;
57dbac77480c9;Primário;OM;SP;Indaiatuba;Indaiatuba - SP;1470;KHz;C;-23.198888888889;-47.318055555556;23S11 56;47W19 05;-23.198888888889;-47.318055555556;;55;
57dbac774c29c;Primário;OM;SP;Itaí;Itaí - SP;1440;KHz;C;-23.417777777778;-49.090555555556;23S25 04;49W05 26;-23.417777777778;-49.090555555556;;80;
57dbac774fced;Primário;OM;SP;Itajobi;Itajobi - SP;1530;KHz;C;-21.318055555556;-49.054444444444;21S19 05;49W03 16;-21.318055555556;-49.054444444444;;55;
57dbac77525fb;Primário;OM;SP;Itanhaém;Itanhaém - SP;1390;KHz;B;-24.186111111111;-46.781111111111;24S11 10;46W46 52;-24.186111111111;-46.781111111111;;59;
57dbac7756f99;Primário;OM;SP;Itapetininga;Itapetininga - SP;900;KHz;C;-23.566388888889;-48.031111111111;23S33 59;48W01 52;-23.566388888889;-48.031111111111;;72;
57dbac775bc73;Primário;OM;SP;Itapetininga;Itapetininga - SP;970;KHz;B;-23.598888888889;-48.035555555556;23S35 56;48W02 08;-23.598888888889;-48.035555555556;;71;
57dbac775fff5;Primário;OM;SP;Itapeva;Itapeva - SP;570;KHz;C;-23.958611111111;-48.893055555556;23S57 31;48W53 35;-23.958611111111;-48.893055555556;;110;
57dbac77645c5;Primário;OM;SP;Itapeva;Itapeva - SP;1520;KHz;C;-23.982222222222;-48.875555555556;23S58 56;48W52 32;-23.982222222222;-48.875555555556;;55;
57dbac7766ebe;Primário;OM;SP;Itapevi;Itapevi - SP;1370;KHz;A;-23.510833333333;-46.676111111111;23S30 39;46W40 34;-23.510833333333;-46.676111111111;;60;
57dbac776bad8;Primário;OM;SP;Itapira;Itapira - SP;930;KHz;C;-22.426111111111;-46.817222222222;22S25 34;46W49 02;-22.426111111111;-46.817222222222;;69;
57dbac7770365;Primário;OM;SP;Itápolis;Itápolis - SP;1310;KHz;B;-21.586666666667;-48.841111111111;21S35 12;48W50 28;-21.586666666667;-48.841111111111;;82;
57dbac7774b95;Primário;OM;SP;Itaporanga;Itaporanga - SP;1580;KHz;C;-23.670833333333;-49.505555555556;23S40 15;49W30 20;-23.670833333333;-49.505555555556;;55;
57dbac7778b09;Primário;OM;SP;Itararé;Itararé - SP;1550;KHz;C;-24.10607;-49.33203;24S06 22;49W19 55;-24.10607;-49.33203;;48;Principal
57dbac777cca0;Primário;OM;SP;Itatiba;Itatiba - SP;1420;KHz;B;-22.98306;-46.83278;22S58 59;46W49 58;-22.98306;-46.83278;;63;Principal
57dbac7781108;Primário;OM;SP;Itu;Itu - SP;670;KHz;C;-23.27611;-47.27306;23S16 34;47W16 23;-23.27611;-47.27306;;80;Principal
57dbac77851f2;Primário;OM;SP;Ituverava;Ituverava - SP;1450;KHz;B;-20.342916666667;-47.769555555555;20S20 35;47W46 10;-20.342916666667;-47.769555555555;;60;
57dbac7789b8b;Primário;OM;SP;Jaboticabal;Jaboticabal - SP;1210;KHz;B;-21.235555555556;-48.312222222222;21S14 08;48W18 44;-21.235555555556;-48.312222222222;;57;
57dbac778dd57;Primário;OM;SP;Jaboticabal;Jaboticabal - SP;1510;KHz;C;-21.275430555556;-48.353302777778;21S16 32;48W21 12;-21.275430555556;-48.353302777778;;55;
57dbac7791eb3;Primário;OM;SP;Jacareí;Jacareí - SP;1470;KHz;B;-23.2975;-45.99389;23S17 51;45W59 38;-23.2975;-45.99389;;51;Principal
57dbac7795ab3;Primário;OM;SP;Jacupiranga;Jacupiranga - SP;1580;KHz;C;-24.683333333333;-48;24S40 60;48W00 00;-24.683333333333;-48;;55;
57dbac779caa7;Primário;OM;SP;Jales;Jales - SP;1020;KHz;B;-20.25;-50.543333333333;20S15 00;50W32 36;-20.25;-50.543333333333;;73;
57dbac77a09fa;Primário;OM;SP;Jardinópolis;Jardinópolis - SP;1050;KHz;B;-21.058166666667;-47.820138888889;21S03 29;47W49 13;-21.058166666667;-47.820138888889;;91;
57dbac77a4c21;Primário;OM;SP;Jaú;Jaú - SP;820;KHz;C;-22.303055555556;-48.547777777778;22S18 11;48W32 52;-22.303055555556;-48.547777777778;;73;
57dbac77a8ccc;Primário;OM;SP;Jaú;Jaú - SP;1070;KHz;C;-22.26772;-48.53619;22S16 04;48W32 10;-22.26772;-48.53619;;74;Principal
57dbac77ad0ff;Primário;OM;SP;Jaú;Jaú - SP;1490;KHz;C;-22.283333333333;-48.55;22S16 60;48W32 60;-22.283333333333;-48.55;;55;
57dbac77af854;Primário;OM;SP;José Bonifácio;José Bonifácio - SP;1240;KHz;B;-21.045;-49.660833333333;21S02 42;49W39 39;-21.045;-49.660833333333;;55;
57dbac77b4012;Primário;OM;SP;Jundiaí;Jundiaí - SP;730;KHz;B;-23.16917;-46.9325;23S10 09;46W55 57;-23.16917;-46.9325;;76;Principal
57dbac77b816a;Primário;OM;SP;Jundiaí;Jundiaí - SP;810;KHz;B;-23.148055555556;-46.838055555556;23S08 53;46W50 17;-23.148055555556;-46.838055555556;;74;
57dbac77bc9a0;Primário;OM;SP;Junqueirópolis;Junqueirópolis - SP;1570;KHz;C;-21.51361;-51.44361;21S30 49;51W26 37;-21.51361;-51.44361;;48;
57dbac77c0708;Primário;OM;SP;Leme;Leme - SP;1540;KHz;C;-22.181666666667;-47.368611111111;22S10 54;47W22 07;-22.181666666667;-47.368611111111;;55;
57dbac77c4687;Primário;OM;SP;Lençóis Paulista;Lençóis Paulista - SP;1010;KHz;B;-22.597694444444;-48.81225;22S35 52;48W48 44;-22.597694444444;-48.81225;;73;
57dbac77c862e;Primário;OM;SP;Limeira;Limeira - SP;770;KHz;B;-22.628611111111;-47.425;22S37 43;47W25 30;-22.628611111111;-47.425;;117;
57dbac77ccd9f;Primário;OM;SP;Limeira;Limeira - SP;1020;KHz;B;-22.560833333333;-47.418888888889;22S33 39;47W25 08;-22.560833333333;-47.418888888889;;63;
57dbac77d158a;Primário;OM;SP;Lins;Lins - SP;1030;KHz;C;-21.661111111111;-49.765833333333;21S39 40;49W45 57;-21.661111111111;-49.765833333333;;63;
57dbac77d53d6;Primário;OM;SP;Lins;Lins - SP;1080;KHz;C;-21.673611111111;-49.756388888889;21S40 25;49W45 23;-21.673611111111;-49.756388888889;;55;
57dbac77d8fdd;Primário;OM;SP;Lorena;Lorena - SP;1460;KHz;C;-22.736333333333;-45.091972222222;22S44 11;45W05 31;-22.736333333333;-45.091972222222;;51;
57dbac77dcfd4;Primário;OM;SP;Lucélia;Lucélia - SP;1400;KHz;C;-21.718611111111;-51.009166666667;21S43 07;51W00 33;-21.718611111111;-51.009166666667;;54;
57dbac77e0a59;Primário;OM;SP;Macatuba;Macatuba - SP;1530;KHz;C;-22.5;-48.716666666667;22S30 00;48W43 00;-22.5;-48.716666666667;;55;
57dbac77e30f7;Primário;OM;SP;Marília;Marília - SP;730;KHz;B;-22.226388888889;-49.878333333333;22S13 35;49W52 42;-22.226388888889;-49.878333333333;;102;
57dbac77e732f;Primário;OM;SP;Marília;Marília - SP;1090;KHz;B;-22.22889;-49.92889;22S13 44;49W55 44;-22.22889;-49.92889;;72;Principal
57dbac77eb938;Primário;OM;SP;Martinópolis;Martinópolis - SP;1010;KHz;B;-22.135;-51.22167;22S08 06;51W13 18;-22.135;-51.22167;;90;Principal
57dbac78011ea;Primário;OM;SP;Mauá;Mauá - SP;1490;KHz;B;-23.633758333333;-46.498552777778;23S38 02;46W29 55;-23.633758333333;-46.498552777778;;65;
57dbac7805e96;Primário;OM;SP;Miguelópolis;Miguelópolis - SP;1500;KHz;C;-20.180555555556;-48.022222222222;20S10 50;48W01 20;-20.180555555556;-48.022222222222;;50;
57dbac7809dd9;Primário;OM;SP;Mirandópolis;Mirandópolis - SP;590;KHz;C;-21.175;-51.061111111111;21S10 30;51W03 40;-21.175;-51.061111111111;;120;
57dbac780dce5;Primário;OM;SP;Mirassol;Mirassol - SP;630;KHz;C;-20.836388888889;-49.479722222222;20S50 11;49W28 47;-20.836388888889;-49.479722222222;;75;
57dbac78166b9;Primário;OM;SP;Mogi Guaçu;Mogi Guaçu - SP;1380;KHz;C;-22.369166666667;-46.950555555556;22S22 09;46W57 02;-22.369166666667;-46.950555555556;;62;Principal
57dbac781a6b5;Primário;OM;SP;Mogi das Cruzes;Mogi das Cruzes - SP;1070;KHz;B;-23.5325;-46.223888888889;23S31 57;46W13 26;-23.5325;-46.223888888889;;56;
57dbac781e735;Primário;OM;SP;Mogi das Cruzes;Mogi das Cruzes - SP;1520;KHz;B;-23.5125;-46.1975;23S30 45;46W11 51;-23.5125;-46.1975;;67;Principal
57dbac7822d5d;Primário;OM;SP;Mogi Mirim;Mogi Mirim - SP;610;KHz;C;-22.459972222222;-46.976555555555;22S27 36;46W58 36;-22.459972222222;-46.976555555555;;85;Principal
57dbac7826be4;Primário;OM;SP;Mogi Mirim;Mogi Mirim - SP;1110;KHz;C;-22.45997;-46.97656;22S27 36;46W58 36;-22.45997;-46.97656;;85;Principal
57dbac782b347;Primário;OM;SP;Monte Alto;Monte Alto - SP;1090;KHz;B;-21.260472222222;-48.478472222222;21S15 38;48W28 42;-21.260472222222;-48.478472222222;;59;
57dbac782f301;Primário;OM;SP;Monte Aprazível;Monte Aprazível - SP;780;KHz;C;-20.726944444444;-49.704444444444;20S43 37;49W42 16;-20.726944444444;-49.704444444444;;79;
57dbac7833bd0;Primário;OM;SP;Monte Azul Paulista;Monte Azul Paulista - SP;910;KHz;C;-20.906944444444;-48.646666666667;20S54 25;48W38 48;-20.906944444444;-48.646666666667;;91;
57dbac783762c;Primário;OM;SP;Monte Mor;Monte Mor - SP;1340;KHz;C;-22.946666666667;-47.315833333333;22S56 48;47W18 57;-22.946666666667;-47.315833333333;;60;
57dbac7839de9;Primário;OM;SP;Morro Agudo;Morro Agudo - SP;1380;KHz;C;-20.733333333333;-48.066666666667;20S43 60;48W04 00;-20.733333333333;-48.066666666667;;56;
57dbac783dba6;Primário;OM;SP;Nhandeara;Nhandeara - SP;570;KHz;C;-20.689166666667;-50.050555555556;20S41 21;50W03 02;-20.689166666667;-50.050555555556;;105;
57dbac7841ed0;Primário;OM;SP;Nova Europa;Nova Europa - SP;1230;KHz;B;-21.778333333333;-48.560833333333;21S46 42;48W33 39;-21.778333333333;-48.560833333333;;62;
57dbac78446ac;Primário;OM;SP;Nova Odessa;Nova Odessa - SP;830;KHz;B;-22.818888888889;-47.328888888889;22S49 08;47W19 44;-22.818888888889;-47.328888888889;;96;
57dbac78487c0;Primário;OM;SP;Novo Horizonte;Novo Horizonte - SP;870;KHz;C;-21.476944444444;-49.203888888889;21S28 37;49W12 14;-21.476944444444;-49.203888888889;;65;
57dbac784c6f1;Primário;OM;SP;Olímpia;Olímpia - SP;720;KHz;C;-20.717777777778;-48.917222222222;20S43 04;48W55 02;-20.717777777778;-48.917222222222;;95;
57dbac78504e8;Primário;OM;SP;Olímpia;Olímpia - SP;1490;KHz;C;-20.725277777778;-48.898333333333;20S43 31;48W53 54;-20.725277777778;-48.898333333333;;48;
57dbac7854287;Primário;OM;SP;Orlândia;Orlândia - SP;1240;KHz;B;-20.742777777778;-47.870277777778;20S44 34;47W52 13;-20.742777777778;-47.870277777778;;57;
57dbac78581c6;Primário;OM;SP;Osasco;Osasco - SP;1330;KHz;B;-23.514166666667;-46.7725;23S30 51;46W46 21;-23.514166666667;-46.7725;;50;Principal
57dbac785cd6b;Primário;OM;SP;Osasco;Osasco - SP;1540;KHz;B;-23.519444444444;-46.791666666667;23S31 10;46W47 30;-23.519444444444;-46.791666666667;;51;
57dbac78614c3;Primário;OM;SP;Osvaldo Cruz;Osvaldo Cruz - SP;750;KHz;C;-21.783333333333;-50.866666666667;21S46 60;50W52 00;-21.783333333333;-50.866666666667;;76;
57dbac7865368;Primário;OM;SP;Ourinhos;Ourinhos - SP;720;KHz;C;-22.963055555556;-49.855833333333;22S57 47;49W51 21;-22.963055555556;-49.855833333333;;71;
57dbac7869333;Primário;OM;SP;Ourinhos;Ourinhos - SP;820;KHz;C;-22.9675;-49.890833333333;22S58 03;49W53 27;-22.9675;-49.890833333333;;73;
57dbac786cf62;Primário;OM;SP;Palmeira d Oeste;Palmeira d Oeste - SP;1200;KHz;B;-20.416666666667;-50.766666666667;20S25 00;50W46 00;-20.416666666667;-50.766666666667;;57;
57dbac786f74c;Primário;OM;SP;Palmital;Palmital - SP;580;KHz;C;-22.794444444444;-50.205555555556;22S47 40;50W12 20;-22.794444444444;-50.205555555556;;87;
57dbac787360a;Primário;OM;SP;Paraguaçu Paulista;Paraguaçu Paulista - SP;1190;KHz;B;-22.39688;-50.57129;22S23 49;50W34 17;-22.39688;-50.57129;;80;Principal
57dbac78776ff;Primário;OM;SP;Paraibuna;Paraibuna - SP;1580;KHz;C;-23.383333333333;-45.666666666667;23S22 60;45W40 00;-23.383333333333;-45.666666666667;;55;
57dbac787ae5e;Primário;OM;SP;Paranapuã;Paranapuã - SP;1540;KHz;C;-20.1;-50.6;20S06 00;50W36 00;-20.1;-50.6;;55;
57dbac787d067;Primário;OM;SP;Patrocínio Paulista;Patrocínio Paulista - SP;1300;KHz;C;-20.633333333333;-47.283333333333;20S37 60;47W16 60;-20.633333333333;-47.283333333333;;58;
57dbac787f777;Primário;OM;SP;Paulínia;Paulínia - SP;1090;KHz;C;-22.79844;-47.13978;22S47 54;47W08 23;-22.79844;-47.13978;;59;Principal
57dbac78830f1;Primário;OM;SP;Paulo de Faria;Paulo de Faria - SP;1560;KHz;C;-20.033333333333;-49.4;20S01 60;49W23 60;-20.033333333333;-49.4;;55;
57dbac7885834;Primário;OM;SP;Pederneiras;Pederneiras - SP;1380;KHz;C;-22.351111111111;-48.778333333333;22S21 04;48W46 42;-22.351111111111;-48.778333333333;;54;
57dbac7889c4f;Primário;OM;SP;Pedregulho;Pedregulho - SP;1540;KHz;C;-20.266666666667;-47.483333333333;20S16 00;47W28 60;-20.266666666667;-47.483333333333;;55;
57dbac788c36b;Primário;OM;SP;Pedreira;Pedreira - SP;1560;KHz;C;-22.733333333333;-46.883333333333;22S43 60;46W52 60;-22.733333333333;-46.883333333333;;55;
57dbac78903f3;Primário;OM;SP;Penápolis;Penápolis - SP;820;KHz;C;-21.219166666667;-50.024166666667;21S13 09;50W01 27;-21.219166666667;-50.024166666667;;73;
57dbac78948a9;Primário;OM;SP;Penápolis;Penápolis - SP;920;KHz;C;-21.4075;-50.071388888889;21S24 27;50W04 17;-21.4075;-50.071388888889;;80;
57dbac78991fe;Primário;OM;SP;Pereira Barreto;Pereira Barreto - SP;690;KHz;C;-20.653333333333;-51.123055555556;20S39 12;51W07 23;-20.653333333333;-51.123055555556;;96;
57dbac789d1b8;Primário;OM;SP;Peruíbe;Peruíbe - SP;1340;KHz;C;-24.316666666667;-47.016666666667;24S19 00;47W01 00;-24.316666666667;-47.016666666667;;56;
57dbac78a3d51;Primário;OM;SP;Piracicaba;Piracicaba - SP;650;KHz;B;-22.652222;-47.655556;22S39 08;47W39 20;-22.652222;-47.655556;;83;
57dbac78a7fa9;Primário;OM;SP;Piracicaba;Piracicaba - SP;910;KHz;B;-22.71025;-47.700972222222;22S42 37;47W42 03;-22.71025;-47.700972222222;;70;Principal
57dbac78ac30d;Primário;OM;SP;Piracicaba;Piracicaba - SP;1060;KHz;B;-22.70444;-47.66944;22S42 16;47W40 10;-22.70444;-47.66944;;57;Principal
57dbac78b0f5e;Primário;OM;SP;Piraju;Piraju - SP;610;KHz;C;-23.218611111111;-49.374444444444;23S13 07;49W22 28;-23.218611111111;-49.374444444444;;85;
57dbac78b5327;Primário;OM;SP;Piraju;Piraju - SP;680;KHz;B;-23.183333333333;-49.383333333333;23S10 60;49W22 60;-23.183333333333;-49.383333333333;;80;
57dbac78b9523;Primário;OM;SP;Pirajuí;Pirajuí - SP;1260;KHz;C;-22.00778;-49.42972;22S00 28;49W25 47;-22.00778;-49.42972;;70;
57dbac78bd6d2;Primário;OM;SP;Pirapozinho;Pirapozinho - SP;1540;KHz;C;-22.266666666667;-51.516666666667;22S16 00;51W31 00;-22.266666666667;-51.516666666667;;55;
57dbac78bfdb8;Primário;OM;SP;Pirassununga;Pirassununga - SP;1320;KHz;C;-22.011111111111;-47.441666666667;22S00 40;47W26 30;-22.011111111111;-47.441666666667;;50;
57dbac78c3eb4;Primário;OM;SP;Piratininga;Piratininga - SP;1480;KHz;C;-22.412777777778;-49.134722222222;22S24 46;49W08 05;-22.412777777778;-49.134722222222;;55;
57dbac78c65d2;Primário;OM;SP;Pompéia;Pompéia - SP;1540;KHz;C;-22.096388888889;-50.1725;22S05 47;50W10 21;-22.096388888889;-50.1725;;48;
57dbac78ca5f3;Primário;OM;SP;Porto Feliz;Porto Feliz - SP;1120;KHz;C;-23.214697222222;-47.495275;23S12 53;47W29 43;-23.214697222222;-47.495275;;51;
57dbac78ce48a;Primário;OM;SP;Porto Ferreira;Porto Ferreira - SP;1470;KHz;C;-21.85556;-47.46833;21S51 20;47W28 06;-21.85556;-47.46833;;55;Principal
57dbac78d2670;Primário;OM;SP;Presidente Bernardes;Presidente Bernardes - SP;1500;KHz;C;-22;-51.566666666667;22S00 00;51W34 00;-22;-51.566666666667;;50;
57dbac78d4dc9;Primário;OM;SP;Presidente Epitácio;Presidente Epitácio - SP;1560;KHz;C;-21.757777777778;-52.093055555556;21S45 28;52W05 35;-21.757777777778;-52.093055555556;;55;
57dbac78d935f;Primário;OM;SP;Presidente Prudente;Presidente Prudente - SP;630;KHz;B;-22.106944444444;-51.401666666667;22S06 25;51W24 06;-22.106944444444;-51.401666666667;;119;
57dbac78dd50f;Primário;OM;SP;Presidente Prudente;Presidente Prudente - SP;900;KHz;B;-22.07056;-51.40972;22S04 14;51W24 35;-22.07056;-51.40972;;106;
57dbac78e1c81;Primário;OM;SP;Presidente Prudente;Presidente Prudente - SP;1070;KHz;B;-22.091388888889;-51.383333333333;22S05 29;51W22 60;-22.091388888889;-51.383333333333;;82;Principal
57dbac78e5b1e;Primário;OM;SP;Presidente Prudente;Presidente Prudente - SP;1380;KHz;B;-22.13647;-51.40922;22S08 11;51W24 33;-22.13647;-51.40922;;56;Principal
57dbac78ea24c;Primário;OM;SP;Presidente Prudente;Presidente Prudente - SP;1440;KHz;B;-22.13222;-51.41639;22S07 56;51W24 59;-22.13222;-51.41639;;56;Principal
57dbac78ee5a5;Primário;OM;SP;Presidente Venceslau;Presidente Venceslau - SP;610;KHz;C;-21.863055555556;-51.844166666667;21S51 47;51W50 39;-21.863055555556;-51.844166666667;;133;
57dbac78f2d8d;Primário;OM;SP;Promissão;Promissão - SP;1390;KHz;C;-21.533333333333;-49.866666666667;21S31 60;49W52 00;-21.533333333333;-49.866666666667;;51;
57dbac790315e;Primário;OM;SP;Rancharia;Rancharia - SP;1230;KHz;B;-22.246388888889;-50.888055555556;22S14 47;50W53 17;-22.246388888889;-50.888055555556;;57;
57dbac7907565;Primário;OM;SP;Regente Feijó;Regente Feijó - SP;1330;KHz;B;-22.192777777778;-51.333055555556;22S11 34;51W19 59;-22.192777777778;-51.333055555556;;56;
57dbac790c253;Primário;OM;SP;Registro;Registro - SP;750;KHz;B;-24.510277777778;-47.850555555556;24S30 37;47W51 02;-24.510277777778;-47.850555555556;;108;
57dbac79110fe;Primário;OM;SP;Registro;Registro - SP;1140;KHz;C;-24.483055555556;-47.83;24S28 59;47W49 48;-24.483055555556;-47.83;;55;
57dbac7915e6e;Primário;OM;SP;Ribeirão Preto;Ribeirão Preto - SP;590;KHz;B;-21.19833;-47.85611;21S11 54;47W51 22;-21.19833;-47.85611;;100;Principal
57dbac791bc69;Primário;OM;SP;Ribeirão Preto;Ribeirão Preto - SP;660;KHz;B;-21.14428;-47.86408;21S08 39;47W51 51;-21.14428;-47.86408;;119;Principal
57dbac791fef5;Primário;OM;SP;Ribeirão Preto;Ribeirão Preto - SP;750;KHz;B;-21.21267;-47.77308;21S12 46;47W46 23;-21.21267;-47.77308;;94;
57dbac7924ce0;Primário;OM;SP;Ribeirão Preto;Ribeirão Preto - SP;1270;KHz;B;-21.140278;-47.860556;21S08 25;47W51 38;-21.140278;-47.860556;;119;
57dbac79295a6;Primário;OM;SP;Ribeirão Preto;Ribeirão Preto - SP;1330;KHz;B;-21.112;-47.81039;21S06 43;47W48 37;-21.112;-47.81039;;99;Principal
57dbac792d8f3;Primário;OM;SP;Ribeirão Preto;Ribeirão Preto - SP;1420;KHz;C;-21.183333333333;-47.816666666667;21S10 60;47W49 00;-21.183333333333;-47.816666666667;;56;
57dbac793149b;Primário;OM;SP;Rinópolis;Rinópolis - SP;1510;KHz;C;-21.716666666667;-50.733333333333;21S43 00;50W43 60;-21.716666666667;-50.733333333333;;55;
57dbac79350c0;Primário;OM;SP;Rio Claro;Rio Claro - SP;850;KHz;B;-22.44164;-47.55758;22S26 30;47W33 27;-22.44164;-47.55758;;73;Principal
57dbac7939635;Primário;OM;SP;Rio Claro;Rio Claro - SP;1140;KHz;C;-22.44164;-47.55758;22S26 30;47W33 27;-22.44164;-47.55758;;73;Principal
57dbac79425bf;Primário;OM;SP;Salto;Salto - SP;1510;KHz;C;-23.212111111111;-47.270305555556;23S12 44;47W16 13;-23.212111111111;-47.270305555556;;62;
57dbac7946189;Primário;OM;SP;Santa Albertina;Santa Albertina - SP;1140;KHz;C;-20.033333333333;-50.733333333333;20S01 60;50W43 60;-20.033333333333;-50.733333333333;;55;
57dbac794890c;Primário;OM;SP;"Santa Bárbara d'Oeste";"Santa Bárbara d'Oeste - SP";690;KHz;C;-22.73925;-47.45156;22S44 21;47W27 06;-22.73925;-47.45156;;108;
57dbac794c6dc;Primário;OM;SP;"Santa Bárbara d'Oeste";"Santa Bárbara d'Oeste - SP";1360;KHz;C;-22.78061;-47.4065;22S46 50;47W24 23;-22.78061;-47.4065;;75;Principal
57dbac79505d0;Primário;OM;SP;Santa Cruz das Palmeiras;Santa Cruz das Palmeiras - SP;1190;KHz;B;-21.8;-47.266666666667;21S48 00;47W16 00;-21.8;-47.266666666667;;59;
57dbac79545c4;Primário;OM;SP;Santa Cruz do Rio Pardo;Santa Cruz do Rio Pardo - SP;1180;KHz;B;-22.910277777778;-49.631944444444;22S54 37;49W37 55;-22.910277777778;-49.631944444444;;64;
57dbac795851d;Primário;OM;SP;Santa Fé do Sul;Santa Fé do Sul - SP;930;KHz;C;-20.217222222222;-50.95;20S13 02;50W57 00;-20.217222222222;-50.95;;69;
57dbac795c420;Primário;OM;SP;Santa Isabel;Santa Isabel - SP;560;KHz;B;-23.48898;-46.33265;23S29 20;46W19 58;-23.48898;-46.33265;;152;Principal
57dbac7960caf;Primário;OM;SP;Santa Isabel;Santa Isabel - SP;660;KHz;B;-23.433333333333;-46.416666666667;23S25 60;46W25 00;-23.433333333333;-46.416666666667;;103;
57dbac796551a;Primário;OM;SP;Santa Rita do Passa Quatro;Santa Rita do Passa Quatro - SP;1570;KHz;C;-21.695;-47.496944444444;21S41 42;47W29 49;-21.695;-47.496944444444;;48;Principal
57dbac796a677;Primário;OM;SP;Santo Anastácio;Santo Anastácio - SP;1300;KHz;B;-21.970555555556;-51.640555555556;21S58 14;51W38 26;-21.970555555556;-51.640555555556;;102;
57dbac796f167;Primário;OM;SP;Santo André;Santo André - SP;740;KHz;B;-23.42694;-46.59528;23S25 37;46W35 43;-23.42694;-46.59528;0;110;
57dbac79737c2;Primário;OM;SP;Santo André;Santo André - SP;1570;KHz;B;-23.644444444444;-46.515833333333;23S38 40;46W30 57;-23.644444444444;-46.515833333333;;60;Principal
57dbac797791c;Primário;OM;SP;Santos;Santos - SP;590;KHz;B;-23.949722222222;-46.269722222222;23S56 59;46W16 11;-23.949722222222;-46.269722222222;;105;
57dbac797c687;Primário;OM;SP;Santos;Santos - SP;650;KHz;B;-24.00325;-46.519083333333;24S00 12;46W31 09;-24.00325;-46.519083333333;;120;Principal
57dbac798088a;Primário;OM;SP;Santos;Santos - SP;810;KHz;C;-23.9125;-46.417777777778;23S54 45;46W25 04;-23.9125;-46.417777777778;;105;Principal
57dbac7984c8a;Primário;OM;SP;Santos;Santos - SP;1240;KHz;B;-23.923333333333;-46.458333333333;23S55 24;46W27 30;-23.923333333333;-46.458333333333;;75;
57dbac7989306;Primário;OM;SP;Santos;Santos - SP;1510;KHz;B;-23.904722222222;-46.284166666667;23S54 17;46W17 03;-23.904722222222;-46.284166666667;;50;
57dbac798d829;Primário;OM;SP;São Bernardo do Campo;São Bernardo do Campo - SP;1300;KHz;A;-23.606666666667;-46.436388888889;23S36 24;46W26 11;-23.606666666667;-46.436388888889;;105;
57dbac7992238;Primário;OM;SP;São Caetano do Sul;São Caetano do Sul - SP;1150;KHz;A;-23.514166666667;-46.594166666667;23S30 51;46W35 39;-23.514166666667;-46.594166666667;;69;
57dbac7996b84;Primário;OM;SP;São Carlos;São Carlos - SP;1300;KHz;B;-21.995;-47.931944444444;21S59 42;47W55 55;-21.995;-47.931944444444;;59;
57dbac799b7ba;Primário;OM;SP;São Carlos;São Carlos - SP;1400;KHz;B;-22.033333333333;-47.9;22S01 60;47W53 60;-22.033333333333;-47.9;;59;
57dbac799fce6;Primário;OM;SP;São Carlos;São Carlos - SP;1450;KHz;C;-22.033333333333;-47.9;22S01 60;47W53 60;-22.033333333333;-47.9;;55;
57dbac79a475f;Primário;OM;SP;São João da Boa Vista;São João da Boa Vista - SP;970;KHz;C;-22.00275;-46.80019;22S00 10;46W48 01;-22.00275;-46.80019;;63;Principal
57dbac79a901d;Primário;OM;SP;São Joaquim da Barra;São Joaquim da Barra - SP;1550;KHz;C;-20.58;-47.869166666667;20S34 48;47W52 09;-20.58;-47.869166666667;;55;
57dbac79ad047;Primário;OM;SP;São José do Rio Pardo;São José do Rio Pardo - SP;1290;KHz;B;-21.611944444444;-46.902222222222;21S36 43;46W54 08;-21.611944444444;-46.902222222222;;60;
57dbac79b1a9f;Primário;OM;SP;São José do Rio Preto;São José do Rio Preto - SP;810;KHz;B;-20.83406;-49.32697;20S50 03;49W19 37;-20.83406;-49.32697;;105;Principal
57dbac79b60ee;Primário;OM;SP;São José do Rio Preto;São José do Rio Preto - SP;900;KHz;B;-20.845277777778;-49.345;20S50 43;49W20 42;-20.845277777778;-49.345;;72;
57dbac79ba8b4;Primário;OM;SP;São José do Rio Preto;São José do Rio Preto - SP;1290;KHz;B;-20.851458333333;-49.329052777778;20S51 05;49W19 45;-20.851458333333;-49.329052777778;;82;
57dbac79bee59;Primário;OM;SP;São José do Rio Preto;São José do Rio Preto - SP;1400;KHz;B;-20.856111111111;-49.352222222222;20S51 22;49W21 08;-20.856111111111;-49.352222222222;;56;
57dbac79c36eb;Primário;OM;SP;São José do Rio Preto;São José do Rio Preto - SP;1450;KHz;B;-20.819722222222;-49.379444444444;20S49 11;49W22 46;-20.819722222222;-49.379444444444;;55;
57dbac79c61a0;Primário;OM;SP;São José dos Campos;São José dos Campos - SP;750;KHz;B;-23.230555555556;-45.908333333333;23S13 50;45W54 30;-23.230555555556;-45.908333333333;;76;Principal
57dbac79cad2e;Primário;OM;SP;São José dos Campos;São José dos Campos - SP;1120;KHz;B;-23.19167;-45.86111;23S11 30;45W51 40;-23.19167;-45.86111;;60;Principal
57dbac79cf0ed;Primário;OM;SP;São José dos Campos;São José dos Campos - SP;1290;KHz;C;-23.187777777778;-45.911111111111;23S11 16;45W54 40;-23.187777777778;-45.911111111111;;72;
57dbac79d3651;Primário;OM;SP;São Luís do Paraitinga;São Luís do Paraitinga - SP;1530;KHz;C;-23.233333333333;-45.316666666667;23S13 60;45W19 00;-23.233333333333;-45.316666666667;;55;
57dbac79d5f27;Primário;OM;SP;São Manuel;São Manuel - SP;1420;KHz;C;-22.748333333333;-48.556666666667;22S44 54;48W33 24;-22.748333333333;-48.556666666667;;48;
57dbac79dded7;Primário;OM;SP;São Miguel Arcanjo;São Miguel Arcanjo - SP;1460;KHz;C;-23.883333333333;-47.983333333333;23S52 60;47W58 60;-23.883333333333;-47.983333333333;;57;
57dbac79e0adf;Primário;OM;SP;São Paulo;São Paulo - SP;620;KHz;B;-23.70289;-46.66089;23S42 10;46W39 39;-23.70289;-46.66089;;120;Principal
57dbac79e50f3;Primário;OM;SP;São Paulo;São Paulo - SP;700;KHz;B;-23.64583;-46.57722;23S38 45;46W34 38;-23.64583;-46.57722;;120;Principal
57dbac79e9792;Primário;OM;SP;São Paulo;São Paulo - SP;1410;KHz;B;-23.605833333333;-46.538888888889;23S36 21;46W32 20;-23.605833333333;-46.538888888889;;60;
57dbac79ee4ba;Primário;OM;SP;São Paulo;São Paulo - SP;840;KHz;B;-23.67695;-46.715;23S40 37;46W42 54;-23.67695;-46.715;;95;
57dbac79f31a1;Primário;OM;SP;São Paulo;São Paulo - SP;890;KHz;B;-23.669444444444;-46.75;23S40 10;46W45 00;-23.669444444444;-46.75;;94;
57dbac7a03352;Primário;OM;SP;São Paulo;São Paulo - SP;960;KHz;B;-23.64583;-46.6;23S38 45;46W36 00;-23.64583;-46.6;;80;
57dbac7a0791c;Primário;OM;SP;São Paulo;São Paulo - SP;1000;KHz;A;-23.68428;-46.74244;23S41 03;46W44 33;-23.68428;-46.74244;;152;Principal
57dbac7a0c0f9;Primário;OM;SP;São Paulo;São Paulo - SP;1040;KHz;A;-23.73381;-46.62569;23S44 02;46W37 32;-23.73381;-46.62569;;144;Principal
57dbac7a10d7b;Primário;OM;SP;São Paulo;São Paulo - SP;1100;KHz;A;-23.603333333333;-46.54;23S36 12;46W32 24;-23.603333333333;-46.54;;122;
57dbac7a15dd1;Primário;OM;SP;São Paulo;São Paulo - SP;1200;KHz;B;-23.67694;-46.715;23S40 37;46W42 54;-23.67694;-46.715;;95;Principal
57dbac7a1ac52;Primário;OM;SP;São Paulo;São Paulo - SP;1260;KHz;B;-23.69472;-46.77083;23S41 41;46W46 15;-23.69472;-46.77083;;62;Principal
57dbac7a1f9ad;Primário;OM;SP;São Paulo;São Paulo - SP;780;KHz;B;-23.70806;-46.74229;23S42 29;46W44 32;-23.70806;-46.74229;;94;Principal
57dbac7a245c7;Primário;OM;SP;São Paulo;São Paulo - SP;1600;KHz;B;-23.501388888889;-46.691944444444;23S30 05;46W41 31;-23.501388888889;-46.691944444444;;81;
57dbac7a287f4;Primário;OM;SP;São Roque;São Roque - SP;1430;KHz;B;-23.538361111111;-47.067111111111;23S32 18;47W04 02;-23.538361111111;-47.067111111111;;64;Principal
57dbac7a2cc23;Primário;OM;SP;São Vicente;São Vicente - SP;930;KHz;B;-23.947222222222;-46.399444444444;23S56 50;46W23 58;-23.947222222222;-46.399444444444;;72;
57dbac7a31930;Primário;OM;SP;Serra Negra;Serra Negra - SP;1430;KHz;C;-22.612444444444;-46.68975;22S36 45;46W41 23;-22.612444444444;-46.68975;;48;
57dbac7a35b97;Primário;OM;SP;Sertãozinho;Sertãozinho - SP;550;KHz;B;-21.082222222222;-47.912222222222;21S04 56;47W54 44;-21.082222222222;-47.912222222222;;88;
57dbac7a3a9c4;Primário;OM;SP;Sertãozinho;Sertãozinho - SP;1540;KHz;C;-21.0825;-47.91028;21S04 57;47W54 37;-21.0825;-47.91028;;55;Principal
57dbac7a3edd5;Primário;OM;SP;Socorro;Socorro - SP;1570;KHz;C;-22.580555555556;-46.532222222222;22S34 50;46W31 56;-22.580555555556;-46.532222222222;;51;
57dbac7a430f8;Primário;OM;SP;Sorocaba;Sorocaba - SP;1080;KHz;B;-23.53489;-47.47975;23S32 06;47W28 47;-23.53489;-47.47975;;85;Principal
57dbac7a476b3;Primário;OM;SP;Sorocaba;Sorocaba - SP;1210;KHz;B;-23.5;-47.433333333333;23S30 00;47W25 60;-23.5;-47.433333333333;;57;
57dbac7a4b943;Primário;OM;SP;Sumaré;Sumaré - SP;540;KHz;C;-22.82493;-47.25896;22S49 30;47W15 32;-22.82493;-47.25896;;78;Principal
57dbac7a4fcd0;Primário;OM;SP;Tambaú;Tambaú - SP;1550;KHz;C;-21.701388888889;-47.283888888889;21S42 05;47W17 02;-21.701388888889;-47.283888888889;;52;
57dbac7a5481f;Primário;OM;SP;Tanabi;Tanabi - SP;1570;KHz;C;-20.634166666667;-49.662222222222;20S38 03;49W39 44;-20.634166666667;-49.662222222222;;48;
57dbac7a589b9;Primário;OM;SP;Taquaritinga;Taquaritinga - SP;1120;KHz;B;-21.38556;-48.50583;21S23 08;48W30 21;-21.38556;-48.50583;;58;Principal
57dbac7a5cbd2;Primário;OM;SP;Taquarituba;Taquarituba - SP;1190;KHz;C;-23.525277777778;-49.245833333333;23S31 31;49W14 45;-23.525277777778;-49.245833333333;;55;
57dbac7a60df1;Primário;OM;SP;Tatuí;Tatuí - SP;1530;KHz;C;-23.3425;-47.864166666667;23S20 33;47W51 51;-23.3425;-47.864166666667;;55;
57dbac7a64f3c;Primário;OM;SP;Taubaté;Taubaté - SP;570;KHz;B;-23.03028;-45.68194;23S01 49;45W40 55;-23.03028;-45.68194;;118;
57dbac7a69173;Primário;OM;SP;Taubaté;Taubaté - SP;790;KHz;B;-23.002222222222;-45.651944444444;23S00 08;45W39 07;-23.002222222222;-45.651944444444;;130;Principal
57dbac7a6db61;Primário;OM;SP;Taubaté;Taubaté - SP;1160;KHz;B;-22.994444444444;-45.571111111111;22S59 40;45W34 16;-22.994444444444;-45.571111111111;;58;Principal
57dbac7a7292c;Primário;OM;SP;Teodoro Sampaio;Teodoro Sampaio - SP;1530;KHz;C;-22.4875;-52.175;22S29 15;52W10 30;-22.4875;-52.175;;48;
57dbac7a7722d;Primário;OM;SP;Tupã;Tupã - SP;1130;KHz;B;-21.933333333333;-50.516666666667;21S55 60;50W31 00;-21.933333333333;-50.516666666667;;58;
57dbac7a7b342;Primário;OM;SP;Tupã;Tupã - SP;1320;KHz;C;-21.926111111111;-50.5075;21S55 34;50W30 27;-21.926111111111;-50.5075;;52;
57dbac7a7f8b0;Primário;OM;SP;Tupã;Tupã - SP;1580;KHz;C;-21.934722222222;-50.513611111111;21S56 05;50W30 49;-21.934722222222;-50.513611111111;;55;
57dbac7a821bb;Primário;OM;SP;Tupi Paulista;Tupi Paulista - SP;1530;KHz;C;-21.435;-51.539444444444;21S26 06;51W32 22;-21.435;-51.539444444444;;54;
57dbac7a8623f;Primário;OM;SP;Ubatuba;Ubatuba - SP;1140;KHz;B;-23.46302;-45.05295;23S27 47;45W03 11;-23.46302;-45.05295;;67;Principal
57dbac7a8a004;Primário;OM;SP;Urânia;Urânia - SP;1590;KHz;C;-20.216666666667;-50.683333333333;20S13 00;50W40 60;-20.216666666667;-50.683333333333;;55;
57dbac7a8c379;Primário;OM;SP;Urupês;Urupês - SP;1460;KHz;C;-21.216666666667;-49.266666666667;21S13 00;49W16 00;-21.216666666667;-49.266666666667;;55;
57dbac7a8ebe1;Primário;OM;SP;Valinhos;Valinhos - SP;1270;KHz;B;-22.947777777778;-47.018055555556;22S56 52;47W01 05;-22.947777777778;-47.018055555556;;75;
57dbac7a96ef8;Primário;OM;SP;Vargem Grande do Sul;Vargem Grande do Sul - SP;1490;KHz;C;-21.86875;-46.87706;21S52 07;46W52 37;-21.86875;-46.87706;;48;Principal
57dbac7a9b8b3;Primário;OM;SP;Vera Cruz;Vera Cruz - SP;950;KHz;B;-22.217222222222;-49.862777777778;22S13 02;49W51 46;-22.217222222222;-49.862777777778;;69;
57dbac7a9fbd4;Primário;OM;SP;Viradouro;Viradouro - SP;1520;KHz;C;-20.866666666667;-48.3;20S52 00;48W17 60;-20.866666666667;-48.3;;55;
57dbac7aa3c50;Primário;OM;SP;Votorantim;Votorantim - SP;1160;KHz;B;-23.539097222222;-47.447366666667;23S32 21;47W26 51;-23.539097222222;-47.447366666667;;58;
57dbac7aa86db;Primário;OM;SP;Votorantim;Votorantim - SP;1520;KHz;C;-23.539166666667;-47.422222222222;23S32 21;47W25 20;-23.539166666667;-47.422222222222;;55;
57dbac7aac9d7;Primário;OM;SP;Votuporanga;Votuporanga - SP;830;KHz;B;-20.385555555556;-49.854722222222;20S23 08;49W51 17;-20.385555555556;-49.854722222222;;103;
57dbac7ab073c;Primário;OM;SP;Votuporanga;Votuporanga - SP;1060;KHz;B;-20.416666666667;-49.833333333333;20S25 00;49W49 60;-20.416666666667;-49.833333333333;;91;
57dbac7ab30ef;Primário;OM;SP;Votuporanga;Votuporanga - SP;1190;KHz;B;-20.433911111111;-49.949038888889;20S26 02;49W56 57;-20.433911111111;-49.949038888889;;70;
57dbac7ab737c;Primário;OM;TO;Araguaína;Araguaína - TO;870;KHz;C;-7.2;-48.2;7S12 00;48W12 00;-7.2;-48.2;;69;
57dbac7abb6e2;Primário;OM;TO;Araguaína;Araguaína - TO;1080;KHz;C;-7.191111111111;-48.207222222222;7S11 28;48W12 26;-7.191111111111;-48.207222222222;;75;
57dbac7abda5b;Primário;OM;TO;Araguaína;Araguaína - TO;1180;KHz;C;-7.2;-48.2;7S12 00;48W12 00;-7.2;-48.2;;57;
57dbac7ac0290;Primário;OM;TO;Araguatins;Araguatins - TO;930;KHz;C;-5.6333333333333;-48.133333333333;5S37 60;48W07 60;-5.6333333333333;-48.133333333333;;69;
57dbac7ac4513;Primário;OM;TO;Arraias;Arraias - TO;1460;KHz;C;-12.933333333333;-46.933333333333;12S55 60;46W55 60;-12.933333333333;-46.933333333333;;55;
57dbac7ac6d3c;Primário;OM;TO;Colinas do Tocantins;Colinas do Tocantins - TO;780;KHz;B;-8.0591666666667;-48.475;8S03 33;48W28 30;-8.0591666666667;-48.475;;96;
57dbac7ac969b;Primário;OM;TO;Colinas do Tocantins;Colinas do Tocantins - TO;1030;KHz;C;-8.05;-48.516666666667;8S03 00;48W31 00;-8.05;-48.516666666667;;63;
57dbac7acde88;Primário;OM;TO;Cristalândia;Cristalândia - TO;1520;KHz;C;-10.593888888889;-49.191388888889;10S35 38;49W11 29;-10.593888888889;-49.191388888889;;55;
57dbac7ad1bb4;Primário;OM;TO;Cristalândia;Cristalândia - TO;1470;KHz;C;-10.600277777778;-49.193055555556;10S36 01;49W11 35;-10.600277777778;-49.193055555556;;55;
57dbac7ad4456;Primário;OM;TO;Dianópolis;Dianópolis - TO;1570;KHz;C;-11.62306;-46.80194;11S37 23;46W48 07;-11.62306;-46.80194;;55;Principal
57dbac7ad850a;Primário;OM;TO;Goiatins;Goiatins - TO;640;KHz;C;-7.71;-47.314166666667;7S42 36;47W18 51;-7.71;-47.314166666667;;117;
57dbac7adb3ea;Primário;OM;TO;Guaraí;Guaraí - TO;1170;KHz;C;-8.82139;-48.50833;8S49 17;48W30 30;-8.82139;-48.50833;;58;Principal
57dbac7ade14f;Primário;OM;TO;Guaraí;Guaraí - TO;1400;KHz;C;-8.8358333333333;-48.512777777778;8S50 09;48W30 46;-8.8358333333333;-48.512777777778;;79;
57dbac7ae191c;Primário;OM;TO;Gurupi;Gurupi - TO;1480;KHz;C;-11.716666666667;-49.05;11S43 00;49W02 60;-11.716666666667;-49.05;;55;
57dbac7ae4057;Primário;OM;TO;Gurupi;Gurupi - TO;1570;KHz;C;-11.716666666667;-49.05;11S43 00;49W02 60;-11.716666666667;-49.05;;55;
57dbac7ae7f9e;Primário;OM;TO;Miracema do Tocantins;Miracema do Tocantins - TO;730;KHz;C;-9.5672222222222;-48.391666666667;9S34 02;48W23 30;-9.5672222222222;-48.391666666667;;76;
57dbac7aeaaf5;Primário;OM;TO;Miracema do Tocantins;Miracema do Tocantins - TO;1480;KHz;C;-9.56654;-48.38947;9S33 60;48W23 22;-9.56654;-48.38947;;55;Principal
57dbac7aee7a1;Primário;OM;TO;Natividade;Natividade - TO;1510;KHz;C;-11.65;-47.8;11S39 00;47W47 60;-11.65;-47.8;;55;
57dbac7af1345;Primário;OM;TO;Palmas;Palmas - TO;690;KHz;B;-10.158055555556;-48.310833333333;10S09 29;48W18 39;-10.158055555556;-48.310833333333;;104;
57dbac7b00d3e;Primário;OM;TO;Palmas;Palmas - TO;960;KHz;B;-10.151308333333;-48.321833333333;10S09 05;48W19 19;-10.151308333333;-48.321833333333;;75;
57dbac7b04a58;Primário;OM;TO;Paraíso do Tocantins;Paraíso do Tocantins - TO;670;KHz;C;-10.166666666667;-48.9;10S10 00;48W53 60;-10.166666666667;-48.9;;80;
57dbac7b08a0b;Primário;OM;TO;Pedro Afonso;Pedro Afonso - TO;1450;KHz;C;-8.9666666666667;-48.183333333333;8S58 00;48W10 60;-8.9666666666667;-48.183333333333;;55;
57dbac7b0edb0;Primário;OM;TO;Porto Nacional;Porto Nacional - TO;810;KHz;C;-10.7;-48.416666666667;10S41 60;48W25 00;-10.7;-48.416666666667;;74;
57dbac7b10fa1;Primário;OM;TO;São Sebastião do Tocantins;São Sebastião do Tocantins - TO;1400;KHz;C;-5.2666666666667;-48.2;5S16 00;48W12 00;-5.2666666666667;-48.2;;56;
57dbac7b13ab8;Primário;OM;TO;Tocantinópolis;Tocantinópolis - TO;750;KHz;C;-6.3222222222222;-47.433611111111;6S19 20;47W26 01;-6.3222222222222;-47.433611111111;;63;
57dbac7b18abd;Primário;OM;PR;Terra Roxa;Terra Roxa - PR;1400;KHz;C;-24.157222222222;-54.073888888889;24S09 26;54W04 26;-24.157222222222;-54.073888888889;;55;
57dbac7b1d615;Primário;OM;RS;Não-Me-Toque;Não-Me-Toque - RS;1440;KHz;B;-28.436111111111;-52.808333333333;28S26 10;52W48 30;-28.436111111111;-52.808333333333;;56;
57dbac7b21ac3;Primário;OM;RS;Frederico Westphalen;Frederico Westphalen - RS;1420;KHz;B;-27.359166666667;-53.394444444444;27S21 33;53W23 40;-27.359166666667;-53.394444444444;;53;
57dbac7b24139;Primário;OM;SP;Araraquara;Araraquara - SP;1560;KHz;C;-21.794444444444;-48.175555555556;21S47 40;48W10 32;-21.794444444444;-48.175555555556;;55;
57dbac7b28328;Primário;OM;SP;São Paulo;São Paulo - SP;1230;KHz;B;-23.509722222222;-46.678333333333;23S30 35;46W40 42;-23.509722222222;-46.678333333333;;71;Principal
57dbac7b2c0b0;Primário;OM;TO;Tocantinópolis;Tocantinópolis - TO;660;KHz;C;-6.3294444444443;-47.416388888889;6S19 46;47W24 59;-6.3294444444443;-47.416388888889;;80;
57dbac7b2e731;Primário;OM;MA;Água Doce do Maranhão;Água Doce do Maranhão - MA;850;KHz;C;-2.8405555555555;-42.112222222222;2S50 26;42W06 44;-2.8405555555555;-42.112222222222;;90;
57dbac7b30d8f;Primário;OM;RS;Pinhal da Serra;Pinhal da Serra - RS;1340;KHz;C;-27.875;-51.172222222222;27S52 30;51W10 20;-27.875;-51.172222222222;;56;
57dbac7b33156;Primário;OM;PA;Ulianópolis;Ulianópolis - PA;610;KHz;C;-3.7567083333333;-47.500933333333;3S45 24;47W30 03;-3.7567083333333;-47.500933333333;;65;
57dbac7b3553e;Primário;OM;MG;Juiz de Fora;Juiz de Fora - MG;1380;KHz;C;-21.764336111111;-43.350041666667;21S45 52;43W21 00;-21.764336111111;-43.350041666667;;48;
57dbac7b3790b;Primário;OM;PR;Pato Branco;Pato Branco - PR;970;KHz;C;-26.229463888889;-52.670372222222;26S13 46;52W40 13;-26.229463888889;-52.670372222222;;85;
57dbac7b39d55;Primário;OM;RS;Eldorado do Sul;Eldorado do Sul - RS;1470;KHz;C;-30.084458333333;-51.615338888889;30S05 04;51W36 55;-30.084458333333;-51.615338888889;;49;
57dbac6b65c67;Primário;OM;PR;Curitiba;Curitiba - PR;670;KHz;B;-25.49255;-49.15345;25S29 33;49W09 12;-25.49255;-49.15345;;92;Principal
66def16e73a48;Primário;OM;BA;Campo Formoso;Campo Formoso - BA;1390;KHz;C;-10.508888888889;-40.320555555556;10S30 32;40W19 14;-10.508888888889;-40.320555555556;;60;
6703b3b0a0b37;Primário;OM;RS;São Valentim;São Valentim - RS;1550;KHz;C;-27.516666666667;-52.516666666667;27S31 00;52W31 00;-27.516666666667;-52.516666666667;;60;
